index,type,size,datatype,number of elements
1,h2d,16,double,2
2,h2d,16,double,2
3,h2d,16,double,2
4,h2d,16,double,2
5,h2d,16,double,2
6,h2d,16,double,2
7,h2d,16,double,2
8,h2d,16,double,2
9,h2d,16,double,2
10,h2d,8,int,2
11,h2d,1229600,double,153700
12,h2d,1229600,double,153700
13,h2d,1229600,double,153700
14,h2d,1229600,double,153700
15,d2h,2048,double,256
16,d2h,2048,double,256
17,d2h,2048,double,256
18,d2h,2048,double,256
19,d2h,2048,double,256
20,h2d,1229600,double,153700
21,h2d,1229600,double,153700
22,h2d,1229600,double,153700
23,h2d,1229600,double,153700
24,h2d,1229600,double,153700
25,h2d,1229600,double,153700
26,h2d,1229600,double,153700
27,h2d,1229600,double,153700
28,d2h,2048,double,256
29,h2d,1229600,double,153700
30,h2d,1229600,double,153700
31,h2d,1229600,double,153700
32,h2d,1229600,double,153700
33,h2d,1229600,double,153700
34,h2d,1229600,double,153700
35,h2d,1229600,double,153700
36,h2d,1229600,double,153700
37,h2d,1229600,double,153700
38,h2d,1229600,double,153700
39,h2d,1229600,double,153700
40,h2d,1229600,double,153700
41,h2d,1229600,double,153700
42,h2d,1229600,double,153700
43,h2d,1229600,double,153700
44,h2d,1229600,double,153700
45,h2d,1229600,double,153700
46,h2d,1229600,double,153700
47,h2d,1229600,double,153700
48,h2d,1229600,double,153700
49,h2d,1229600,double,153700
50,h2d,1229600,double,153700
51,h2d,1229600,double,153700
52,h2d,1229600,double,153700
53,d2h,2048,double,256
54,h2d,1229600,double,153700
55,h2d,1229600,double,153700
56,h2d,1229600,double,153700
57,h2d,1229600,double,153700
58,h2d,1229600,double,153700
59,h2d,1229600,double,153700
60,h2d,1229600,double,153700
61,h2d,1229600,double,153700
62,h2d,1229600,double,153700
63,h2d,1229600,double,153700
64,h2d,1229600,double,153700
65,h2d,1229600,double,153700
66,h2d,1229600,double,153700
67,h2d,1229600,double,153700
68,h2d,1229600,double,153700
69,h2d,1229600,double,153700
70,h2d,1229600,double,153700
71,h2d,1229600,double,153700
72,h2d,1229600,double,153700
73,h2d,1229600,double,153700
74,h2d,1229600,double,153700
75,h2d,1229600,double,153700
76,h2d,1229600,double,153700
77,h2d,1229600,double,153700
78,d2h,2048,double,256
79,h2d,1229600,double,153700
80,h2d,1229600,double,153700
81,h2d,1229600,double,153700
82,h2d,1229600,double,153700
83,h2d,1229600,double,153700
84,h2d,1229600,double,153700
85,h2d,1229600,double,153700
86,h2d,1229600,double,153700
87,h2d,1229600,double,153700
88,h2d,1229600,double,153700
89,h2d,1229600,double,153700
90,h2d,1229600,double,153700
91,h2d,1229600,double,153700
92,h2d,1229600,double,153700
93,h2d,1229600,double,153700
94,h2d,1229600,double,153700
95,h2d,1229600,double,153700
96,h2d,1229600,double,153700
97,h2d,1229600,double,153700
98,h2d,1229600,double,153700
99,h2d,1229600,double,153700
100,h2d,1229600,double,153700
101,h2d,1229600,double,153700
102,h2d,1229600,double,153700
103,d2h,2048,double,256
104,h2d,1229600,double,153700
105,h2d,1229600,double,153700
106,h2d,1229600,double,153700
107,h2d,1229600,double,153700
108,h2d,1229600,double,153700
109,h2d,1229600,double,153700
110,h2d,1229600,double,153700
111,h2d,1229600,double,153700
112,h2d,1229600,double,153700
113,h2d,1229600,double,153700
114,h2d,1229600,double,153700
115,h2d,1229600,double,153700
116,h2d,1229600,double,153700
117,h2d,1229600,double,153700
118,h2d,1229600,double,153700
119,h2d,1229600,double,153700
120,h2d,1229600,double,153700
121,h2d,1229600,double,153700
122,h2d,1229600,double,153700
123,h2d,1229600,double,153700
124,h2d,1229600,double,153700
125,h2d,1229600,double,153700
126,h2d,1229600,double,153700
127,h2d,1229600,double,153700
128,d2h,2048,double,256
129,h2d,1229600,double,153700
130,h2d,1229600,double,153700
131,h2d,1229600,double,153700
132,h2d,1229600,double,153700
133,h2d,1229600,double,153700
134,h2d,1229600,double,153700
135,h2d,1229600,double,153700
136,h2d,1229600,double,153700
137,h2d,1229600,double,153700
138,h2d,1229600,double,153700
139,h2d,1229600,double,153700
140,h2d,1229600,double,153700
141,h2d,1229600,double,153700
142,h2d,1229600,double,153700
143,h2d,1229600,double,153700
144,h2d,1229600,double,153700
145,h2d,1229600,double,153700
146,h2d,1229600,double,153700
147,h2d,1229600,double,153700
148,h2d,1229600,double,153700
149,h2d,1229600,double,153700
150,h2d,1229600,double,153700
151,h2d,1229600,double,153700
152,h2d,1229600,double,153700
153,d2h,2048,double,256
154,h2d,1229600,double,153700
155,h2d,1229600,double,153700
156,h2d,1229600,double,153700
157,h2d,1229600,double,153700
158,h2d,1229600,double,153700
159,h2d,1229600,double,153700
160,h2d,1229600,double,153700
161,h2d,1229600,double,153700
162,h2d,1229600,double,153700
163,h2d,1229600,double,153700
164,h2d,1229600,double,153700
165,h2d,1229600,double,153700
166,h2d,1229600,double,153700
167,h2d,1229600,double,153700
168,h2d,1229600,double,153700
169,h2d,1229600,double,153700
170,h2d,1229600,double,153700
171,h2d,1229600,double,153700
172,h2d,1229600,double,153700
173,h2d,1229600,double,153700
174,h2d,1229600,double,153700
175,h2d,1229600,double,153700
176,h2d,1229600,double,153700
177,h2d,1229600,double,153700
178,d2h,2048,double,256
179,h2d,1229600,double,153700
180,h2d,1229600,double,153700
181,h2d,1229600,double,153700
182,h2d,1229600,double,153700
183,h2d,1229600,double,153700
184,h2d,1229600,double,153700
185,h2d,1229600,double,153700
186,h2d,1229600,double,153700
187,h2d,1229600,double,153700
188,h2d,1229600,double,153700
189,h2d,1229600,double,153700
190,h2d,1229600,double,153700
191,h2d,1229600,double,153700
192,h2d,1229600,double,153700
193,h2d,1229600,double,153700
194,h2d,1229600,double,153700
195,h2d,1229600,double,153700
196,h2d,1229600,double,153700
197,h2d,1229600,double,153700
198,h2d,1229600,double,153700
199,h2d,1229600,double,153700
200,h2d,1229600,double,153700
201,h2d,1229600,double,153700
202,h2d,1229600,double,153700
203,d2h,2048,double,256
204,h2d,1229600,double,153700
205,h2d,1229600,double,153700
206,h2d,1229600,double,153700
207,h2d,1229600,double,153700
208,h2d,1229600,double,153700
209,h2d,1229600,double,153700
210,h2d,1229600,double,153700
211,h2d,1229600,double,153700
212,h2d,1229600,double,153700
213,h2d,1229600,double,153700
214,h2d,1229600,double,153700
215,h2d,1229600,double,153700
216,h2d,1229600,double,153700
217,h2d,1229600,double,153700
218,h2d,1229600,double,153700
219,h2d,1229600,double,153700
220,h2d,1229600,double,153700
221,h2d,1229600,double,153700
222,h2d,1229600,double,153700
223,h2d,1229600,double,153700
224,h2d,1229600,double,153700
225,h2d,1229600,double,153700
226,h2d,1229600,double,153700
227,h2d,1229600,double,153700
228,d2h,2048,double,256
229,h2d,1229600,double,153700
230,h2d,1229600,double,153700
231,h2d,1229600,double,153700
232,h2d,1229600,double,153700
233,h2d,1229600,double,153700
234,h2d,1229600,double,153700
235,h2d,1229600,double,153700
236,h2d,1229600,double,153700
237,h2d,1229600,double,153700
238,h2d,1229600,double,153700
239,h2d,1229600,double,153700
240,h2d,1229600,double,153700
241,h2d,1229600,double,153700
242,h2d,1229600,double,153700
243,h2d,1229600,double,153700
244,h2d,1229600,double,153700
245,h2d,1229600,double,153700
246,h2d,1229600,double,153700
247,h2d,1229600,double,153700
248,h2d,1229600,double,153700
249,h2d,1229600,double,153700
250,h2d,1229600,double,153700
251,h2d,1229600,double,153700
252,h2d,1229600,double,153700
253,d2h,2048,double,256
254,h2d,1229600,double,153700
255,h2d,1229600,double,153700
256,h2d,1229600,double,153700
257,h2d,1229600,double,153700
258,h2d,1229600,double,153700
259,h2d,1229600,double,153700
260,h2d,1229600,double,153700
261,h2d,1229600,double,153700
262,h2d,1229600,double,153700
263,h2d,1229600,double,153700
264,h2d,1229600,double,153700
265,h2d,1229600,double,153700
266,h2d,1229600,double,153700
267,h2d,1229600,double,153700
268,h2d,1229600,double,153700
269,h2d,1229600,double,153700
270,d2h,2048,double,256
271,d2h,2048,double,256
272,d2h,2048,double,256
273,d2h,2048,double,256
274,d2h,2048,double,256
275,h2d,1229600,double,153700
276,h2d,1229600,double,153700
277,h2d,1229600,double,153700
278,h2d,1229600,double,153700
279,h2d,1229600,double,153700
280,h2d,1229600,double,153700
281,h2d,1229600,double,153700
282,h2d,1229600,double,153700
283,d2h,2048,double,256
284,h2d,1229600,double,153700
285,h2d,1229600,double,153700
286,h2d,1229600,double,153700
287,h2d,1229600,double,153700
288,h2d,1229600,double,153700
289,h2d,1229600,double,153700
290,h2d,1229600,double,153700
291,h2d,1229600,double,153700
292,h2d,1229600,double,153700
293,h2d,1229600,double,153700
294,h2d,1229600,double,153700
295,h2d,1229600,double,153700
296,h2d,1229600,double,153700
297,h2d,1229600,double,153700
298,h2d,1229600,double,153700
299,h2d,1229600,double,153700
300,h2d,1229600,double,153700
301,h2d,1229600,double,153700
302,h2d,1229600,double,153700
303,h2d,1229600,double,153700
304,h2d,1229600,double,153700
305,h2d,1229600,double,153700
306,h2d,1229600,double,153700
307,h2d,1229600,double,153700
308,d2h,2048,double,256
309,h2d,1229600,double,153700
310,h2d,1229600,double,153700
311,h2d,1229600,double,153700
312,h2d,1229600,double,153700
313,h2d,1229600,double,153700
314,h2d,1229600,double,153700
315,h2d,1229600,double,153700
316,h2d,1229600,double,153700
317,h2d,1229600,double,153700
318,h2d,1229600,double,153700
319,h2d,1229600,double,153700
320,h2d,1229600,double,153700
321,h2d,1229600,double,153700
322,h2d,1229600,double,153700
323,h2d,1229600,double,153700
324,h2d,1229600,double,153700
325,h2d,1229600,double,153700
326,h2d,1229600,double,153700
327,h2d,1229600,double,153700
328,h2d,1229600,double,153700
329,h2d,1229600,double,153700
330,h2d,1229600,double,153700
331,h2d,1229600,double,153700
332,h2d,1229600,double,153700
333,d2h,2048,double,256
334,h2d,1229600,double,153700
335,h2d,1229600,double,153700
336,h2d,1229600,double,153700
337,h2d,1229600,double,153700
338,h2d,1229600,double,153700
339,h2d,1229600,double,153700
340,h2d,1229600,double,153700
341,h2d,1229600,double,153700
342,h2d,1229600,double,153700
343,h2d,1229600,double,153700
344,h2d,1229600,double,153700
345,h2d,1229600,double,153700
346,h2d,1229600,double,153700
347,h2d,1229600,double,153700
348,h2d,1229600,double,153700
349,h2d,1229600,double,153700
350,h2d,1229600,double,153700
351,h2d,1229600,double,153700
352,h2d,1229600,double,153700
353,h2d,1229600,double,153700
354,h2d,1229600,double,153700
355,h2d,1229600,double,153700
356,h2d,1229600,double,153700
357,h2d,1229600,double,153700
358,d2h,2048,double,256
359,h2d,1229600,double,153700
360,h2d,1229600,double,153700
361,h2d,1229600,double,153700
362,h2d,1229600,double,153700
363,h2d,1229600,double,153700
364,h2d,1229600,double,153700
365,h2d,1229600,double,153700
366,h2d,1229600,double,153700
367,h2d,1229600,double,153700
368,h2d,1229600,double,153700
369,h2d,1229600,double,153700
370,h2d,1229600,double,153700
371,h2d,1229600,double,153700
372,h2d,1229600,double,153700
373,h2d,1229600,double,153700
374,h2d,1229600,double,153700
375,h2d,1229600,double,153700
376,h2d,1229600,double,153700
377,h2d,1229600,double,153700
378,h2d,1229600,double,153700
379,h2d,1229600,double,153700
380,h2d,1229600,double,153700
381,h2d,1229600,double,153700
382,h2d,1229600,double,153700
383,d2h,2048,double,256
384,h2d,1229600,double,153700
385,h2d,1229600,double,153700
386,h2d,1229600,double,153700
387,h2d,1229600,double,153700
388,h2d,1229600,double,153700
389,h2d,1229600,double,153700
390,h2d,1229600,double,153700
391,h2d,1229600,double,153700
392,h2d,1229600,double,153700
393,h2d,1229600,double,153700
394,h2d,1229600,double,153700
395,h2d,1229600,double,153700
396,h2d,1229600,double,153700
397,h2d,1229600,double,153700
398,h2d,1229600,double,153700
399,h2d,1229600,double,153700
400,h2d,1229600,double,153700
401,h2d,1229600,double,153700
402,h2d,1229600,double,153700
403,h2d,1229600,double,153700
404,h2d,1229600,double,153700
405,h2d,1229600,double,153700
406,h2d,1229600,double,153700
407,h2d,1229600,double,153700
408,d2h,2048,double,256
409,h2d,1229600,double,153700
410,h2d,1229600,double,153700
411,h2d,1229600,double,153700
412,h2d,1229600,double,153700
413,h2d,1229600,double,153700
414,h2d,1229600,double,153700
415,h2d,1229600,double,153700
416,h2d,1229600,double,153700
417,h2d,1229600,double,153700
418,h2d,1229600,double,153700
419,h2d,1229600,double,153700
420,h2d,1229600,double,153700
421,h2d,1229600,double,153700
422,h2d,1229600,double,153700
423,h2d,1229600,double,153700
424,h2d,1229600,double,153700
425,h2d,1229600,double,153700
426,h2d,1229600,double,153700
427,h2d,1229600,double,153700
428,h2d,1229600,double,153700
429,h2d,1229600,double,153700
430,h2d,1229600,double,153700
431,h2d,1229600,double,153700
432,h2d,1229600,double,153700
433,d2h,2048,double,256
434,h2d,1229600,double,153700
435,h2d,1229600,double,153700
436,h2d,1229600,double,153700
437,h2d,1229600,double,153700
438,h2d,1229600,double,153700
439,h2d,1229600,double,153700
440,h2d,1229600,double,153700
441,h2d,1229600,double,153700
442,h2d,1229600,double,153700
443,h2d,1229600,double,153700
444,h2d,1229600,double,153700
445,h2d,1229600,double,153700
446,h2d,1229600,double,153700
447,h2d,1229600,double,153700
448,h2d,1229600,double,153700
449,h2d,1229600,double,153700
450,h2d,1229600,double,153700
451,h2d,1229600,double,153700
452,h2d,1229600,double,153700
453,h2d,1229600,double,153700
454,h2d,1229600,double,153700
455,h2d,1229600,double,153700
456,h2d,1229600,double,153700
457,h2d,1229600,double,153700
458,d2h,2048,double,256
459,h2d,1229600,double,153700
460,h2d,1229600,double,153700
461,h2d,1229600,double,153700
462,h2d,1229600,double,153700
463,h2d,1229600,double,153700
464,h2d,1229600,double,153700
465,h2d,1229600,double,153700
466,h2d,1229600,double,153700
467,h2d,1229600,double,153700
468,h2d,1229600,double,153700
469,h2d,1229600,double,153700
470,h2d,1229600,double,153700
471,h2d,1229600,double,153700
472,h2d,1229600,double,153700
473,h2d,1229600,double,153700
474,h2d,1229600,double,153700
475,h2d,1229600,double,153700
476,h2d,1229600,double,153700
477,h2d,1229600,double,153700
478,h2d,1229600,double,153700
479,h2d,1229600,double,153700
480,h2d,1229600,double,153700
481,h2d,1229600,double,153700
482,h2d,1229600,double,153700
483,d2h,2048,double,256
484,h2d,1229600,double,153700
485,h2d,1229600,double,153700
486,h2d,1229600,double,153700
487,h2d,1229600,double,153700
488,h2d,1229600,double,153700
489,h2d,1229600,double,153700
490,h2d,1229600,double,153700
491,h2d,1229600,double,153700
492,h2d,1229600,double,153700
493,h2d,1229600,double,153700
494,h2d,1229600,double,153700
495,h2d,1229600,double,153700
496,h2d,1229600,double,153700
497,h2d,1229600,double,153700
498,h2d,1229600,double,153700
499,h2d,1229600,double,153700
500,h2d,1229600,double,153700
501,h2d,1229600,double,153700
502,h2d,1229600,double,153700
503,h2d,1229600,double,153700
504,h2d,1229600,double,153700
505,h2d,1229600,double,153700
506,h2d,1229600,double,153700
507,h2d,1229600,double,153700
508,d2h,2048,double,256
509,h2d,1229600,double,153700
510,h2d,1229600,double,153700
511,h2d,1229600,double,153700
512,h2d,1229600,double,153700
513,h2d,1229600,double,153700
514,h2d,1229600,double,153700
515,h2d,1229600,double,153700
516,h2d,1229600,double,153700
517,h2d,1229600,double,153700
518,h2d,1229600,double,153700
519,h2d,1229600,double,153700
520,h2d,1229600,double,153700
521,h2d,1229600,double,153700
522,h2d,1229600,double,153700
523,h2d,1229600,double,153700
524,h2d,1229600,double,153700
525,d2h,2048,double,256
526,d2h,2048,double,256
527,d2h,2048,double,256
528,d2h,2048,double,256
529,d2h,2048,double,256
530,h2d,1229600,double,153700
531,h2d,1229600,double,153700
532,h2d,1229600,double,153700
533,h2d,1229600,double,153700
534,h2d,1229600,double,153700
535,h2d,1229600,double,153700
536,h2d,1229600,double,153700
537,h2d,1229600,double,153700
538,d2h,2048,double,256
539,h2d,1229600,double,153700
540,h2d,1229600,double,153700
541,h2d,1229600,double,153700
542,h2d,1229600,double,153700
543,h2d,1229600,double,153700
544,h2d,1229600,double,153700
545,h2d,1229600,double,153700
546,h2d,1229600,double,153700
547,h2d,1229600,double,153700
548,h2d,1229600,double,153700
549,h2d,1229600,double,153700
550,h2d,1229600,double,153700
551,h2d,1229600,double,153700
552,h2d,1229600,double,153700
553,h2d,1229600,double,153700
554,h2d,1229600,double,153700
555,h2d,1229600,double,153700
556,h2d,1229600,double,153700
557,h2d,1229600,double,153700
558,h2d,1229600,double,153700
559,h2d,1229600,double,153700
560,h2d,1229600,double,153700
561,h2d,1229600,double,153700
562,h2d,1229600,double,153700
563,d2h,2048,double,256
564,h2d,1229600,double,153700
565,h2d,1229600,double,153700
566,h2d,1229600,double,153700
567,h2d,1229600,double,153700
568,h2d,1229600,double,153700
569,h2d,1229600,double,153700
570,h2d,1229600,double,153700
571,h2d,1229600,double,153700
572,h2d,1229600,double,153700
573,h2d,1229600,double,153700
574,h2d,1229600,double,153700
575,h2d,1229600,double,153700
576,h2d,1229600,double,153700
577,h2d,1229600,double,153700
578,h2d,1229600,double,153700
579,h2d,1229600,double,153700
580,h2d,1229600,double,153700
581,h2d,1229600,double,153700
582,h2d,1229600,double,153700
583,h2d,1229600,double,153700
584,h2d,1229600,double,153700
585,h2d,1229600,double,153700
586,h2d,1229600,double,153700
587,h2d,1229600,double,153700
588,d2h,2048,double,256
589,h2d,1229600,double,153700
590,h2d,1229600,double,153700
591,h2d,1229600,double,153700
592,h2d,1229600,double,153700
593,h2d,1229600,double,153700
594,h2d,1229600,double,153700
595,h2d,1229600,double,153700
596,h2d,1229600,double,153700
597,h2d,1229600,double,153700
598,h2d,1229600,double,153700
599,h2d,1229600,double,153700
600,h2d,1229600,double,153700
601,h2d,1229600,double,153700
602,h2d,1229600,double,153700
603,h2d,1229600,double,153700
604,h2d,1229600,double,153700
605,h2d,1229600,double,153700
606,h2d,1229600,double,153700
607,h2d,1229600,double,153700
608,h2d,1229600,double,153700
609,h2d,1229600,double,153700
610,h2d,1229600,double,153700
611,h2d,1229600,double,153700
612,h2d,1229600,double,153700
613,d2h,2048,double,256
614,h2d,1229600,double,153700
615,h2d,1229600,double,153700
616,h2d,1229600,double,153700
617,h2d,1229600,double,153700
618,h2d,1229600,double,153700
619,h2d,1229600,double,153700
620,h2d,1229600,double,153700
621,h2d,1229600,double,153700
622,h2d,1229600,double,153700
623,h2d,1229600,double,153700
624,h2d,1229600,double,153700
625,h2d,1229600,double,153700
626,h2d,1229600,double,153700
627,h2d,1229600,double,153700
628,h2d,1229600,double,153700
629,h2d,1229600,double,153700
630,h2d,1229600,double,153700
631,h2d,1229600,double,153700
632,h2d,1229600,double,153700
633,h2d,1229600,double,153700
634,h2d,1229600,double,153700
635,h2d,1229600,double,153700
636,h2d,1229600,double,153700
637,h2d,1229600,double,153700
638,d2h,2048,double,256
639,h2d,1229600,double,153700
640,h2d,1229600,double,153700
641,h2d,1229600,double,153700
642,h2d,1229600,double,153700
643,h2d,1229600,double,153700
644,h2d,1229600,double,153700
645,h2d,1229600,double,153700
646,h2d,1229600,double,153700
647,h2d,1229600,double,153700
648,h2d,1229600,double,153700
649,h2d,1229600,double,153700
650,h2d,1229600,double,153700
651,h2d,1229600,double,153700
652,h2d,1229600,double,153700
653,h2d,1229600,double,153700
654,h2d,1229600,double,153700
655,h2d,1229600,double,153700
656,h2d,1229600,double,153700
657,h2d,1229600,double,153700
658,h2d,1229600,double,153700
659,h2d,1229600,double,153700
660,h2d,1229600,double,153700
661,h2d,1229600,double,153700
662,h2d,1229600,double,153700
663,d2h,2048,double,256
664,h2d,1229600,double,153700
665,h2d,1229600,double,153700
666,h2d,1229600,double,153700
667,h2d,1229600,double,153700
668,h2d,1229600,double,153700
669,h2d,1229600,double,153700
670,h2d,1229600,double,153700
671,h2d,1229600,double,153700
672,h2d,1229600,double,153700
673,h2d,1229600,double,153700
674,h2d,1229600,double,153700
675,h2d,1229600,double,153700
676,h2d,1229600,double,153700
677,h2d,1229600,double,153700
678,h2d,1229600,double,153700
679,h2d,1229600,double,153700
680,h2d,1229600,double,153700
681,h2d,1229600,double,153700
682,h2d,1229600,double,153700
683,h2d,1229600,double,153700
684,h2d,1229600,double,153700
685,h2d,1229600,double,153700
686,h2d,1229600,double,153700
687,h2d,1229600,double,153700
688,d2h,2048,double,256
689,h2d,1229600,double,153700
690,h2d,1229600,double,153700
691,h2d,1229600,double,153700
692,h2d,1229600,double,153700
693,h2d,1229600,double,153700
694,h2d,1229600,double,153700
695,h2d,1229600,double,153700
696,h2d,1229600,double,153700
697,h2d,1229600,double,153700
698,h2d,1229600,double,153700
699,h2d,1229600,double,153700
700,h2d,1229600,double,153700
701,h2d,1229600,double,153700
702,h2d,1229600,double,153700
703,h2d,1229600,double,153700
704,h2d,1229600,double,153700
705,h2d,1229600,double,153700
706,h2d,1229600,double,153700
707,h2d,1229600,double,153700
708,h2d,1229600,double,153700
709,h2d,1229600,double,153700
710,h2d,1229600,double,153700
711,h2d,1229600,double,153700
712,h2d,1229600,double,153700
713,d2h,2048,double,256
714,h2d,1229600,double,153700
715,h2d,1229600,double,153700
716,h2d,1229600,double,153700
717,h2d,1229600,double,153700
718,h2d,1229600,double,153700
719,h2d,1229600,double,153700
720,h2d,1229600,double,153700
721,h2d,1229600,double,153700
722,h2d,1229600,double,153700
723,h2d,1229600,double,153700
724,h2d,1229600,double,153700
725,h2d,1229600,double,153700
726,h2d,1229600,double,153700
727,h2d,1229600,double,153700
728,h2d,1229600,double,153700
729,h2d,1229600,double,153700
730,h2d,1229600,double,153700
731,h2d,1229600,double,153700
732,h2d,1229600,double,153700
733,h2d,1229600,double,153700
734,h2d,1229600,double,153700
735,h2d,1229600,double,153700
736,h2d,1229600,double,153700
737,h2d,1229600,double,153700
738,d2h,2048,double,256
739,h2d,1229600,double,153700
740,h2d,1229600,double,153700
741,h2d,1229600,double,153700
742,h2d,1229600,double,153700
743,h2d,1229600,double,153700
744,h2d,1229600,double,153700
745,h2d,1229600,double,153700
746,h2d,1229600,double,153700
747,h2d,1229600,double,153700
748,h2d,1229600,double,153700
749,h2d,1229600,double,153700
750,h2d,1229600,double,153700
751,h2d,1229600,double,153700
752,h2d,1229600,double,153700
753,h2d,1229600,double,153700
754,h2d,1229600,double,153700
755,h2d,1229600,double,153700
756,h2d,1229600,double,153700
757,h2d,1229600,double,153700
758,h2d,1229600,double,153700
759,h2d,1229600,double,153700
760,h2d,1229600,double,153700
761,h2d,1229600,double,153700
762,h2d,1229600,double,153700
763,d2h,2048,double,256
764,h2d,1229600,double,153700
765,h2d,1229600,double,153700
766,h2d,1229600,double,153700
767,h2d,1229600,double,153700
768,h2d,1229600,double,153700
769,h2d,1229600,double,153700
770,h2d,1229600,double,153700
771,h2d,1229600,double,153700
772,h2d,1229600,double,153700
773,h2d,1229600,double,153700
774,h2d,1229600,double,153700
775,h2d,1229600,double,153700
776,h2d,1229600,double,153700
777,h2d,1229600,double,153700
778,h2d,1229600,double,153700
779,h2d,1229600,double,153700
780,d2h,2048,double,256
781,d2h,2048,double,256
782,d2h,2048,double,256
783,d2h,2048,double,256
784,d2h,2048,double,256
785,h2d,1229600,double,153700
786,h2d,1229600,double,153700
787,h2d,1229600,double,153700
788,h2d,1229600,double,153700
789,h2d,1229600,double,153700
790,h2d,1229600,double,153700
791,h2d,1229600,double,153700
792,h2d,1229600,double,153700
793,d2h,2048,double,256
794,h2d,1229600,double,153700
795,h2d,1229600,double,153700
796,h2d,1229600,double,153700
797,h2d,1229600,double,153700
798,h2d,1229600,double,153700
799,h2d,1229600,double,153700
800,h2d,1229600,double,153700
801,h2d,1229600,double,153700
802,h2d,1229600,double,153700
803,h2d,1229600,double,153700
804,h2d,1229600,double,153700
805,h2d,1229600,double,153700
806,h2d,1229600,double,153700
807,h2d,1229600,double,153700
808,h2d,1229600,double,153700
809,h2d,1229600,double,153700
810,h2d,1229600,double,153700
811,h2d,1229600,double,153700
812,h2d,1229600,double,153700
813,h2d,1229600,double,153700
814,h2d,1229600,double,153700
815,h2d,1229600,double,153700
816,h2d,1229600,double,153700
817,h2d,1229600,double,153700
818,d2h,2048,double,256
819,h2d,1229600,double,153700
820,h2d,1229600,double,153700
821,h2d,1229600,double,153700
822,h2d,1229600,double,153700
823,h2d,1229600,double,153700
824,h2d,1229600,double,153700
825,h2d,1229600,double,153700
826,h2d,1229600,double,153700
827,h2d,1229600,double,153700
828,h2d,1229600,double,153700
829,h2d,1229600,double,153700
830,h2d,1229600,double,153700
831,h2d,1229600,double,153700
832,h2d,1229600,double,153700
833,h2d,1229600,double,153700
834,h2d,1229600,double,153700
835,h2d,1229600,double,153700
836,h2d,1229600,double,153700
837,h2d,1229600,double,153700
838,h2d,1229600,double,153700
839,h2d,1229600,double,153700
840,h2d,1229600,double,153700
841,h2d,1229600,double,153700
842,h2d,1229600,double,153700
843,d2h,2048,double,256
844,h2d,1229600,double,153700
845,h2d,1229600,double,153700
846,h2d,1229600,double,153700
847,h2d,1229600,double,153700
848,h2d,1229600,double,153700
849,h2d,1229600,double,153700
850,h2d,1229600,double,153700
851,h2d,1229600,double,153700
852,h2d,1229600,double,153700
853,h2d,1229600,double,153700
854,h2d,1229600,double,153700
855,h2d,1229600,double,153700
856,h2d,1229600,double,153700
857,h2d,1229600,double,153700
858,h2d,1229600,double,153700
859,h2d,1229600,double,153700
860,h2d,1229600,double,153700
861,h2d,1229600,double,153700
862,h2d,1229600,double,153700
863,h2d,1229600,double,153700
864,h2d,1229600,double,153700
865,h2d,1229600,double,153700
866,h2d,1229600,double,153700
867,h2d,1229600,double,153700
868,d2h,2048,double,256
869,h2d,1229600,double,153700
870,h2d,1229600,double,153700
871,h2d,1229600,double,153700
872,h2d,1229600,double,153700
873,h2d,1229600,double,153700
874,h2d,1229600,double,153700
875,h2d,1229600,double,153700
876,h2d,1229600,double,153700
877,h2d,1229600,double,153700
878,h2d,1229600,double,153700
879,h2d,1229600,double,153700
880,h2d,1229600,double,153700
881,h2d,1229600,double,153700
882,h2d,1229600,double,153700
883,h2d,1229600,double,153700
884,h2d,1229600,double,153700
885,h2d,1229600,double,153700
886,h2d,1229600,double,153700
887,h2d,1229600,double,153700
888,h2d,1229600,double,153700
889,h2d,1229600,double,153700
890,h2d,1229600,double,153700
891,h2d,1229600,double,153700
892,h2d,1229600,double,153700
893,d2h,2048,double,256
894,h2d,1229600,double,153700
895,h2d,1229600,double,153700
896,h2d,1229600,double,153700
897,h2d,1229600,double,153700
898,h2d,1229600,double,153700
899,h2d,1229600,double,153700
900,h2d,1229600,double,153700
901,h2d,1229600,double,153700
902,h2d,1229600,double,153700
903,h2d,1229600,double,153700
904,h2d,1229600,double,153700
905,h2d,1229600,double,153700
906,h2d,1229600,double,153700
907,h2d,1229600,double,153700
908,h2d,1229600,double,153700
909,h2d,1229600,double,153700
910,h2d,1229600,double,153700
911,h2d,1229600,double,153700
912,h2d,1229600,double,153700
913,h2d,1229600,double,153700
914,h2d,1229600,double,153700
915,h2d,1229600,double,153700
916,h2d,1229600,double,153700
917,h2d,1229600,double,153700
918,d2h,2048,double,256
919,h2d,1229600,double,153700
920,h2d,1229600,double,153700
921,h2d,1229600,double,153700
922,h2d,1229600,double,153700
923,h2d,1229600,double,153700
924,h2d,1229600,double,153700
925,h2d,1229600,double,153700
926,h2d,1229600,double,153700
927,h2d,1229600,double,153700
928,h2d,1229600,double,153700
929,h2d,1229600,double,153700
930,h2d,1229600,double,153700
931,h2d,1229600,double,153700
932,h2d,1229600,double,153700
933,h2d,1229600,double,153700
934,h2d,1229600,double,153700
935,h2d,1229600,double,153700
936,h2d,1229600,double,153700
937,h2d,1229600,double,153700
938,h2d,1229600,double,153700
939,h2d,1229600,double,153700
940,h2d,1229600,double,153700
941,h2d,1229600,double,153700
942,h2d,1229600,double,153700
943,d2h,2048,double,256
944,h2d,1229600,double,153700
945,h2d,1229600,double,153700
946,h2d,1229600,double,153700
947,h2d,1229600,double,153700
948,h2d,1229600,double,153700
949,h2d,1229600,double,153700
950,h2d,1229600,double,153700
951,h2d,1229600,double,153700
952,h2d,1229600,double,153700
953,h2d,1229600,double,153700
954,h2d,1229600,double,153700
955,h2d,1229600,double,153700
956,h2d,1229600,double,153700
957,h2d,1229600,double,153700
958,h2d,1229600,double,153700
959,h2d,1229600,double,153700
960,h2d,1229600,double,153700
961,h2d,1229600,double,153700
962,h2d,1229600,double,153700
963,h2d,1229600,double,153700
964,h2d,1229600,double,153700
965,h2d,1229600,double,153700
966,h2d,1229600,double,153700
967,h2d,1229600,double,153700
968,d2h,2048,double,256
969,h2d,1229600,double,153700
970,h2d,1229600,double,153700
971,h2d,1229600,double,153700
972,h2d,1229600,double,153700
973,h2d,1229600,double,153700
974,h2d,1229600,double,153700
975,h2d,1229600,double,153700
976,h2d,1229600,double,153700
977,h2d,1229600,double,153700
978,h2d,1229600,double,153700
979,h2d,1229600,double,153700
980,h2d,1229600,double,153700
981,h2d,1229600,double,153700
982,h2d,1229600,double,153700
983,h2d,1229600,double,153700
984,h2d,1229600,double,153700
985,h2d,1229600,double,153700
986,h2d,1229600,double,153700
987,h2d,1229600,double,153700
988,h2d,1229600,double,153700
989,h2d,1229600,double,153700
990,h2d,1229600,double,153700
991,h2d,1229600,double,153700
992,h2d,1229600,double,153700
993,d2h,2048,double,256
994,h2d,1229600,double,153700
995,h2d,1229600,double,153700
996,h2d,1229600,double,153700
997,h2d,1229600,double,153700
998,h2d,1229600,double,153700
999,h2d,1229600,double,153700
1000,h2d,1229600,double,153700
1001,h2d,1229600,double,153700
1002,h2d,1229600,double,153700
1003,h2d,1229600,double,153700
1004,h2d,1229600,double,153700
1005,h2d,1229600,double,153700
1006,h2d,1229600,double,153700
1007,h2d,1229600,double,153700
1008,h2d,1229600,double,153700
1009,h2d,1229600,double,153700
1010,h2d,1229600,double,153700
1011,h2d,1229600,double,153700
1012,h2d,1229600,double,153700
1013,h2d,1229600,double,153700
1014,h2d,1229600,double,153700
1015,h2d,1229600,double,153700
1016,h2d,1229600,double,153700
1017,h2d,1229600,double,153700
1018,d2h,2048,double,256
1019,h2d,1229600,double,153700
1020,h2d,1229600,double,153700
1021,h2d,1229600,double,153700
1022,h2d,1229600,double,153700
1023,h2d,1229600,double,153700
1024,h2d,1229600,double,153700
1025,h2d,1229600,double,153700
1026,h2d,1229600,double,153700
1027,h2d,1229600,double,153700
1028,h2d,1229600,double,153700
1029,h2d,1229600,double,153700
1030,h2d,1229600,double,153700
1031,h2d,1229600,double,153700
1032,h2d,1229600,double,153700
1033,h2d,1229600,double,153700
1034,h2d,1229600,double,153700
1035,d2h,2048,double,256
1036,d2h,2048,double,256
1037,d2h,2048,double,256
1038,d2h,2048,double,256
1039,d2h,2048,double,256
1040,h2d,1229600,double,153700
1041,h2d,1229600,double,153700
1042,h2d,1229600,double,153700
1043,h2d,1229600,double,153700
1044,h2d,1229600,double,153700
1045,h2d,1229600,double,153700
1046,h2d,1229600,double,153700
1047,h2d,1229600,double,153700
1048,d2h,2048,double,256
1049,h2d,1229600,double,153700
1050,h2d,1229600,double,153700
1051,h2d,1229600,double,153700
1052,h2d,1229600,double,153700
1053,h2d,1229600,double,153700
1054,h2d,1229600,double,153700
1055,h2d,1229600,double,153700
1056,h2d,1229600,double,153700
1057,h2d,1229600,double,153700
1058,h2d,1229600,double,153700
1059,h2d,1229600,double,153700
1060,h2d,1229600,double,153700
1061,h2d,1229600,double,153700
1062,h2d,1229600,double,153700
1063,h2d,1229600,double,153700
1064,h2d,1229600,double,153700
1065,h2d,1229600,double,153700
1066,h2d,1229600,double,153700
1067,h2d,1229600,double,153700
1068,h2d,1229600,double,153700
1069,h2d,1229600,double,153700
1070,h2d,1229600,double,153700
1071,h2d,1229600,double,153700
1072,h2d,1229600,double,153700
1073,d2h,2048,double,256
1074,h2d,1229600,double,153700
1075,h2d,1229600,double,153700
1076,h2d,1229600,double,153700
1077,h2d,1229600,double,153700
1078,h2d,1229600,double,153700
1079,h2d,1229600,double,153700
1080,h2d,1229600,double,153700
1081,h2d,1229600,double,153700
1082,h2d,1229600,double,153700
1083,h2d,1229600,double,153700
1084,h2d,1229600,double,153700
1085,h2d,1229600,double,153700
1086,h2d,1229600,double,153700
1087,h2d,1229600,double,153700
1088,h2d,1229600,double,153700
1089,h2d,1229600,double,153700
1090,h2d,1229600,double,153700
1091,h2d,1229600,double,153700
1092,h2d,1229600,double,153700
1093,h2d,1229600,double,153700
1094,h2d,1229600,double,153700
1095,h2d,1229600,double,153700
1096,h2d,1229600,double,153700
1097,h2d,1229600,double,153700
1098,d2h,2048,double,256
1099,h2d,1229600,double,153700
1100,h2d,1229600,double,153700
1101,h2d,1229600,double,153700
1102,h2d,1229600,double,153700
1103,h2d,1229600,double,153700
1104,h2d,1229600,double,153700
1105,h2d,1229600,double,153700
1106,h2d,1229600,double,153700
1107,h2d,1229600,double,153700
1108,h2d,1229600,double,153700
1109,h2d,1229600,double,153700
1110,h2d,1229600,double,153700
1111,h2d,1229600,double,153700
1112,h2d,1229600,double,153700
1113,h2d,1229600,double,153700
1114,h2d,1229600,double,153700
1115,h2d,1229600,double,153700
1116,h2d,1229600,double,153700
1117,h2d,1229600,double,153700
1118,h2d,1229600,double,153700
1119,h2d,1229600,double,153700
1120,h2d,1229600,double,153700
1121,h2d,1229600,double,153700
1122,h2d,1229600,double,153700
1123,d2h,2048,double,256
1124,h2d,1229600,double,153700
1125,h2d,1229600,double,153700
1126,h2d,1229600,double,153700
1127,h2d,1229600,double,153700
1128,h2d,1229600,double,153700
1129,h2d,1229600,double,153700
1130,h2d,1229600,double,153700
1131,h2d,1229600,double,153700
1132,h2d,1229600,double,153700
1133,h2d,1229600,double,153700
1134,h2d,1229600,double,153700
1135,h2d,1229600,double,153700
1136,h2d,1229600,double,153700
1137,h2d,1229600,double,153700
1138,h2d,1229600,double,153700
1139,h2d,1229600,double,153700
1140,h2d,1229600,double,153700
1141,h2d,1229600,double,153700
1142,h2d,1229600,double,153700
1143,h2d,1229600,double,153700
1144,h2d,1229600,double,153700
1145,h2d,1229600,double,153700
1146,h2d,1229600,double,153700
1147,h2d,1229600,double,153700
1148,d2h,2048,double,256
1149,h2d,1229600,double,153700
1150,h2d,1229600,double,153700
1151,h2d,1229600,double,153700
1152,h2d,1229600,double,153700
1153,h2d,1229600,double,153700
1154,h2d,1229600,double,153700
1155,h2d,1229600,double,153700
1156,h2d,1229600,double,153700
1157,h2d,1229600,double,153700
1158,h2d,1229600,double,153700
1159,h2d,1229600,double,153700
1160,h2d,1229600,double,153700
1161,h2d,1229600,double,153700
1162,h2d,1229600,double,153700
1163,h2d,1229600,double,153700
1164,h2d,1229600,double,153700
1165,h2d,1229600,double,153700
1166,h2d,1229600,double,153700
1167,h2d,1229600,double,153700
1168,h2d,1229600,double,153700
1169,h2d,1229600,double,153700
1170,h2d,1229600,double,153700
1171,h2d,1229600,double,153700
1172,h2d,1229600,double,153700
1173,d2h,2048,double,256
1174,h2d,1229600,double,153700
1175,h2d,1229600,double,153700
1176,h2d,1229600,double,153700
1177,h2d,1229600,double,153700
1178,h2d,1229600,double,153700
1179,h2d,1229600,double,153700
1180,h2d,1229600,double,153700
1181,h2d,1229600,double,153700
1182,h2d,1229600,double,153700
1183,h2d,1229600,double,153700
1184,h2d,1229600,double,153700
1185,h2d,1229600,double,153700
1186,h2d,1229600,double,153700
1187,h2d,1229600,double,153700
1188,h2d,1229600,double,153700
1189,h2d,1229600,double,153700
1190,h2d,1229600,double,153700
1191,h2d,1229600,double,153700
1192,h2d,1229600,double,153700
1193,h2d,1229600,double,153700
1194,h2d,1229600,double,153700
1195,h2d,1229600,double,153700
1196,h2d,1229600,double,153700
1197,h2d,1229600,double,153700
1198,d2h,2048,double,256
1199,h2d,1229600,double,153700
1200,h2d,1229600,double,153700
1201,h2d,1229600,double,153700
1202,h2d,1229600,double,153700
1203,h2d,1229600,double,153700
1204,h2d,1229600,double,153700
1205,h2d,1229600,double,153700
1206,h2d,1229600,double,153700
1207,h2d,1229600,double,153700
1208,h2d,1229600,double,153700
1209,h2d,1229600,double,153700
1210,h2d,1229600,double,153700
1211,h2d,1229600,double,153700
1212,h2d,1229600,double,153700
1213,h2d,1229600,double,153700
1214,h2d,1229600,double,153700
1215,h2d,1229600,double,153700
1216,h2d,1229600,double,153700
1217,h2d,1229600,double,153700
1218,h2d,1229600,double,153700
1219,h2d,1229600,double,153700
1220,h2d,1229600,double,153700
1221,h2d,1229600,double,153700
1222,h2d,1229600,double,153700
1223,d2h,2048,double,256
1224,h2d,1229600,double,153700
1225,h2d,1229600,double,153700
1226,h2d,1229600,double,153700
1227,h2d,1229600,double,153700
1228,h2d,1229600,double,153700
1229,h2d,1229600,double,153700
1230,h2d,1229600,double,153700
1231,h2d,1229600,double,153700
1232,h2d,1229600,double,153700
1233,h2d,1229600,double,153700
1234,h2d,1229600,double,153700
1235,h2d,1229600,double,153700
1236,h2d,1229600,double,153700
1237,h2d,1229600,double,153700
1238,h2d,1229600,double,153700
1239,h2d,1229600,double,153700
1240,h2d,1229600,double,153700
1241,h2d,1229600,double,153700
1242,h2d,1229600,double,153700
1243,h2d,1229600,double,153700
1244,h2d,1229600,double,153700
1245,h2d,1229600,double,153700
1246,h2d,1229600,double,153700
1247,h2d,1229600,double,153700
1248,d2h,2048,double,256
1249,h2d,1229600,double,153700
1250,h2d,1229600,double,153700
1251,h2d,1229600,double,153700
1252,h2d,1229600,double,153700
1253,h2d,1229600,double,153700
1254,h2d,1229600,double,153700
1255,h2d,1229600,double,153700
1256,h2d,1229600,double,153700
1257,h2d,1229600,double,153700
1258,h2d,1229600,double,153700
1259,h2d,1229600,double,153700
1260,h2d,1229600,double,153700
1261,h2d,1229600,double,153700
1262,h2d,1229600,double,153700
1263,h2d,1229600,double,153700
1264,h2d,1229600,double,153700
1265,h2d,1229600,double,153700
1266,h2d,1229600,double,153700
1267,h2d,1229600,double,153700
1268,h2d,1229600,double,153700
1269,h2d,1229600,double,153700
1270,h2d,1229600,double,153700
1271,h2d,1229600,double,153700
1272,h2d,1229600,double,153700
1273,d2h,2048,double,256
1274,h2d,1229600,double,153700
1275,h2d,1229600,double,153700
1276,h2d,1229600,double,153700
1277,h2d,1229600,double,153700
1278,h2d,1229600,double,153700
1279,h2d,1229600,double,153700
1280,h2d,1229600,double,153700
1281,h2d,1229600,double,153700
1282,h2d,1229600,double,153700
1283,h2d,1229600,double,153700
1284,h2d,1229600,double,153700
1285,h2d,1229600,double,153700
1286,h2d,1229600,double,153700
1287,h2d,1229600,double,153700
1288,h2d,1229600,double,153700
1289,h2d,1229600,double,153700
1290,d2h,2048,double,256
1291,d2h,2048,double,256
1292,d2h,2048,double,256
1293,d2h,2048,double,256
1294,d2h,2048,double,256
1295,h2d,1229600,double,153700
1296,h2d,1229600,double,153700
1297,h2d,1229600,double,153700
1298,h2d,1229600,double,153700
1299,h2d,1229600,double,153700
1300,h2d,1229600,double,153700
1301,h2d,1229600,double,153700
1302,h2d,1229600,double,153700
1303,d2h,2048,double,256
1304,h2d,1229600,double,153700
1305,h2d,1229600,double,153700
1306,h2d,1229600,double,153700
1307,h2d,1229600,double,153700
1308,h2d,1229600,double,153700
1309,h2d,1229600,double,153700
1310,h2d,1229600,double,153700
1311,h2d,1229600,double,153700
1312,h2d,1229600,double,153700
1313,h2d,1229600,double,153700
1314,h2d,1229600,double,153700
1315,h2d,1229600,double,153700
1316,h2d,1229600,double,153700
1317,h2d,1229600,double,153700
1318,h2d,1229600,double,153700
1319,h2d,1229600,double,153700
1320,h2d,1229600,double,153700
1321,h2d,1229600,double,153700
1322,h2d,1229600,double,153700
1323,h2d,1229600,double,153700
1324,h2d,1229600,double,153700
1325,h2d,1229600,double,153700
1326,h2d,1229600,double,153700
1327,h2d,1229600,double,153700
1328,d2h,2048,double,256
1329,h2d,1229600,double,153700
1330,h2d,1229600,double,153700
1331,h2d,1229600,double,153700
1332,h2d,1229600,double,153700
1333,h2d,1229600,double,153700
1334,h2d,1229600,double,153700
1335,h2d,1229600,double,153700
1336,h2d,1229600,double,153700
1337,h2d,1229600,double,153700
1338,h2d,1229600,double,153700
1339,h2d,1229600,double,153700
1340,h2d,1229600,double,153700
1341,h2d,1229600,double,153700
1342,h2d,1229600,double,153700
1343,h2d,1229600,double,153700
1344,h2d,1229600,double,153700
1345,h2d,1229600,double,153700
1346,h2d,1229600,double,153700
1347,h2d,1229600,double,153700
1348,h2d,1229600,double,153700
1349,h2d,1229600,double,153700
1350,h2d,1229600,double,153700
1351,h2d,1229600,double,153700
1352,h2d,1229600,double,153700
1353,d2h,2048,double,256
1354,h2d,1229600,double,153700
1355,h2d,1229600,double,153700
1356,h2d,1229600,double,153700
1357,h2d,1229600,double,153700
1358,h2d,1229600,double,153700
1359,h2d,1229600,double,153700
1360,h2d,1229600,double,153700
1361,h2d,1229600,double,153700
1362,h2d,1229600,double,153700
1363,h2d,1229600,double,153700
1364,h2d,1229600,double,153700
1365,h2d,1229600,double,153700
1366,h2d,1229600,double,153700
1367,h2d,1229600,double,153700
1368,h2d,1229600,double,153700
1369,h2d,1229600,double,153700
1370,h2d,1229600,double,153700
1371,h2d,1229600,double,153700
1372,h2d,1229600,double,153700
1373,h2d,1229600,double,153700
1374,h2d,1229600,double,153700
1375,h2d,1229600,double,153700
1376,h2d,1229600,double,153700
1377,h2d,1229600,double,153700
1378,d2h,2048,double,256
1379,h2d,1229600,double,153700
1380,h2d,1229600,double,153700
1381,h2d,1229600,double,153700
1382,h2d,1229600,double,153700
1383,h2d,1229600,double,153700
1384,h2d,1229600,double,153700
1385,h2d,1229600,double,153700
1386,h2d,1229600,double,153700
1387,h2d,1229600,double,153700
1388,h2d,1229600,double,153700
1389,h2d,1229600,double,153700
1390,h2d,1229600,double,153700
1391,h2d,1229600,double,153700
1392,h2d,1229600,double,153700
1393,h2d,1229600,double,153700
1394,h2d,1229600,double,153700
1395,h2d,1229600,double,153700
1396,h2d,1229600,double,153700
1397,h2d,1229600,double,153700
1398,h2d,1229600,double,153700
1399,h2d,1229600,double,153700
1400,h2d,1229600,double,153700
1401,h2d,1229600,double,153700
1402,h2d,1229600,double,153700
1403,d2h,2048,double,256
1404,h2d,1229600,double,153700
1405,h2d,1229600,double,153700
1406,h2d,1229600,double,153700
1407,h2d,1229600,double,153700
1408,h2d,1229600,double,153700
1409,h2d,1229600,double,153700
1410,h2d,1229600,double,153700
1411,h2d,1229600,double,153700
1412,h2d,1229600,double,153700
1413,h2d,1229600,double,153700
1414,h2d,1229600,double,153700
1415,h2d,1229600,double,153700
1416,h2d,1229600,double,153700
1417,h2d,1229600,double,153700
1418,h2d,1229600,double,153700
1419,h2d,1229600,double,153700
1420,h2d,1229600,double,153700
1421,h2d,1229600,double,153700
1422,h2d,1229600,double,153700
1423,h2d,1229600,double,153700
1424,h2d,1229600,double,153700
1425,h2d,1229600,double,153700
1426,h2d,1229600,double,153700
1427,h2d,1229600,double,153700
1428,d2h,2048,double,256
1429,h2d,1229600,double,153700
1430,h2d,1229600,double,153700
1431,h2d,1229600,double,153700
1432,h2d,1229600,double,153700
1433,h2d,1229600,double,153700
1434,h2d,1229600,double,153700
1435,h2d,1229600,double,153700
1436,h2d,1229600,double,153700
1437,h2d,1229600,double,153700
1438,h2d,1229600,double,153700
1439,h2d,1229600,double,153700
1440,h2d,1229600,double,153700
1441,h2d,1229600,double,153700
1442,h2d,1229600,double,153700
1443,h2d,1229600,double,153700
1444,h2d,1229600,double,153700
1445,h2d,1229600,double,153700
1446,h2d,1229600,double,153700
1447,h2d,1229600,double,153700
1448,h2d,1229600,double,153700
1449,h2d,1229600,double,153700
1450,h2d,1229600,double,153700
1451,h2d,1229600,double,153700
1452,h2d,1229600,double,153700
1453,d2h,2048,double,256
1454,h2d,1229600,double,153700
1455,h2d,1229600,double,153700
1456,h2d,1229600,double,153700
1457,h2d,1229600,double,153700
1458,h2d,1229600,double,153700
1459,h2d,1229600,double,153700
1460,h2d,1229600,double,153700
1461,h2d,1229600,double,153700
1462,h2d,1229600,double,153700
1463,h2d,1229600,double,153700
1464,h2d,1229600,double,153700
1465,h2d,1229600,double,153700
1466,h2d,1229600,double,153700
1467,h2d,1229600,double,153700
1468,h2d,1229600,double,153700
1469,h2d,1229600,double,153700
1470,h2d,1229600,double,153700
1471,h2d,1229600,double,153700
1472,h2d,1229600,double,153700
1473,h2d,1229600,double,153700
1474,h2d,1229600,double,153700
1475,h2d,1229600,double,153700
1476,h2d,1229600,double,153700
1477,h2d,1229600,double,153700
1478,d2h,2048,double,256
1479,h2d,1229600,double,153700
1480,h2d,1229600,double,153700
1481,h2d,1229600,double,153700
1482,h2d,1229600,double,153700
1483,h2d,1229600,double,153700
1484,h2d,1229600,double,153700
1485,h2d,1229600,double,153700
1486,h2d,1229600,double,153700
1487,h2d,1229600,double,153700
1488,h2d,1229600,double,153700
1489,h2d,1229600,double,153700
1490,h2d,1229600,double,153700
1491,h2d,1229600,double,153700
1492,h2d,1229600,double,153700
1493,h2d,1229600,double,153700
1494,h2d,1229600,double,153700
1495,h2d,1229600,double,153700
1496,h2d,1229600,double,153700
1497,h2d,1229600,double,153700
1498,h2d,1229600,double,153700
1499,h2d,1229600,double,153700
1500,h2d,1229600,double,153700
1501,h2d,1229600,double,153700
1502,h2d,1229600,double,153700
1503,d2h,2048,double,256
1504,h2d,1229600,double,153700
1505,h2d,1229600,double,153700
1506,h2d,1229600,double,153700
1507,h2d,1229600,double,153700
1508,h2d,1229600,double,153700
1509,h2d,1229600,double,153700
1510,h2d,1229600,double,153700
1511,h2d,1229600,double,153700
1512,h2d,1229600,double,153700
1513,h2d,1229600,double,153700
1514,h2d,1229600,double,153700
1515,h2d,1229600,double,153700
1516,h2d,1229600,double,153700
1517,h2d,1229600,double,153700
1518,h2d,1229600,double,153700
1519,h2d,1229600,double,153700
1520,h2d,1229600,double,153700
1521,h2d,1229600,double,153700
1522,h2d,1229600,double,153700
1523,h2d,1229600,double,153700
1524,h2d,1229600,double,153700
1525,h2d,1229600,double,153700
1526,h2d,1229600,double,153700
1527,h2d,1229600,double,153700
1528,d2h,2048,double,256
1529,h2d,1229600,double,153700
1530,h2d,1229600,double,153700
1531,h2d,1229600,double,153700
1532,h2d,1229600,double,153700
1533,h2d,1229600,double,153700
1534,h2d,1229600,double,153700
1535,h2d,1229600,double,153700
1536,h2d,1229600,double,153700
1537,h2d,1229600,double,153700
1538,h2d,1229600,double,153700
1539,h2d,1229600,double,153700
1540,h2d,1229600,double,153700
1541,h2d,1229600,double,153700
1542,h2d,1229600,double,153700
1543,h2d,1229600,double,153700
1544,h2d,1229600,double,153700
1545,d2h,2048,double,256
1546,d2h,2048,double,256
1547,d2h,2048,double,256
1548,d2h,2048,double,256
1549,d2h,2048,double,256
1550,h2d,1229600,double,153700
1551,h2d,1229600,double,153700
1552,h2d,1229600,double,153700
1553,h2d,1229600,double,153700
1554,h2d,1229600,double,153700
1555,h2d,1229600,double,153700
1556,h2d,1229600,double,153700
1557,h2d,1229600,double,153700
1558,d2h,2048,double,256
1559,h2d,1229600,double,153700
1560,h2d,1229600,double,153700
1561,h2d,1229600,double,153700
1562,h2d,1229600,double,153700
1563,h2d,1229600,double,153700
1564,h2d,1229600,double,153700
1565,h2d,1229600,double,153700
1566,h2d,1229600,double,153700
1567,h2d,1229600,double,153700
1568,h2d,1229600,double,153700
1569,h2d,1229600,double,153700
1570,h2d,1229600,double,153700
1571,h2d,1229600,double,153700
1572,h2d,1229600,double,153700
1573,h2d,1229600,double,153700
1574,h2d,1229600,double,153700
1575,h2d,1229600,double,153700
1576,h2d,1229600,double,153700
1577,h2d,1229600,double,153700
1578,h2d,1229600,double,153700
1579,h2d,1229600,double,153700
1580,h2d,1229600,double,153700
1581,h2d,1229600,double,153700
1582,h2d,1229600,double,153700
1583,d2h,2048,double,256
1584,h2d,1229600,double,153700
1585,h2d,1229600,double,153700
1586,h2d,1229600,double,153700
1587,h2d,1229600,double,153700
1588,h2d,1229600,double,153700
1589,h2d,1229600,double,153700
1590,h2d,1229600,double,153700
1591,h2d,1229600,double,153700
1592,h2d,1229600,double,153700
1593,h2d,1229600,double,153700
1594,h2d,1229600,double,153700
1595,h2d,1229600,double,153700
1596,h2d,1229600,double,153700
1597,h2d,1229600,double,153700
1598,h2d,1229600,double,153700
1599,h2d,1229600,double,153700
1600,h2d,1229600,double,153700
1601,h2d,1229600,double,153700
1602,h2d,1229600,double,153700
1603,h2d,1229600,double,153700
1604,h2d,1229600,double,153700
1605,h2d,1229600,double,153700
1606,h2d,1229600,double,153700
1607,h2d,1229600,double,153700
1608,d2h,2048,double,256
1609,h2d,1229600,double,153700
1610,h2d,1229600,double,153700
1611,h2d,1229600,double,153700
1612,h2d,1229600,double,153700
1613,h2d,1229600,double,153700
1614,h2d,1229600,double,153700
1615,h2d,1229600,double,153700
1616,h2d,1229600,double,153700
1617,h2d,1229600,double,153700
1618,h2d,1229600,double,153700
1619,h2d,1229600,double,153700
1620,h2d,1229600,double,153700
1621,h2d,1229600,double,153700
1622,h2d,1229600,double,153700
1623,h2d,1229600,double,153700
1624,h2d,1229600,double,153700
1625,h2d,1229600,double,153700
1626,h2d,1229600,double,153700
1627,h2d,1229600,double,153700
1628,h2d,1229600,double,153700
1629,h2d,1229600,double,153700
1630,h2d,1229600,double,153700
1631,h2d,1229600,double,153700
1632,h2d,1229600,double,153700
1633,d2h,2048,double,256
1634,h2d,1229600,double,153700
1635,h2d,1229600,double,153700
1636,h2d,1229600,double,153700
1637,h2d,1229600,double,153700
1638,h2d,1229600,double,153700
1639,h2d,1229600,double,153700
1640,h2d,1229600,double,153700
1641,h2d,1229600,double,153700
1642,h2d,1229600,double,153700
1643,h2d,1229600,double,153700
1644,h2d,1229600,double,153700
1645,h2d,1229600,double,153700
1646,h2d,1229600,double,153700
1647,h2d,1229600,double,153700
1648,h2d,1229600,double,153700
1649,h2d,1229600,double,153700
1650,h2d,1229600,double,153700
1651,h2d,1229600,double,153700
1652,h2d,1229600,double,153700
1653,h2d,1229600,double,153700
1654,h2d,1229600,double,153700
1655,h2d,1229600,double,153700
1656,h2d,1229600,double,153700
1657,h2d,1229600,double,153700
1658,d2h,2048,double,256
1659,h2d,1229600,double,153700
1660,h2d,1229600,double,153700
1661,h2d,1229600,double,153700
1662,h2d,1229600,double,153700
1663,h2d,1229600,double,153700
1664,h2d,1229600,double,153700
1665,h2d,1229600,double,153700
1666,h2d,1229600,double,153700
1667,h2d,1229600,double,153700
1668,h2d,1229600,double,153700
1669,h2d,1229600,double,153700
1670,h2d,1229600,double,153700
1671,h2d,1229600,double,153700
1672,h2d,1229600,double,153700
1673,h2d,1229600,double,153700
1674,h2d,1229600,double,153700
1675,h2d,1229600,double,153700
1676,h2d,1229600,double,153700
1677,h2d,1229600,double,153700
1678,h2d,1229600,double,153700
1679,h2d,1229600,double,153700
1680,h2d,1229600,double,153700
1681,h2d,1229600,double,153700
1682,h2d,1229600,double,153700
1683,d2h,2048,double,256
1684,h2d,1229600,double,153700
1685,h2d,1229600,double,153700
1686,h2d,1229600,double,153700
1687,h2d,1229600,double,153700
1688,h2d,1229600,double,153700
1689,h2d,1229600,double,153700
1690,h2d,1229600,double,153700
1691,h2d,1229600,double,153700
1692,h2d,1229600,double,153700
1693,h2d,1229600,double,153700
1694,h2d,1229600,double,153700
1695,h2d,1229600,double,153700
1696,h2d,1229600,double,153700
1697,h2d,1229600,double,153700
1698,h2d,1229600,double,153700
1699,h2d,1229600,double,153700
1700,h2d,1229600,double,153700
1701,h2d,1229600,double,153700
1702,h2d,1229600,double,153700
1703,h2d,1229600,double,153700
1704,h2d,1229600,double,153700
1705,h2d,1229600,double,153700
1706,h2d,1229600,double,153700
1707,h2d,1229600,double,153700
1708,d2h,2048,double,256
1709,h2d,1229600,double,153700
1710,h2d,1229600,double,153700
1711,h2d,1229600,double,153700
1712,h2d,1229600,double,153700
1713,h2d,1229600,double,153700
1714,h2d,1229600,double,153700
1715,h2d,1229600,double,153700
1716,h2d,1229600,double,153700
1717,h2d,1229600,double,153700
1718,h2d,1229600,double,153700
1719,h2d,1229600,double,153700
1720,h2d,1229600,double,153700
1721,h2d,1229600,double,153700
1722,h2d,1229600,double,153700
1723,h2d,1229600,double,153700
1724,h2d,1229600,double,153700
1725,h2d,1229600,double,153700
1726,h2d,1229600,double,153700
1727,h2d,1229600,double,153700
1728,h2d,1229600,double,153700
1729,h2d,1229600,double,153700
1730,h2d,1229600,double,153700
1731,h2d,1229600,double,153700
1732,h2d,1229600,double,153700
1733,d2h,2048,double,256
1734,h2d,1229600,double,153700
1735,h2d,1229600,double,153700
1736,h2d,1229600,double,153700
1737,h2d,1229600,double,153700
1738,h2d,1229600,double,153700
1739,h2d,1229600,double,153700
1740,h2d,1229600,double,153700
1741,h2d,1229600,double,153700
1742,h2d,1229600,double,153700
1743,h2d,1229600,double,153700
1744,h2d,1229600,double,153700
1745,h2d,1229600,double,153700
1746,h2d,1229600,double,153700
1747,h2d,1229600,double,153700
1748,h2d,1229600,double,153700
1749,h2d,1229600,double,153700
1750,h2d,1229600,double,153700
1751,h2d,1229600,double,153700
1752,h2d,1229600,double,153700
1753,h2d,1229600,double,153700
1754,h2d,1229600,double,153700
1755,h2d,1229600,double,153700
1756,h2d,1229600,double,153700
1757,h2d,1229600,double,153700
1758,d2h,2048,double,256
1759,h2d,1229600,double,153700
1760,h2d,1229600,double,153700
1761,h2d,1229600,double,153700
1762,h2d,1229600,double,153700
1763,h2d,1229600,double,153700
1764,h2d,1229600,double,153700
1765,h2d,1229600,double,153700
1766,h2d,1229600,double,153700
1767,h2d,1229600,double,153700
1768,h2d,1229600,double,153700
1769,h2d,1229600,double,153700
1770,h2d,1229600,double,153700
1771,h2d,1229600,double,153700
1772,h2d,1229600,double,153700
1773,h2d,1229600,double,153700
1774,h2d,1229600,double,153700
1775,h2d,1229600,double,153700
1776,h2d,1229600,double,153700
1777,h2d,1229600,double,153700
1778,h2d,1229600,double,153700
1779,h2d,1229600,double,153700
1780,h2d,1229600,double,153700
1781,h2d,1229600,double,153700
1782,h2d,1229600,double,153700
1783,d2h,2048,double,256
1784,h2d,1229600,double,153700
1785,h2d,1229600,double,153700
1786,h2d,1229600,double,153700
1787,h2d,1229600,double,153700
1788,h2d,1229600,double,153700
1789,h2d,1229600,double,153700
1790,h2d,1229600,double,153700
1791,h2d,1229600,double,153700
1792,h2d,1229600,double,153700
1793,h2d,1229600,double,153700
1794,h2d,1229600,double,153700
1795,h2d,1229600,double,153700
1796,h2d,1229600,double,153700
1797,h2d,1229600,double,153700
1798,h2d,1229600,double,153700
1799,h2d,1229600,double,153700
1800,d2h,2048,double,256
1801,d2h,2048,double,256
1802,d2h,2048,double,256
1803,d2h,2048,double,256
1804,d2h,2048,double,256
1805,h2d,1229600,double,153700
1806,h2d,1229600,double,153700
1807,h2d,1229600,double,153700
1808,h2d,1229600,double,153700
1809,h2d,1229600,double,153700
1810,h2d,1229600,double,153700
1811,h2d,1229600,double,153700
1812,h2d,1229600,double,153700
1813,d2h,2048,double,256
1814,h2d,1229600,double,153700
1815,h2d,1229600,double,153700
1816,h2d,1229600,double,153700
1817,h2d,1229600,double,153700
1818,h2d,1229600,double,153700
1819,h2d,1229600,double,153700
1820,h2d,1229600,double,153700
1821,h2d,1229600,double,153700
1822,h2d,1229600,double,153700
1823,h2d,1229600,double,153700
1824,h2d,1229600,double,153700
1825,h2d,1229600,double,153700
1826,h2d,1229600,double,153700
1827,h2d,1229600,double,153700
1828,h2d,1229600,double,153700
1829,h2d,1229600,double,153700
1830,h2d,1229600,double,153700
1831,h2d,1229600,double,153700
1832,h2d,1229600,double,153700
1833,h2d,1229600,double,153700
1834,h2d,1229600,double,153700
1835,h2d,1229600,double,153700
1836,h2d,1229600,double,153700
1837,h2d,1229600,double,153700
1838,d2h,2048,double,256
1839,h2d,1229600,double,153700
1840,h2d,1229600,double,153700
1841,h2d,1229600,double,153700
1842,h2d,1229600,double,153700
1843,h2d,1229600,double,153700
1844,h2d,1229600,double,153700
1845,h2d,1229600,double,153700
1846,h2d,1229600,double,153700
1847,h2d,1229600,double,153700
1848,h2d,1229600,double,153700
1849,h2d,1229600,double,153700
1850,h2d,1229600,double,153700
1851,h2d,1229600,double,153700
1852,h2d,1229600,double,153700
1853,h2d,1229600,double,153700
1854,h2d,1229600,double,153700
1855,h2d,1229600,double,153700
1856,h2d,1229600,double,153700
1857,h2d,1229600,double,153700
1858,h2d,1229600,double,153700
1859,h2d,1229600,double,153700
1860,h2d,1229600,double,153700
1861,h2d,1229600,double,153700
1862,h2d,1229600,double,153700
1863,d2h,2048,double,256
1864,h2d,1229600,double,153700
1865,h2d,1229600,double,153700
1866,h2d,1229600,double,153700
1867,h2d,1229600,double,153700
1868,h2d,1229600,double,153700
1869,h2d,1229600,double,153700
1870,h2d,1229600,double,153700
1871,h2d,1229600,double,153700
1872,h2d,1229600,double,153700
1873,h2d,1229600,double,153700
1874,h2d,1229600,double,153700
1875,h2d,1229600,double,153700
1876,h2d,1229600,double,153700
1877,h2d,1229600,double,153700
1878,h2d,1229600,double,153700
1879,h2d,1229600,double,153700
1880,h2d,1229600,double,153700
1881,h2d,1229600,double,153700
1882,h2d,1229600,double,153700
1883,h2d,1229600,double,153700
1884,h2d,1229600,double,153700
1885,h2d,1229600,double,153700
1886,h2d,1229600,double,153700
1887,h2d,1229600,double,153700
1888,d2h,2048,double,256
1889,h2d,1229600,double,153700
1890,h2d,1229600,double,153700
1891,h2d,1229600,double,153700
1892,h2d,1229600,double,153700
1893,h2d,1229600,double,153700
1894,h2d,1229600,double,153700
1895,h2d,1229600,double,153700
1896,h2d,1229600,double,153700
1897,h2d,1229600,double,153700
1898,h2d,1229600,double,153700
1899,h2d,1229600,double,153700
1900,h2d,1229600,double,153700
1901,h2d,1229600,double,153700
1902,h2d,1229600,double,153700
1903,h2d,1229600,double,153700
1904,h2d,1229600,double,153700
1905,h2d,1229600,double,153700
1906,h2d,1229600,double,153700
1907,h2d,1229600,double,153700
1908,h2d,1229600,double,153700
1909,h2d,1229600,double,153700
1910,h2d,1229600,double,153700
1911,h2d,1229600,double,153700
1912,h2d,1229600,double,153700
1913,d2h,2048,double,256
1914,h2d,1229600,double,153700
1915,h2d,1229600,double,153700
1916,h2d,1229600,double,153700
1917,h2d,1229600,double,153700
1918,h2d,1229600,double,153700
1919,h2d,1229600,double,153700
1920,h2d,1229600,double,153700
1921,h2d,1229600,double,153700
1922,h2d,1229600,double,153700
1923,h2d,1229600,double,153700
1924,h2d,1229600,double,153700
1925,h2d,1229600,double,153700
1926,h2d,1229600,double,153700
1927,h2d,1229600,double,153700
1928,h2d,1229600,double,153700
1929,h2d,1229600,double,153700
1930,h2d,1229600,double,153700
1931,h2d,1229600,double,153700
1932,h2d,1229600,double,153700
1933,h2d,1229600,double,153700
1934,h2d,1229600,double,153700
1935,h2d,1229600,double,153700
1936,h2d,1229600,double,153700
1937,h2d,1229600,double,153700
1938,d2h,2048,double,256
1939,h2d,1229600,double,153700
1940,h2d,1229600,double,153700
1941,h2d,1229600,double,153700
1942,h2d,1229600,double,153700
1943,h2d,1229600,double,153700
1944,h2d,1229600,double,153700
1945,h2d,1229600,double,153700
1946,h2d,1229600,double,153700
1947,h2d,1229600,double,153700
1948,h2d,1229600,double,153700
1949,h2d,1229600,double,153700
1950,h2d,1229600,double,153700
1951,h2d,1229600,double,153700
1952,h2d,1229600,double,153700
1953,h2d,1229600,double,153700
1954,h2d,1229600,double,153700
1955,h2d,1229600,double,153700
1956,h2d,1229600,double,153700
1957,h2d,1229600,double,153700
1958,h2d,1229600,double,153700
1959,h2d,1229600,double,153700
1960,h2d,1229600,double,153700
1961,h2d,1229600,double,153700
1962,h2d,1229600,double,153700
1963,d2h,2048,double,256
1964,h2d,1229600,double,153700
1965,h2d,1229600,double,153700
1966,h2d,1229600,double,153700
1967,h2d,1229600,double,153700
1968,h2d,1229600,double,153700
1969,h2d,1229600,double,153700
1970,h2d,1229600,double,153700
1971,h2d,1229600,double,153700
1972,h2d,1229600,double,153700
1973,h2d,1229600,double,153700
1974,h2d,1229600,double,153700
1975,h2d,1229600,double,153700
1976,h2d,1229600,double,153700
1977,h2d,1229600,double,153700
1978,h2d,1229600,double,153700
1979,h2d,1229600,double,153700
1980,h2d,1229600,double,153700
1981,h2d,1229600,double,153700
1982,h2d,1229600,double,153700
1983,h2d,1229600,double,153700
1984,h2d,1229600,double,153700
1985,h2d,1229600,double,153700
1986,h2d,1229600,double,153700
1987,h2d,1229600,double,153700
1988,d2h,2048,double,256
1989,h2d,1229600,double,153700
1990,h2d,1229600,double,153700
1991,h2d,1229600,double,153700
1992,h2d,1229600,double,153700
1993,h2d,1229600,double,153700
1994,h2d,1229600,double,153700
1995,h2d,1229600,double,153700
1996,h2d,1229600,double,153700
1997,h2d,1229600,double,153700
1998,h2d,1229600,double,153700
1999,h2d,1229600,double,153700
2000,h2d,1229600,double,153700
2001,h2d,1229600,double,153700
2002,h2d,1229600,double,153700
2003,h2d,1229600,double,153700
2004,h2d,1229600,double,153700
2005,h2d,1229600,double,153700
2006,h2d,1229600,double,153700
2007,h2d,1229600,double,153700
2008,h2d,1229600,double,153700
2009,h2d,1229600,double,153700
2010,h2d,1229600,double,153700
2011,h2d,1229600,double,153700
2012,h2d,1229600,double,153700
2013,d2h,2048,double,256
2014,h2d,1229600,double,153700
2015,h2d,1229600,double,153700
2016,h2d,1229600,double,153700
2017,h2d,1229600,double,153700
2018,h2d,1229600,double,153700
2019,h2d,1229600,double,153700
2020,h2d,1229600,double,153700
2021,h2d,1229600,double,153700
2022,h2d,1229600,double,153700
2023,h2d,1229600,double,153700
2024,h2d,1229600,double,153700
2025,h2d,1229600,double,153700
2026,h2d,1229600,double,153700
2027,h2d,1229600,double,153700
2028,h2d,1229600,double,153700
2029,h2d,1229600,double,153700
2030,h2d,1229600,double,153700
2031,h2d,1229600,double,153700
2032,h2d,1229600,double,153700
2033,h2d,1229600,double,153700
2034,h2d,1229600,double,153700
2035,h2d,1229600,double,153700
2036,h2d,1229600,double,153700
2037,h2d,1229600,double,153700
2038,d2h,2048,double,256
2039,h2d,1229600,double,153700
2040,h2d,1229600,double,153700
2041,h2d,1229600,double,153700
2042,h2d,1229600,double,153700
2043,h2d,1229600,double,153700
2044,h2d,1229600,double,153700
2045,h2d,1229600,double,153700
2046,h2d,1229600,double,153700
2047,h2d,1229600,double,153700
2048,h2d,1229600,double,153700
2049,h2d,1229600,double,153700
2050,h2d,1229600,double,153700
2051,h2d,1229600,double,153700
2052,h2d,1229600,double,153700
2053,h2d,1229600,double,153700
2054,h2d,1229600,double,153700
2055,d2h,2048,double,256
2056,d2h,2048,double,256
2057,d2h,2048,double,256
2058,d2h,2048,double,256
2059,d2h,2048,double,256
2060,h2d,1229600,double,153700
2061,h2d,1229600,double,153700
2062,h2d,1229600,double,153700
2063,h2d,1229600,double,153700
2064,h2d,1229600,double,153700
2065,h2d,1229600,double,153700
2066,h2d,1229600,double,153700
2067,h2d,1229600,double,153700
2068,d2h,2048,double,256
2069,h2d,1229600,double,153700
2070,h2d,1229600,double,153700
2071,h2d,1229600,double,153700
2072,h2d,1229600,double,153700
2073,h2d,1229600,double,153700
2074,h2d,1229600,double,153700
2075,h2d,1229600,double,153700
2076,h2d,1229600,double,153700
2077,h2d,1229600,double,153700
2078,h2d,1229600,double,153700
2079,h2d,1229600,double,153700
2080,h2d,1229600,double,153700
2081,h2d,1229600,double,153700
2082,h2d,1229600,double,153700
2083,h2d,1229600,double,153700
2084,h2d,1229600,double,153700
2085,h2d,1229600,double,153700
2086,h2d,1229600,double,153700
2087,h2d,1229600,double,153700
2088,h2d,1229600,double,153700
2089,h2d,1229600,double,153700
2090,h2d,1229600,double,153700
2091,h2d,1229600,double,153700
2092,h2d,1229600,double,153700
2093,d2h,2048,double,256
2094,h2d,1229600,double,153700
2095,h2d,1229600,double,153700
2096,h2d,1229600,double,153700
2097,h2d,1229600,double,153700
2098,h2d,1229600,double,153700
2099,h2d,1229600,double,153700
2100,h2d,1229600,double,153700
2101,h2d,1229600,double,153700
2102,h2d,1229600,double,153700
2103,h2d,1229600,double,153700
2104,h2d,1229600,double,153700
2105,h2d,1229600,double,153700
2106,h2d,1229600,double,153700
2107,h2d,1229600,double,153700
2108,h2d,1229600,double,153700
2109,h2d,1229600,double,153700
2110,h2d,1229600,double,153700
2111,h2d,1229600,double,153700
2112,h2d,1229600,double,153700
2113,h2d,1229600,double,153700
2114,h2d,1229600,double,153700
2115,h2d,1229600,double,153700
2116,h2d,1229600,double,153700
2117,h2d,1229600,double,153700
2118,d2h,2048,double,256
2119,h2d,1229600,double,153700
2120,h2d,1229600,double,153700
2121,h2d,1229600,double,153700
2122,h2d,1229600,double,153700
2123,h2d,1229600,double,153700
2124,h2d,1229600,double,153700
2125,h2d,1229600,double,153700
2126,h2d,1229600,double,153700
2127,h2d,1229600,double,153700
2128,h2d,1229600,double,153700
2129,h2d,1229600,double,153700
2130,h2d,1229600,double,153700
2131,h2d,1229600,double,153700
2132,h2d,1229600,double,153700
2133,h2d,1229600,double,153700
2134,h2d,1229600,double,153700
2135,h2d,1229600,double,153700
2136,h2d,1229600,double,153700
2137,h2d,1229600,double,153700
2138,h2d,1229600,double,153700
2139,h2d,1229600,double,153700
2140,h2d,1229600,double,153700
2141,h2d,1229600,double,153700
2142,h2d,1229600,double,153700
2143,d2h,2048,double,256
2144,h2d,1229600,double,153700
2145,h2d,1229600,double,153700
2146,h2d,1229600,double,153700
2147,h2d,1229600,double,153700
2148,h2d,1229600,double,153700
2149,h2d,1229600,double,153700
2150,h2d,1229600,double,153700
2151,h2d,1229600,double,153700
2152,h2d,1229600,double,153700
2153,h2d,1229600,double,153700
2154,h2d,1229600,double,153700
2155,h2d,1229600,double,153700
2156,h2d,1229600,double,153700
2157,h2d,1229600,double,153700
2158,h2d,1229600,double,153700
2159,h2d,1229600,double,153700
2160,h2d,1229600,double,153700
2161,h2d,1229600,double,153700
2162,h2d,1229600,double,153700
2163,h2d,1229600,double,153700
2164,h2d,1229600,double,153700
2165,h2d,1229600,double,153700
2166,h2d,1229600,double,153700
2167,h2d,1229600,double,153700
2168,d2h,2048,double,256
2169,h2d,1229600,double,153700
2170,h2d,1229600,double,153700
2171,h2d,1229600,double,153700
2172,h2d,1229600,double,153700
2173,h2d,1229600,double,153700
2174,h2d,1229600,double,153700
2175,h2d,1229600,double,153700
2176,h2d,1229600,double,153700
2177,h2d,1229600,double,153700
2178,h2d,1229600,double,153700
2179,h2d,1229600,double,153700
2180,h2d,1229600,double,153700
2181,h2d,1229600,double,153700
2182,h2d,1229600,double,153700
2183,h2d,1229600,double,153700
2184,h2d,1229600,double,153700
2185,h2d,1229600,double,153700
2186,h2d,1229600,double,153700
2187,h2d,1229600,double,153700
2188,h2d,1229600,double,153700
2189,h2d,1229600,double,153700
2190,h2d,1229600,double,153700
2191,h2d,1229600,double,153700
2192,h2d,1229600,double,153700
2193,d2h,2048,double,256
2194,h2d,1229600,double,153700
2195,h2d,1229600,double,153700
2196,h2d,1229600,double,153700
2197,h2d,1229600,double,153700
2198,h2d,1229600,double,153700
2199,h2d,1229600,double,153700
2200,h2d,1229600,double,153700
2201,h2d,1229600,double,153700
2202,h2d,1229600,double,153700
2203,h2d,1229600,double,153700
2204,h2d,1229600,double,153700
2205,h2d,1229600,double,153700
2206,h2d,1229600,double,153700
2207,h2d,1229600,double,153700
2208,h2d,1229600,double,153700
2209,h2d,1229600,double,153700
2210,h2d,1229600,double,153700
2211,h2d,1229600,double,153700
2212,h2d,1229600,double,153700
2213,h2d,1229600,double,153700
2214,h2d,1229600,double,153700
2215,h2d,1229600,double,153700
2216,h2d,1229600,double,153700
2217,h2d,1229600,double,153700
2218,d2h,2048,double,256
2219,h2d,1229600,double,153700
2220,h2d,1229600,double,153700
2221,h2d,1229600,double,153700
2222,h2d,1229600,double,153700
2223,h2d,1229600,double,153700
2224,h2d,1229600,double,153700
2225,h2d,1229600,double,153700
2226,h2d,1229600,double,153700
2227,h2d,1229600,double,153700
2228,h2d,1229600,double,153700
2229,h2d,1229600,double,153700
2230,h2d,1229600,double,153700
2231,h2d,1229600,double,153700
2232,h2d,1229600,double,153700
2233,h2d,1229600,double,153700
2234,h2d,1229600,double,153700
2235,h2d,1229600,double,153700
2236,h2d,1229600,double,153700
2237,h2d,1229600,double,153700
2238,h2d,1229600,double,153700
2239,h2d,1229600,double,153700
2240,h2d,1229600,double,153700
2241,h2d,1229600,double,153700
2242,h2d,1229600,double,153700
2243,d2h,2048,double,256
2244,h2d,1229600,double,153700
2245,h2d,1229600,double,153700
2246,h2d,1229600,double,153700
2247,h2d,1229600,double,153700
2248,h2d,1229600,double,153700
2249,h2d,1229600,double,153700
2250,h2d,1229600,double,153700
2251,h2d,1229600,double,153700
2252,h2d,1229600,double,153700
2253,h2d,1229600,double,153700
2254,h2d,1229600,double,153700
2255,h2d,1229600,double,153700
2256,h2d,1229600,double,153700
2257,h2d,1229600,double,153700
2258,h2d,1229600,double,153700
2259,h2d,1229600,double,153700
2260,h2d,1229600,double,153700
2261,h2d,1229600,double,153700
2262,h2d,1229600,double,153700
2263,h2d,1229600,double,153700
2264,h2d,1229600,double,153700
2265,h2d,1229600,double,153700
2266,h2d,1229600,double,153700
2267,h2d,1229600,double,153700
2268,d2h,2048,double,256
2269,h2d,1229600,double,153700
2270,h2d,1229600,double,153700
2271,h2d,1229600,double,153700
2272,h2d,1229600,double,153700
2273,h2d,1229600,double,153700
2274,h2d,1229600,double,153700
2275,h2d,1229600,double,153700
2276,h2d,1229600,double,153700
2277,h2d,1229600,double,153700
2278,h2d,1229600,double,153700
2279,h2d,1229600,double,153700
2280,h2d,1229600,double,153700
2281,h2d,1229600,double,153700
2282,h2d,1229600,double,153700
2283,h2d,1229600,double,153700
2284,h2d,1229600,double,153700
2285,h2d,1229600,double,153700
2286,h2d,1229600,double,153700
2287,h2d,1229600,double,153700
2288,h2d,1229600,double,153700
2289,h2d,1229600,double,153700
2290,h2d,1229600,double,153700
2291,h2d,1229600,double,153700
2292,h2d,1229600,double,153700
2293,d2h,2048,double,256
2294,h2d,1229600,double,153700
2295,h2d,1229600,double,153700
2296,h2d,1229600,double,153700
2297,h2d,1229600,double,153700
2298,h2d,1229600,double,153700
2299,h2d,1229600,double,153700
2300,h2d,1229600,double,153700
2301,h2d,1229600,double,153700
2302,h2d,1229600,double,153700
2303,h2d,1229600,double,153700
2304,h2d,1229600,double,153700
2305,h2d,1229600,double,153700
2306,h2d,1229600,double,153700
2307,h2d,1229600,double,153700
2308,h2d,1229600,double,153700
2309,h2d,1229600,double,153700
2310,d2h,2048,double,256
2311,d2h,2048,double,256
2312,d2h,2048,double,256
2313,d2h,2048,double,256
2314,d2h,2048,double,256
2315,h2d,1229600,double,153700
2316,h2d,1229600,double,153700
2317,h2d,1229600,double,153700
2318,h2d,1229600,double,153700
2319,h2d,1229600,double,153700
2320,h2d,1229600,double,153700
2321,h2d,1229600,double,153700
2322,h2d,1229600,double,153700
2323,d2h,2048,double,256
2324,h2d,1229600,double,153700
2325,h2d,1229600,double,153700
2326,h2d,1229600,double,153700
2327,h2d,1229600,double,153700
2328,h2d,1229600,double,153700
2329,h2d,1229600,double,153700
2330,h2d,1229600,double,153700
2331,h2d,1229600,double,153700
2332,h2d,1229600,double,153700
2333,h2d,1229600,double,153700
2334,h2d,1229600,double,153700
2335,h2d,1229600,double,153700
2336,h2d,1229600,double,153700
2337,h2d,1229600,double,153700
2338,h2d,1229600,double,153700
2339,h2d,1229600,double,153700
2340,h2d,1229600,double,153700
2341,h2d,1229600,double,153700
2342,h2d,1229600,double,153700
2343,h2d,1229600,double,153700
2344,h2d,1229600,double,153700
2345,h2d,1229600,double,153700
2346,h2d,1229600,double,153700
2347,h2d,1229600,double,153700
2348,d2h,2048,double,256
2349,h2d,1229600,double,153700
2350,h2d,1229600,double,153700
2351,h2d,1229600,double,153700
2352,h2d,1229600,double,153700
2353,h2d,1229600,double,153700
2354,h2d,1229600,double,153700
2355,h2d,1229600,double,153700
2356,h2d,1229600,double,153700
2357,h2d,1229600,double,153700
2358,h2d,1229600,double,153700
2359,h2d,1229600,double,153700
2360,h2d,1229600,double,153700
2361,h2d,1229600,double,153700
2362,h2d,1229600,double,153700
2363,h2d,1229600,double,153700
2364,h2d,1229600,double,153700
2365,h2d,1229600,double,153700
2366,h2d,1229600,double,153700
2367,h2d,1229600,double,153700
2368,h2d,1229600,double,153700
2369,h2d,1229600,double,153700
2370,h2d,1229600,double,153700
2371,h2d,1229600,double,153700
2372,h2d,1229600,double,153700
2373,d2h,2048,double,256
2374,h2d,1229600,double,153700
2375,h2d,1229600,double,153700
2376,h2d,1229600,double,153700
2377,h2d,1229600,double,153700
2378,h2d,1229600,double,153700
2379,h2d,1229600,double,153700
2380,h2d,1229600,double,153700
2381,h2d,1229600,double,153700
2382,h2d,1229600,double,153700
2383,h2d,1229600,double,153700
2384,h2d,1229600,double,153700
2385,h2d,1229600,double,153700
2386,h2d,1229600,double,153700
2387,h2d,1229600,double,153700
2388,h2d,1229600,double,153700
2389,h2d,1229600,double,153700
2390,h2d,1229600,double,153700
2391,h2d,1229600,double,153700
2392,h2d,1229600,double,153700
2393,h2d,1229600,double,153700
2394,h2d,1229600,double,153700
2395,h2d,1229600,double,153700
2396,h2d,1229600,double,153700
2397,h2d,1229600,double,153700
2398,d2h,2048,double,256
2399,h2d,1229600,double,153700
2400,h2d,1229600,double,153700
2401,h2d,1229600,double,153700
2402,h2d,1229600,double,153700
2403,h2d,1229600,double,153700
2404,h2d,1229600,double,153700
2405,h2d,1229600,double,153700
2406,h2d,1229600,double,153700
2407,h2d,1229600,double,153700
2408,h2d,1229600,double,153700
2409,h2d,1229600,double,153700
2410,h2d,1229600,double,153700
2411,h2d,1229600,double,153700
2412,h2d,1229600,double,153700
2413,h2d,1229600,double,153700
2414,h2d,1229600,double,153700
2415,h2d,1229600,double,153700
2416,h2d,1229600,double,153700
2417,h2d,1229600,double,153700
2418,h2d,1229600,double,153700
2419,h2d,1229600,double,153700
2420,h2d,1229600,double,153700
2421,h2d,1229600,double,153700
2422,h2d,1229600,double,153700
2423,d2h,2048,double,256
2424,h2d,1229600,double,153700
2425,h2d,1229600,double,153700
2426,h2d,1229600,double,153700
2427,h2d,1229600,double,153700
2428,h2d,1229600,double,153700
2429,h2d,1229600,double,153700
2430,h2d,1229600,double,153700
2431,h2d,1229600,double,153700
2432,h2d,1229600,double,153700
2433,h2d,1229600,double,153700
2434,h2d,1229600,double,153700
2435,h2d,1229600,double,153700
2436,h2d,1229600,double,153700
2437,h2d,1229600,double,153700
2438,h2d,1229600,double,153700
2439,h2d,1229600,double,153700
2440,h2d,1229600,double,153700
2441,h2d,1229600,double,153700
2442,h2d,1229600,double,153700
2443,h2d,1229600,double,153700
2444,h2d,1229600,double,153700
2445,h2d,1229600,double,153700
2446,h2d,1229600,double,153700
2447,h2d,1229600,double,153700
2448,d2h,2048,double,256
2449,h2d,1229600,double,153700
2450,h2d,1229600,double,153700
2451,h2d,1229600,double,153700
2452,h2d,1229600,double,153700
2453,h2d,1229600,double,153700
2454,h2d,1229600,double,153700
2455,h2d,1229600,double,153700
2456,h2d,1229600,double,153700
2457,h2d,1229600,double,153700
2458,h2d,1229600,double,153700
2459,h2d,1229600,double,153700
2460,h2d,1229600,double,153700
2461,h2d,1229600,double,153700
2462,h2d,1229600,double,153700
2463,h2d,1229600,double,153700
2464,h2d,1229600,double,153700
2465,h2d,1229600,double,153700
2466,h2d,1229600,double,153700
2467,h2d,1229600,double,153700
2468,h2d,1229600,double,153700
2469,h2d,1229600,double,153700
2470,h2d,1229600,double,153700
2471,h2d,1229600,double,153700
2472,h2d,1229600,double,153700
2473,d2h,2048,double,256
2474,h2d,1229600,double,153700
2475,h2d,1229600,double,153700
2476,h2d,1229600,double,153700
2477,h2d,1229600,double,153700
2478,h2d,1229600,double,153700
2479,h2d,1229600,double,153700
2480,h2d,1229600,double,153700
2481,h2d,1229600,double,153700
2482,h2d,1229600,double,153700
2483,h2d,1229600,double,153700
2484,h2d,1229600,double,153700
2485,h2d,1229600,double,153700
2486,h2d,1229600,double,153700
2487,h2d,1229600,double,153700
2488,h2d,1229600,double,153700
2489,h2d,1229600,double,153700
2490,h2d,1229600,double,153700
2491,h2d,1229600,double,153700
2492,h2d,1229600,double,153700
2493,h2d,1229600,double,153700
2494,h2d,1229600,double,153700
2495,h2d,1229600,double,153700
2496,h2d,1229600,double,153700
2497,h2d,1229600,double,153700
2498,d2h,2048,double,256
2499,h2d,1229600,double,153700
2500,h2d,1229600,double,153700
2501,h2d,1229600,double,153700
2502,h2d,1229600,double,153700
2503,h2d,1229600,double,153700
2504,h2d,1229600,double,153700
2505,h2d,1229600,double,153700
2506,h2d,1229600,double,153700
2507,h2d,1229600,double,153700
2508,h2d,1229600,double,153700
2509,h2d,1229600,double,153700
2510,h2d,1229600,double,153700
2511,h2d,1229600,double,153700
2512,h2d,1229600,double,153700
2513,h2d,1229600,double,153700
2514,h2d,1229600,double,153700
2515,h2d,1229600,double,153700
2516,h2d,1229600,double,153700
2517,h2d,1229600,double,153700
2518,h2d,1229600,double,153700
2519,h2d,1229600,double,153700
2520,h2d,1229600,double,153700
2521,h2d,1229600,double,153700
2522,h2d,1229600,double,153700
2523,d2h,2048,double,256
2524,h2d,1229600,double,153700
2525,h2d,1229600,double,153700
2526,h2d,1229600,double,153700
2527,h2d,1229600,double,153700
2528,h2d,1229600,double,153700
2529,h2d,1229600,double,153700
2530,h2d,1229600,double,153700
2531,h2d,1229600,double,153700
2532,h2d,1229600,double,153700
2533,h2d,1229600,double,153700
2534,h2d,1229600,double,153700
2535,h2d,1229600,double,153700
2536,h2d,1229600,double,153700
2537,h2d,1229600,double,153700
2538,h2d,1229600,double,153700
2539,h2d,1229600,double,153700
2540,h2d,1229600,double,153700
2541,h2d,1229600,double,153700
2542,h2d,1229600,double,153700
2543,h2d,1229600,double,153700
2544,h2d,1229600,double,153700
2545,h2d,1229600,double,153700
2546,h2d,1229600,double,153700
2547,h2d,1229600,double,153700
2548,d2h,2048,double,256
2549,h2d,1229600,double,153700
2550,h2d,1229600,double,153700
2551,h2d,1229600,double,153700
2552,h2d,1229600,double,153700
2553,h2d,1229600,double,153700
2554,h2d,1229600,double,153700
2555,h2d,1229600,double,153700
2556,h2d,1229600,double,153700
2557,h2d,1229600,double,153700
2558,h2d,1229600,double,153700
2559,h2d,1229600,double,153700
2560,h2d,1229600,double,153700
2561,h2d,1229600,double,153700
2562,h2d,1229600,double,153700
2563,h2d,1229600,double,153700
2564,h2d,1229600,double,153700
2565,d2h,2048,double,256
2566,d2h,2048,double,256
2567,d2h,2048,double,256
2568,d2h,2048,double,256
2569,d2h,2048,double,256
2570,h2d,1229600,double,153700
2571,h2d,1229600,double,153700
2572,h2d,1229600,double,153700
2573,h2d,1229600,double,153700
2574,h2d,1229600,double,153700
2575,h2d,1229600,double,153700
2576,h2d,1229600,double,153700
2577,h2d,1229600,double,153700
2578,d2h,2048,double,256
2579,h2d,1229600,double,153700
2580,h2d,1229600,double,153700
2581,h2d,1229600,double,153700
2582,h2d,1229600,double,153700
2583,h2d,1229600,double,153700
2584,h2d,1229600,double,153700
2585,h2d,1229600,double,153700
2586,h2d,1229600,double,153700
2587,h2d,1229600,double,153700
2588,h2d,1229600,double,153700
2589,h2d,1229600,double,153700
2590,h2d,1229600,double,153700
2591,h2d,1229600,double,153700
2592,h2d,1229600,double,153700
2593,h2d,1229600,double,153700
2594,h2d,1229600,double,153700
2595,h2d,1229600,double,153700
2596,h2d,1229600,double,153700
2597,h2d,1229600,double,153700
2598,h2d,1229600,double,153700
2599,h2d,1229600,double,153700
2600,h2d,1229600,double,153700
2601,h2d,1229600,double,153700
2602,h2d,1229600,double,153700
2603,d2h,2048,double,256
2604,h2d,1229600,double,153700
2605,h2d,1229600,double,153700
2606,h2d,1229600,double,153700
2607,h2d,1229600,double,153700
2608,h2d,1229600,double,153700
2609,h2d,1229600,double,153700
2610,h2d,1229600,double,153700
2611,h2d,1229600,double,153700
2612,h2d,1229600,double,153700
2613,h2d,1229600,double,153700
2614,h2d,1229600,double,153700
2615,h2d,1229600,double,153700
2616,h2d,1229600,double,153700
2617,h2d,1229600,double,153700
2618,h2d,1229600,double,153700
2619,h2d,1229600,double,153700
2620,h2d,1229600,double,153700
2621,h2d,1229600,double,153700
2622,h2d,1229600,double,153700
2623,h2d,1229600,double,153700
2624,h2d,1229600,double,153700
2625,h2d,1229600,double,153700
2626,h2d,1229600,double,153700
2627,h2d,1229600,double,153700
2628,d2h,2048,double,256
2629,h2d,1229600,double,153700
2630,h2d,1229600,double,153700
2631,h2d,1229600,double,153700
2632,h2d,1229600,double,153700
2633,h2d,1229600,double,153700
2634,h2d,1229600,double,153700
2635,h2d,1229600,double,153700
2636,h2d,1229600,double,153700
2637,h2d,1229600,double,153700
2638,h2d,1229600,double,153700
2639,h2d,1229600,double,153700
2640,h2d,1229600,double,153700
2641,h2d,1229600,double,153700
2642,h2d,1229600,double,153700
2643,h2d,1229600,double,153700
2644,h2d,1229600,double,153700
2645,h2d,1229600,double,153700
2646,h2d,1229600,double,153700
2647,h2d,1229600,double,153700
2648,h2d,1229600,double,153700
2649,h2d,1229600,double,153700
2650,h2d,1229600,double,153700
2651,h2d,1229600,double,153700
2652,h2d,1229600,double,153700
2653,d2h,2048,double,256
2654,h2d,1229600,double,153700
2655,h2d,1229600,double,153700
2656,h2d,1229600,double,153700
2657,h2d,1229600,double,153700
2658,h2d,1229600,double,153700
2659,h2d,1229600,double,153700
2660,h2d,1229600,double,153700
2661,h2d,1229600,double,153700
2662,h2d,1229600,double,153700
2663,h2d,1229600,double,153700
2664,h2d,1229600,double,153700
2665,h2d,1229600,double,153700
2666,h2d,1229600,double,153700
2667,h2d,1229600,double,153700
2668,h2d,1229600,double,153700
2669,h2d,1229600,double,153700
2670,h2d,1229600,double,153700
2671,h2d,1229600,double,153700
2672,h2d,1229600,double,153700
2673,h2d,1229600,double,153700
2674,h2d,1229600,double,153700
2675,h2d,1229600,double,153700
2676,h2d,1229600,double,153700
2677,h2d,1229600,double,153700
2678,d2h,2048,double,256
2679,h2d,1229600,double,153700
2680,h2d,1229600,double,153700
2681,h2d,1229600,double,153700
2682,h2d,1229600,double,153700
2683,h2d,1229600,double,153700
2684,h2d,1229600,double,153700
2685,h2d,1229600,double,153700
2686,h2d,1229600,double,153700
2687,h2d,1229600,double,153700
2688,h2d,1229600,double,153700
2689,h2d,1229600,double,153700
2690,h2d,1229600,double,153700
2691,h2d,1229600,double,153700
2692,h2d,1229600,double,153700
2693,h2d,1229600,double,153700
2694,h2d,1229600,double,153700
2695,h2d,1229600,double,153700
2696,h2d,1229600,double,153700
2697,h2d,1229600,double,153700
2698,h2d,1229600,double,153700
2699,h2d,1229600,double,153700
2700,h2d,1229600,double,153700
2701,h2d,1229600,double,153700
2702,h2d,1229600,double,153700
2703,d2h,2048,double,256
2704,h2d,1229600,double,153700
2705,h2d,1229600,double,153700
2706,h2d,1229600,double,153700
2707,h2d,1229600,double,153700
2708,h2d,1229600,double,153700
2709,h2d,1229600,double,153700
2710,h2d,1229600,double,153700
2711,h2d,1229600,double,153700
2712,h2d,1229600,double,153700
2713,h2d,1229600,double,153700
2714,h2d,1229600,double,153700
2715,h2d,1229600,double,153700
2716,h2d,1229600,double,153700
2717,h2d,1229600,double,153700
2718,h2d,1229600,double,153700
2719,h2d,1229600,double,153700
2720,h2d,1229600,double,153700
2721,h2d,1229600,double,153700
2722,h2d,1229600,double,153700
2723,h2d,1229600,double,153700
2724,h2d,1229600,double,153700
2725,h2d,1229600,double,153700
2726,h2d,1229600,double,153700
2727,h2d,1229600,double,153700
2728,d2h,2048,double,256
2729,h2d,1229600,double,153700
2730,h2d,1229600,double,153700
2731,h2d,1229600,double,153700
2732,h2d,1229600,double,153700
2733,h2d,1229600,double,153700
2734,h2d,1229600,double,153700
2735,h2d,1229600,double,153700
2736,h2d,1229600,double,153700
2737,h2d,1229600,double,153700
2738,h2d,1229600,double,153700
2739,h2d,1229600,double,153700
2740,h2d,1229600,double,153700
2741,h2d,1229600,double,153700
2742,h2d,1229600,double,153700
2743,h2d,1229600,double,153700
2744,h2d,1229600,double,153700
2745,h2d,1229600,double,153700
2746,h2d,1229600,double,153700
2747,h2d,1229600,double,153700
2748,h2d,1229600,double,153700
2749,h2d,1229600,double,153700
2750,h2d,1229600,double,153700
2751,h2d,1229600,double,153700
2752,h2d,1229600,double,153700
2753,d2h,2048,double,256
2754,h2d,1229600,double,153700
2755,h2d,1229600,double,153700
2756,h2d,1229600,double,153700
2757,h2d,1229600,double,153700
2758,h2d,1229600,double,153700
2759,h2d,1229600,double,153700
2760,h2d,1229600,double,153700
2761,h2d,1229600,double,153700
2762,h2d,1229600,double,153700
2763,h2d,1229600,double,153700
2764,h2d,1229600,double,153700
2765,h2d,1229600,double,153700
2766,h2d,1229600,double,153700
2767,h2d,1229600,double,153700
2768,h2d,1229600,double,153700
2769,h2d,1229600,double,153700
2770,h2d,1229600,double,153700
2771,h2d,1229600,double,153700
2772,h2d,1229600,double,153700
2773,h2d,1229600,double,153700
2774,h2d,1229600,double,153700
2775,h2d,1229600,double,153700
2776,h2d,1229600,double,153700
2777,h2d,1229600,double,153700
2778,d2h,2048,double,256
2779,h2d,1229600,double,153700
2780,h2d,1229600,double,153700
2781,h2d,1229600,double,153700
2782,h2d,1229600,double,153700
2783,h2d,1229600,double,153700
2784,h2d,1229600,double,153700
2785,h2d,1229600,double,153700
2786,h2d,1229600,double,153700
2787,h2d,1229600,double,153700
2788,h2d,1229600,double,153700
2789,h2d,1229600,double,153700
2790,h2d,1229600,double,153700
2791,h2d,1229600,double,153700
2792,h2d,1229600,double,153700
2793,h2d,1229600,double,153700
2794,h2d,1229600,double,153700
2795,h2d,1229600,double,153700
2796,h2d,1229600,double,153700
2797,h2d,1229600,double,153700
2798,h2d,1229600,double,153700
2799,h2d,1229600,double,153700
2800,h2d,1229600,double,153700
2801,h2d,1229600,double,153700
2802,h2d,1229600,double,153700
2803,d2h,2048,double,256
2804,h2d,1229600,double,153700
2805,h2d,1229600,double,153700
2806,h2d,1229600,double,153700
2807,h2d,1229600,double,153700
2808,h2d,1229600,double,153700
2809,h2d,1229600,double,153700
2810,h2d,1229600,double,153700
2811,h2d,1229600,double,153700
2812,h2d,1229600,double,153700
2813,h2d,1229600,double,153700
2814,h2d,1229600,double,153700
2815,h2d,1229600,double,153700
2816,h2d,1229600,double,153700
2817,h2d,1229600,double,153700
2818,h2d,1229600,double,153700
2819,h2d,1229600,double,153700
2820,d2h,2048,double,256
2821,d2h,2048,double,256
2822,d2h,2048,double,256
2823,d2h,2048,double,256
2824,d2h,2048,double,256
2825,h2d,1229600,double,153700
2826,h2d,1229600,double,153700
2827,h2d,1229600,double,153700
2828,h2d,1229600,double,153700
2829,h2d,1229600,double,153700
2830,h2d,1229600,double,153700
2831,h2d,1229600,double,153700
2832,h2d,1229600,double,153700
2833,d2h,2048,double,256
2834,h2d,1229600,double,153700
2835,h2d,1229600,double,153700
2836,h2d,1229600,double,153700
2837,h2d,1229600,double,153700
2838,h2d,1229600,double,153700
2839,h2d,1229600,double,153700
2840,h2d,1229600,double,153700
2841,h2d,1229600,double,153700
2842,h2d,1229600,double,153700
2843,h2d,1229600,double,153700
2844,h2d,1229600,double,153700
2845,h2d,1229600,double,153700
2846,h2d,1229600,double,153700
2847,h2d,1229600,double,153700
2848,h2d,1229600,double,153700
2849,h2d,1229600,double,153700
2850,h2d,1229600,double,153700
2851,h2d,1229600,double,153700
2852,h2d,1229600,double,153700
2853,h2d,1229600,double,153700
2854,h2d,1229600,double,153700
2855,h2d,1229600,double,153700
2856,h2d,1229600,double,153700
2857,h2d,1229600,double,153700
2858,d2h,2048,double,256
2859,h2d,1229600,double,153700
2860,h2d,1229600,double,153700
2861,h2d,1229600,double,153700
2862,h2d,1229600,double,153700
2863,h2d,1229600,double,153700
2864,h2d,1229600,double,153700
2865,h2d,1229600,double,153700
2866,h2d,1229600,double,153700
2867,h2d,1229600,double,153700
2868,h2d,1229600,double,153700
2869,h2d,1229600,double,153700
2870,h2d,1229600,double,153700
2871,h2d,1229600,double,153700
2872,h2d,1229600,double,153700
2873,h2d,1229600,double,153700
2874,h2d,1229600,double,153700
2875,h2d,1229600,double,153700
2876,h2d,1229600,double,153700
2877,h2d,1229600,double,153700
2878,h2d,1229600,double,153700
2879,h2d,1229600,double,153700
2880,h2d,1229600,double,153700
2881,h2d,1229600,double,153700
2882,h2d,1229600,double,153700
2883,d2h,2048,double,256
2884,h2d,1229600,double,153700
2885,h2d,1229600,double,153700
2886,h2d,1229600,double,153700
2887,h2d,1229600,double,153700
2888,h2d,1229600,double,153700
2889,h2d,1229600,double,153700
2890,h2d,1229600,double,153700
2891,h2d,1229600,double,153700
2892,h2d,1229600,double,153700
2893,h2d,1229600,double,153700
2894,h2d,1229600,double,153700
2895,h2d,1229600,double,153700
2896,h2d,1229600,double,153700
2897,h2d,1229600,double,153700
2898,h2d,1229600,double,153700
2899,h2d,1229600,double,153700
2900,h2d,1229600,double,153700
2901,h2d,1229600,double,153700
2902,h2d,1229600,double,153700
2903,h2d,1229600,double,153700
2904,h2d,1229600,double,153700
2905,h2d,1229600,double,153700
2906,h2d,1229600,double,153700
2907,h2d,1229600,double,153700
2908,d2h,2048,double,256
2909,h2d,1229600,double,153700
2910,h2d,1229600,double,153700
2911,h2d,1229600,double,153700
2912,h2d,1229600,double,153700
2913,h2d,1229600,double,153700
2914,h2d,1229600,double,153700
2915,h2d,1229600,double,153700
2916,h2d,1229600,double,153700
2917,h2d,1229600,double,153700
2918,h2d,1229600,double,153700
2919,h2d,1229600,double,153700
2920,h2d,1229600,double,153700
2921,h2d,1229600,double,153700
2922,h2d,1229600,double,153700
2923,h2d,1229600,double,153700
2924,h2d,1229600,double,153700
2925,h2d,1229600,double,153700
2926,h2d,1229600,double,153700
2927,h2d,1229600,double,153700
2928,h2d,1229600,double,153700
2929,h2d,1229600,double,153700
2930,h2d,1229600,double,153700
2931,h2d,1229600,double,153700
2932,h2d,1229600,double,153700
2933,d2h,2048,double,256
2934,h2d,1229600,double,153700
2935,h2d,1229600,double,153700
2936,h2d,1229600,double,153700
2937,h2d,1229600,double,153700
2938,h2d,1229600,double,153700
2939,h2d,1229600,double,153700
2940,h2d,1229600,double,153700
2941,h2d,1229600,double,153700
2942,h2d,1229600,double,153700
2943,h2d,1229600,double,153700
2944,h2d,1229600,double,153700
2945,h2d,1229600,double,153700
2946,h2d,1229600,double,153700
2947,h2d,1229600,double,153700
2948,h2d,1229600,double,153700
2949,h2d,1229600,double,153700
2950,h2d,1229600,double,153700
2951,h2d,1229600,double,153700
2952,h2d,1229600,double,153700
2953,h2d,1229600,double,153700
2954,h2d,1229600,double,153700
2955,h2d,1229600,double,153700
2956,h2d,1229600,double,153700
2957,h2d,1229600,double,153700
2958,d2h,2048,double,256
2959,h2d,1229600,double,153700
2960,h2d,1229600,double,153700
2961,h2d,1229600,double,153700
2962,h2d,1229600,double,153700
2963,h2d,1229600,double,153700
2964,h2d,1229600,double,153700
2965,h2d,1229600,double,153700
2966,h2d,1229600,double,153700
2967,h2d,1229600,double,153700
2968,h2d,1229600,double,153700
2969,h2d,1229600,double,153700
2970,h2d,1229600,double,153700
2971,h2d,1229600,double,153700
2972,h2d,1229600,double,153700
2973,h2d,1229600,double,153700
2974,h2d,1229600,double,153700
2975,h2d,1229600,double,153700
2976,h2d,1229600,double,153700
2977,h2d,1229600,double,153700
2978,h2d,1229600,double,153700
2979,h2d,1229600,double,153700
2980,h2d,1229600,double,153700
2981,h2d,1229600,double,153700
2982,h2d,1229600,double,153700
2983,d2h,2048,double,256
2984,h2d,1229600,double,153700
2985,h2d,1229600,double,153700
2986,h2d,1229600,double,153700
2987,h2d,1229600,double,153700
2988,h2d,1229600,double,153700
2989,h2d,1229600,double,153700
2990,h2d,1229600,double,153700
2991,h2d,1229600,double,153700
2992,h2d,1229600,double,153700
2993,h2d,1229600,double,153700
2994,h2d,1229600,double,153700
2995,h2d,1229600,double,153700
2996,h2d,1229600,double,153700
2997,h2d,1229600,double,153700
2998,h2d,1229600,double,153700
2999,h2d,1229600,double,153700
3000,h2d,1229600,double,153700
3001,h2d,1229600,double,153700
3002,h2d,1229600,double,153700
3003,h2d,1229600,double,153700
3004,h2d,1229600,double,153700
3005,h2d,1229600,double,153700
3006,h2d,1229600,double,153700
3007,h2d,1229600,double,153700
3008,d2h,2048,double,256
3009,h2d,1229600,double,153700
3010,h2d,1229600,double,153700
3011,h2d,1229600,double,153700
3012,h2d,1229600,double,153700
3013,h2d,1229600,double,153700
3014,h2d,1229600,double,153700
3015,h2d,1229600,double,153700
3016,h2d,1229600,double,153700
3017,h2d,1229600,double,153700
3018,h2d,1229600,double,153700
3019,h2d,1229600,double,153700
3020,h2d,1229600,double,153700
3021,h2d,1229600,double,153700
3022,h2d,1229600,double,153700
3023,h2d,1229600,double,153700
3024,h2d,1229600,double,153700
3025,h2d,1229600,double,153700
3026,h2d,1229600,double,153700
3027,h2d,1229600,double,153700
3028,h2d,1229600,double,153700
3029,h2d,1229600,double,153700
3030,h2d,1229600,double,153700
3031,h2d,1229600,double,153700
3032,h2d,1229600,double,153700
3033,d2h,2048,double,256
3034,h2d,1229600,double,153700
3035,h2d,1229600,double,153700
3036,h2d,1229600,double,153700
3037,h2d,1229600,double,153700
3038,h2d,1229600,double,153700
3039,h2d,1229600,double,153700
3040,h2d,1229600,double,153700
3041,h2d,1229600,double,153700
3042,h2d,1229600,double,153700
3043,h2d,1229600,double,153700
3044,h2d,1229600,double,153700
3045,h2d,1229600,double,153700
3046,h2d,1229600,double,153700
3047,h2d,1229600,double,153700
3048,h2d,1229600,double,153700
3049,h2d,1229600,double,153700
3050,h2d,1229600,double,153700
3051,h2d,1229600,double,153700
3052,h2d,1229600,double,153700
3053,h2d,1229600,double,153700
3054,h2d,1229600,double,153700
3055,h2d,1229600,double,153700
3056,h2d,1229600,double,153700
3057,h2d,1229600,double,153700
3058,d2h,2048,double,256
3059,h2d,1229600,double,153700
3060,h2d,1229600,double,153700
3061,h2d,1229600,double,153700
3062,h2d,1229600,double,153700
3063,h2d,1229600,double,153700
3064,h2d,1229600,double,153700
3065,h2d,1229600,double,153700
3066,h2d,1229600,double,153700
3067,h2d,1229600,double,153700
3068,h2d,1229600,double,153700
3069,h2d,1229600,double,153700
3070,h2d,1229600,double,153700
3071,h2d,1229600,double,153700
3072,h2d,1229600,double,153700
3073,h2d,1229600,double,153700
3074,h2d,1229600,double,153700
3075,d2h,2048,double,256
3076,d2h,2048,double,256
3077,d2h,2048,double,256
3078,d2h,2048,double,256
3079,d2h,2048,double,256
3080,h2d,1229600,double,153700
3081,h2d,1229600,double,153700
3082,h2d,1229600,double,153700
3083,h2d,1229600,double,153700
3084,h2d,1229600,double,153700
3085,h2d,1229600,double,153700
3086,h2d,1229600,double,153700
3087,h2d,1229600,double,153700
3088,d2h,2048,double,256
3089,h2d,1229600,double,153700
3090,h2d,1229600,double,153700
3091,h2d,1229600,double,153700
3092,h2d,1229600,double,153700
3093,h2d,1229600,double,153700
3094,h2d,1229600,double,153700
3095,h2d,1229600,double,153700
3096,h2d,1229600,double,153700
3097,h2d,1229600,double,153700
3098,h2d,1229600,double,153700
3099,h2d,1229600,double,153700
3100,h2d,1229600,double,153700
3101,h2d,1229600,double,153700
3102,h2d,1229600,double,153700
3103,h2d,1229600,double,153700
3104,h2d,1229600,double,153700
3105,h2d,1229600,double,153700
3106,h2d,1229600,double,153700
3107,h2d,1229600,double,153700
3108,h2d,1229600,double,153700
3109,h2d,1229600,double,153700
3110,h2d,1229600,double,153700
3111,h2d,1229600,double,153700
3112,h2d,1229600,double,153700
3113,d2h,2048,double,256
3114,h2d,1229600,double,153700
3115,h2d,1229600,double,153700
3116,h2d,1229600,double,153700
3117,h2d,1229600,double,153700
3118,h2d,1229600,double,153700
3119,h2d,1229600,double,153700
3120,h2d,1229600,double,153700
3121,h2d,1229600,double,153700
3122,h2d,1229600,double,153700
3123,h2d,1229600,double,153700
3124,h2d,1229600,double,153700
3125,h2d,1229600,double,153700
3126,h2d,1229600,double,153700
3127,h2d,1229600,double,153700
3128,h2d,1229600,double,153700
3129,h2d,1229600,double,153700
3130,h2d,1229600,double,153700
3131,h2d,1229600,double,153700
3132,h2d,1229600,double,153700
3133,h2d,1229600,double,153700
3134,h2d,1229600,double,153700
3135,h2d,1229600,double,153700
3136,h2d,1229600,double,153700
3137,h2d,1229600,double,153700
3138,d2h,2048,double,256
3139,h2d,1229600,double,153700
3140,h2d,1229600,double,153700
3141,h2d,1229600,double,153700
3142,h2d,1229600,double,153700
3143,h2d,1229600,double,153700
3144,h2d,1229600,double,153700
3145,h2d,1229600,double,153700
3146,h2d,1229600,double,153700
3147,h2d,1229600,double,153700
3148,h2d,1229600,double,153700
3149,h2d,1229600,double,153700
3150,h2d,1229600,double,153700
3151,h2d,1229600,double,153700
3152,h2d,1229600,double,153700
3153,h2d,1229600,double,153700
3154,h2d,1229600,double,153700
3155,h2d,1229600,double,153700
3156,h2d,1229600,double,153700
3157,h2d,1229600,double,153700
3158,h2d,1229600,double,153700
3159,h2d,1229600,double,153700
3160,h2d,1229600,double,153700
3161,h2d,1229600,double,153700
3162,h2d,1229600,double,153700
3163,d2h,2048,double,256
3164,h2d,1229600,double,153700
3165,h2d,1229600,double,153700
3166,h2d,1229600,double,153700
3167,h2d,1229600,double,153700
3168,h2d,1229600,double,153700
3169,h2d,1229600,double,153700
3170,h2d,1229600,double,153700
3171,h2d,1229600,double,153700
3172,h2d,1229600,double,153700
3173,h2d,1229600,double,153700
3174,h2d,1229600,double,153700
3175,h2d,1229600,double,153700
3176,h2d,1229600,double,153700
3177,h2d,1229600,double,153700
3178,h2d,1229600,double,153700
3179,h2d,1229600,double,153700
3180,h2d,1229600,double,153700
3181,h2d,1229600,double,153700
3182,h2d,1229600,double,153700
3183,h2d,1229600,double,153700
3184,h2d,1229600,double,153700
3185,h2d,1229600,double,153700
3186,h2d,1229600,double,153700
3187,h2d,1229600,double,153700
3188,d2h,2048,double,256
3189,h2d,1229600,double,153700
3190,h2d,1229600,double,153700
3191,h2d,1229600,double,153700
3192,h2d,1229600,double,153700
3193,h2d,1229600,double,153700
3194,h2d,1229600,double,153700
3195,h2d,1229600,double,153700
3196,h2d,1229600,double,153700
3197,h2d,1229600,double,153700
3198,h2d,1229600,double,153700
3199,h2d,1229600,double,153700
3200,h2d,1229600,double,153700
3201,h2d,1229600,double,153700
3202,h2d,1229600,double,153700
3203,h2d,1229600,double,153700
3204,h2d,1229600,double,153700
3205,h2d,1229600,double,153700
3206,h2d,1229600,double,153700
3207,h2d,1229600,double,153700
3208,h2d,1229600,double,153700
3209,h2d,1229600,double,153700
3210,h2d,1229600,double,153700
3211,h2d,1229600,double,153700
3212,h2d,1229600,double,153700
3213,d2h,2048,double,256
3214,h2d,1229600,double,153700
3215,h2d,1229600,double,153700
3216,h2d,1229600,double,153700
3217,h2d,1229600,double,153700
3218,h2d,1229600,double,153700
3219,h2d,1229600,double,153700
3220,h2d,1229600,double,153700
3221,h2d,1229600,double,153700
3222,h2d,1229600,double,153700
3223,h2d,1229600,double,153700
3224,h2d,1229600,double,153700
3225,h2d,1229600,double,153700
3226,h2d,1229600,double,153700
3227,h2d,1229600,double,153700
3228,h2d,1229600,double,153700
3229,h2d,1229600,double,153700
3230,h2d,1229600,double,153700
3231,h2d,1229600,double,153700
3232,h2d,1229600,double,153700
3233,h2d,1229600,double,153700
3234,h2d,1229600,double,153700
3235,h2d,1229600,double,153700
3236,h2d,1229600,double,153700
3237,h2d,1229600,double,153700
3238,d2h,2048,double,256
3239,h2d,1229600,double,153700
3240,h2d,1229600,double,153700
3241,h2d,1229600,double,153700
3242,h2d,1229600,double,153700
3243,h2d,1229600,double,153700
3244,h2d,1229600,double,153700
3245,h2d,1229600,double,153700
3246,h2d,1229600,double,153700
3247,h2d,1229600,double,153700
3248,h2d,1229600,double,153700
3249,h2d,1229600,double,153700
3250,h2d,1229600,double,153700
3251,h2d,1229600,double,153700
3252,h2d,1229600,double,153700
3253,h2d,1229600,double,153700
3254,h2d,1229600,double,153700
3255,h2d,1229600,double,153700
3256,h2d,1229600,double,153700
3257,h2d,1229600,double,153700
3258,h2d,1229600,double,153700
3259,h2d,1229600,double,153700
3260,h2d,1229600,double,153700
3261,h2d,1229600,double,153700
3262,h2d,1229600,double,153700
3263,d2h,2048,double,256
3264,h2d,1229600,double,153700
3265,h2d,1229600,double,153700
3266,h2d,1229600,double,153700
3267,h2d,1229600,double,153700
3268,h2d,1229600,double,153700
3269,h2d,1229600,double,153700
3270,h2d,1229600,double,153700
3271,h2d,1229600,double,153700
3272,h2d,1229600,double,153700
3273,h2d,1229600,double,153700
3274,h2d,1229600,double,153700
3275,h2d,1229600,double,153700
3276,h2d,1229600,double,153700
3277,h2d,1229600,double,153700
3278,h2d,1229600,double,153700
3279,h2d,1229600,double,153700
3280,h2d,1229600,double,153700
3281,h2d,1229600,double,153700
3282,h2d,1229600,double,153700
3283,h2d,1229600,double,153700
3284,h2d,1229600,double,153700
3285,h2d,1229600,double,153700
3286,h2d,1229600,double,153700
3287,h2d,1229600,double,153700
3288,d2h,2048,double,256
3289,h2d,1229600,double,153700
3290,h2d,1229600,double,153700
3291,h2d,1229600,double,153700
3292,h2d,1229600,double,153700
3293,h2d,1229600,double,153700
3294,h2d,1229600,double,153700
3295,h2d,1229600,double,153700
3296,h2d,1229600,double,153700
3297,h2d,1229600,double,153700
3298,h2d,1229600,double,153700
3299,h2d,1229600,double,153700
3300,h2d,1229600,double,153700
3301,h2d,1229600,double,153700
3302,h2d,1229600,double,153700
3303,h2d,1229600,double,153700
3304,h2d,1229600,double,153700
3305,h2d,1229600,double,153700
3306,h2d,1229600,double,153700
3307,h2d,1229600,double,153700
3308,h2d,1229600,double,153700
3309,h2d,1229600,double,153700
3310,h2d,1229600,double,153700
3311,h2d,1229600,double,153700
3312,h2d,1229600,double,153700
3313,d2h,2048,double,256
3314,h2d,1229600,double,153700
3315,h2d,1229600,double,153700
3316,h2d,1229600,double,153700
3317,h2d,1229600,double,153700
3318,h2d,1229600,double,153700
3319,h2d,1229600,double,153700
3320,h2d,1229600,double,153700
3321,h2d,1229600,double,153700
3322,h2d,1229600,double,153700
3323,h2d,1229600,double,153700
3324,h2d,1229600,double,153700
3325,h2d,1229600,double,153700
3326,h2d,1229600,double,153700
3327,h2d,1229600,double,153700
3328,h2d,1229600,double,153700
3329,h2d,1229600,double,153700
3330,d2h,2048,double,256
3331,d2h,2048,double,256
3332,d2h,2048,double,256
3333,d2h,2048,double,256
3334,d2h,2048,double,256
3335,h2d,1229600,double,153700
3336,h2d,1229600,double,153700
3337,h2d,1229600,double,153700
3338,h2d,1229600,double,153700
3339,h2d,1229600,double,153700
3340,h2d,1229600,double,153700
3341,h2d,1229600,double,153700
3342,h2d,1229600,double,153700
3343,d2h,2048,double,256
3344,h2d,1229600,double,153700
3345,h2d,1229600,double,153700
3346,h2d,1229600,double,153700
3347,h2d,1229600,double,153700
3348,h2d,1229600,double,153700
3349,h2d,1229600,double,153700
3350,h2d,1229600,double,153700
3351,h2d,1229600,double,153700
3352,h2d,1229600,double,153700
3353,h2d,1229600,double,153700
3354,h2d,1229600,double,153700
3355,h2d,1229600,double,153700
3356,h2d,1229600,double,153700
3357,h2d,1229600,double,153700
3358,h2d,1229600,double,153700
3359,h2d,1229600,double,153700
3360,h2d,1229600,double,153700
3361,h2d,1229600,double,153700
3362,h2d,1229600,double,153700
3363,h2d,1229600,double,153700
3364,h2d,1229600,double,153700
3365,h2d,1229600,double,153700
3366,h2d,1229600,double,153700
3367,h2d,1229600,double,153700
3368,d2h,2048,double,256
3369,h2d,1229600,double,153700
3370,h2d,1229600,double,153700
3371,h2d,1229600,double,153700
3372,h2d,1229600,double,153700
3373,h2d,1229600,double,153700
3374,h2d,1229600,double,153700
3375,h2d,1229600,double,153700
3376,h2d,1229600,double,153700
3377,h2d,1229600,double,153700
3378,h2d,1229600,double,153700
3379,h2d,1229600,double,153700
3380,h2d,1229600,double,153700
3381,h2d,1229600,double,153700
3382,h2d,1229600,double,153700
3383,h2d,1229600,double,153700
3384,h2d,1229600,double,153700
3385,h2d,1229600,double,153700
3386,h2d,1229600,double,153700
3387,h2d,1229600,double,153700
3388,h2d,1229600,double,153700
3389,h2d,1229600,double,153700
3390,h2d,1229600,double,153700
3391,h2d,1229600,double,153700
3392,h2d,1229600,double,153700
3393,d2h,2048,double,256
3394,h2d,1229600,double,153700
3395,h2d,1229600,double,153700
3396,h2d,1229600,double,153700
3397,h2d,1229600,double,153700
3398,h2d,1229600,double,153700
3399,h2d,1229600,double,153700
3400,h2d,1229600,double,153700
3401,h2d,1229600,double,153700
3402,h2d,1229600,double,153700
3403,h2d,1229600,double,153700
3404,h2d,1229600,double,153700
3405,h2d,1229600,double,153700
3406,h2d,1229600,double,153700
3407,h2d,1229600,double,153700
3408,h2d,1229600,double,153700
3409,h2d,1229600,double,153700
3410,h2d,1229600,double,153700
3411,h2d,1229600,double,153700
3412,h2d,1229600,double,153700
3413,h2d,1229600,double,153700
3414,h2d,1229600,double,153700
3415,h2d,1229600,double,153700
3416,h2d,1229600,double,153700
3417,h2d,1229600,double,153700
3418,d2h,2048,double,256
3419,h2d,1229600,double,153700
3420,h2d,1229600,double,153700
3421,h2d,1229600,double,153700
3422,h2d,1229600,double,153700
3423,h2d,1229600,double,153700
3424,h2d,1229600,double,153700
3425,h2d,1229600,double,153700
3426,h2d,1229600,double,153700
3427,h2d,1229600,double,153700
3428,h2d,1229600,double,153700
3429,h2d,1229600,double,153700
3430,h2d,1229600,double,153700
3431,h2d,1229600,double,153700
3432,h2d,1229600,double,153700
3433,h2d,1229600,double,153700
3434,h2d,1229600,double,153700
3435,h2d,1229600,double,153700
3436,h2d,1229600,double,153700
3437,h2d,1229600,double,153700
3438,h2d,1229600,double,153700
3439,h2d,1229600,double,153700
3440,h2d,1229600,double,153700
3441,h2d,1229600,double,153700
3442,h2d,1229600,double,153700
3443,d2h,2048,double,256
3444,h2d,1229600,double,153700
3445,h2d,1229600,double,153700
3446,h2d,1229600,double,153700
3447,h2d,1229600,double,153700
3448,h2d,1229600,double,153700
3449,h2d,1229600,double,153700
3450,h2d,1229600,double,153700
3451,h2d,1229600,double,153700
3452,h2d,1229600,double,153700
3453,h2d,1229600,double,153700
3454,h2d,1229600,double,153700
3455,h2d,1229600,double,153700
3456,h2d,1229600,double,153700
3457,h2d,1229600,double,153700
3458,h2d,1229600,double,153700
3459,h2d,1229600,double,153700
3460,h2d,1229600,double,153700
3461,h2d,1229600,double,153700
3462,h2d,1229600,double,153700
3463,h2d,1229600,double,153700
3464,h2d,1229600,double,153700
3465,h2d,1229600,double,153700
3466,h2d,1229600,double,153700
3467,h2d,1229600,double,153700
3468,d2h,2048,double,256
3469,h2d,1229600,double,153700
3470,h2d,1229600,double,153700
3471,h2d,1229600,double,153700
3472,h2d,1229600,double,153700
3473,h2d,1229600,double,153700
3474,h2d,1229600,double,153700
3475,h2d,1229600,double,153700
3476,h2d,1229600,double,153700
3477,h2d,1229600,double,153700
3478,h2d,1229600,double,153700
3479,h2d,1229600,double,153700
3480,h2d,1229600,double,153700
3481,h2d,1229600,double,153700
3482,h2d,1229600,double,153700
3483,h2d,1229600,double,153700
3484,h2d,1229600,double,153700
3485,h2d,1229600,double,153700
3486,h2d,1229600,double,153700
3487,h2d,1229600,double,153700
3488,h2d,1229600,double,153700
3489,h2d,1229600,double,153700
3490,h2d,1229600,double,153700
3491,h2d,1229600,double,153700
3492,h2d,1229600,double,153700
3493,d2h,2048,double,256
3494,h2d,1229600,double,153700
3495,h2d,1229600,double,153700
3496,h2d,1229600,double,153700
3497,h2d,1229600,double,153700
3498,h2d,1229600,double,153700
3499,h2d,1229600,double,153700
3500,h2d,1229600,double,153700
3501,h2d,1229600,double,153700
3502,h2d,1229600,double,153700
3503,h2d,1229600,double,153700
3504,h2d,1229600,double,153700
3505,h2d,1229600,double,153700
3506,h2d,1229600,double,153700
3507,h2d,1229600,double,153700
3508,h2d,1229600,double,153700
3509,h2d,1229600,double,153700
3510,h2d,1229600,double,153700
3511,h2d,1229600,double,153700
3512,h2d,1229600,double,153700
3513,h2d,1229600,double,153700
3514,h2d,1229600,double,153700
3515,h2d,1229600,double,153700
3516,h2d,1229600,double,153700
3517,h2d,1229600,double,153700
3518,d2h,2048,double,256
3519,h2d,1229600,double,153700
3520,h2d,1229600,double,153700
3521,h2d,1229600,double,153700
3522,h2d,1229600,double,153700
3523,h2d,1229600,double,153700
3524,h2d,1229600,double,153700
3525,h2d,1229600,double,153700
3526,h2d,1229600,double,153700
3527,h2d,1229600,double,153700
3528,h2d,1229600,double,153700
3529,h2d,1229600,double,153700
3530,h2d,1229600,double,153700
3531,h2d,1229600,double,153700
3532,h2d,1229600,double,153700
3533,h2d,1229600,double,153700
3534,h2d,1229600,double,153700
3535,h2d,1229600,double,153700
3536,h2d,1229600,double,153700
3537,h2d,1229600,double,153700
3538,h2d,1229600,double,153700
3539,h2d,1229600,double,153700
3540,h2d,1229600,double,153700
3541,h2d,1229600,double,153700
3542,h2d,1229600,double,153700
3543,d2h,2048,double,256
3544,h2d,1229600,double,153700
3545,h2d,1229600,double,153700
3546,h2d,1229600,double,153700
3547,h2d,1229600,double,153700
3548,h2d,1229600,double,153700
3549,h2d,1229600,double,153700
3550,h2d,1229600,double,153700
3551,h2d,1229600,double,153700
3552,h2d,1229600,double,153700
3553,h2d,1229600,double,153700
3554,h2d,1229600,double,153700
3555,h2d,1229600,double,153700
3556,h2d,1229600,double,153700
3557,h2d,1229600,double,153700
3558,h2d,1229600,double,153700
3559,h2d,1229600,double,153700
3560,h2d,1229600,double,153700
3561,h2d,1229600,double,153700
3562,h2d,1229600,double,153700
3563,h2d,1229600,double,153700
3564,h2d,1229600,double,153700
3565,h2d,1229600,double,153700
3566,h2d,1229600,double,153700
3567,h2d,1229600,double,153700
3568,d2h,2048,double,256
3569,h2d,1229600,double,153700
3570,h2d,1229600,double,153700
3571,h2d,1229600,double,153700
3572,h2d,1229600,double,153700
3573,h2d,1229600,double,153700
3574,h2d,1229600,double,153700
3575,h2d,1229600,double,153700
3576,h2d,1229600,double,153700
3577,h2d,1229600,double,153700
3578,h2d,1229600,double,153700
3579,h2d,1229600,double,153700
3580,h2d,1229600,double,153700
3581,h2d,1229600,double,153700
3582,h2d,1229600,double,153700
3583,h2d,1229600,double,153700
3584,h2d,1229600,double,153700
3585,d2h,2048,double,256
3586,d2h,2048,double,256
3587,d2h,2048,double,256
3588,d2h,2048,double,256
3589,d2h,2048,double,256
3590,h2d,1229600,double,153700
3591,h2d,1229600,double,153700
3592,h2d,1229600,double,153700
3593,h2d,1229600,double,153700
3594,h2d,1229600,double,153700
3595,h2d,1229600,double,153700
3596,h2d,1229600,double,153700
3597,h2d,1229600,double,153700
3598,d2h,2048,double,256
3599,h2d,1229600,double,153700
3600,h2d,1229600,double,153700
3601,h2d,1229600,double,153700
3602,h2d,1229600,double,153700
3603,h2d,1229600,double,153700
3604,h2d,1229600,double,153700
3605,h2d,1229600,double,153700
3606,h2d,1229600,double,153700
3607,h2d,1229600,double,153700
3608,h2d,1229600,double,153700
3609,h2d,1229600,double,153700
3610,h2d,1229600,double,153700
3611,h2d,1229600,double,153700
3612,h2d,1229600,double,153700
3613,h2d,1229600,double,153700
3614,h2d,1229600,double,153700
3615,h2d,1229600,double,153700
3616,h2d,1229600,double,153700
3617,h2d,1229600,double,153700
3618,h2d,1229600,double,153700
3619,h2d,1229600,double,153700
3620,h2d,1229600,double,153700
3621,h2d,1229600,double,153700
3622,h2d,1229600,double,153700
3623,d2h,2048,double,256
3624,h2d,1229600,double,153700
3625,h2d,1229600,double,153700
3626,h2d,1229600,double,153700
3627,h2d,1229600,double,153700
3628,h2d,1229600,double,153700
3629,h2d,1229600,double,153700
3630,h2d,1229600,double,153700
3631,h2d,1229600,double,153700
3632,h2d,1229600,double,153700
3633,h2d,1229600,double,153700
3634,h2d,1229600,double,153700
3635,h2d,1229600,double,153700
3636,h2d,1229600,double,153700
3637,h2d,1229600,double,153700
3638,h2d,1229600,double,153700
3639,h2d,1229600,double,153700
3640,h2d,1229600,double,153700
3641,h2d,1229600,double,153700
3642,h2d,1229600,double,153700
3643,h2d,1229600,double,153700
3644,h2d,1229600,double,153700
3645,h2d,1229600,double,153700
3646,h2d,1229600,double,153700
3647,h2d,1229600,double,153700
3648,d2h,2048,double,256
3649,h2d,1229600,double,153700
3650,h2d,1229600,double,153700
3651,h2d,1229600,double,153700
3652,h2d,1229600,double,153700
3653,h2d,1229600,double,153700
3654,h2d,1229600,double,153700
3655,h2d,1229600,double,153700
3656,h2d,1229600,double,153700
3657,h2d,1229600,double,153700
3658,h2d,1229600,double,153700
3659,h2d,1229600,double,153700
3660,h2d,1229600,double,153700
3661,h2d,1229600,double,153700
3662,h2d,1229600,double,153700
3663,h2d,1229600,double,153700
3664,h2d,1229600,double,153700
3665,h2d,1229600,double,153700
3666,h2d,1229600,double,153700
3667,h2d,1229600,double,153700
3668,h2d,1229600,double,153700
3669,h2d,1229600,double,153700
3670,h2d,1229600,double,153700
3671,h2d,1229600,double,153700
3672,h2d,1229600,double,153700
3673,d2h,2048,double,256
3674,h2d,1229600,double,153700
3675,h2d,1229600,double,153700
3676,h2d,1229600,double,153700
3677,h2d,1229600,double,153700
3678,h2d,1229600,double,153700
3679,h2d,1229600,double,153700
3680,h2d,1229600,double,153700
3681,h2d,1229600,double,153700
3682,h2d,1229600,double,153700
3683,h2d,1229600,double,153700
3684,h2d,1229600,double,153700
3685,h2d,1229600,double,153700
3686,h2d,1229600,double,153700
3687,h2d,1229600,double,153700
3688,h2d,1229600,double,153700
3689,h2d,1229600,double,153700
3690,h2d,1229600,double,153700
3691,h2d,1229600,double,153700
3692,h2d,1229600,double,153700
3693,h2d,1229600,double,153700
3694,h2d,1229600,double,153700
3695,h2d,1229600,double,153700
3696,h2d,1229600,double,153700
3697,h2d,1229600,double,153700
3698,d2h,2048,double,256
3699,h2d,1229600,double,153700
3700,h2d,1229600,double,153700
3701,h2d,1229600,double,153700
3702,h2d,1229600,double,153700
3703,h2d,1229600,double,153700
3704,h2d,1229600,double,153700
3705,h2d,1229600,double,153700
3706,h2d,1229600,double,153700
3707,h2d,1229600,double,153700
3708,h2d,1229600,double,153700
3709,h2d,1229600,double,153700
3710,h2d,1229600,double,153700
3711,h2d,1229600,double,153700
3712,h2d,1229600,double,153700
3713,h2d,1229600,double,153700
3714,h2d,1229600,double,153700
3715,h2d,1229600,double,153700
3716,h2d,1229600,double,153700
3717,h2d,1229600,double,153700
3718,h2d,1229600,double,153700
3719,h2d,1229600,double,153700
3720,h2d,1229600,double,153700
3721,h2d,1229600,double,153700
3722,h2d,1229600,double,153700
3723,d2h,2048,double,256
3724,h2d,1229600,double,153700
3725,h2d,1229600,double,153700
3726,h2d,1229600,double,153700
3727,h2d,1229600,double,153700
3728,h2d,1229600,double,153700
3729,h2d,1229600,double,153700
3730,h2d,1229600,double,153700
3731,h2d,1229600,double,153700
3732,h2d,1229600,double,153700
3733,h2d,1229600,double,153700
3734,h2d,1229600,double,153700
3735,h2d,1229600,double,153700
3736,h2d,1229600,double,153700
3737,h2d,1229600,double,153700
3738,h2d,1229600,double,153700
3739,h2d,1229600,double,153700
3740,h2d,1229600,double,153700
3741,h2d,1229600,double,153700
3742,h2d,1229600,double,153700
3743,h2d,1229600,double,153700
3744,h2d,1229600,double,153700
3745,h2d,1229600,double,153700
3746,h2d,1229600,double,153700
3747,h2d,1229600,double,153700
3748,d2h,2048,double,256
3749,h2d,1229600,double,153700
3750,h2d,1229600,double,153700
3751,h2d,1229600,double,153700
3752,h2d,1229600,double,153700
3753,h2d,1229600,double,153700
3754,h2d,1229600,double,153700
3755,h2d,1229600,double,153700
3756,h2d,1229600,double,153700
3757,h2d,1229600,double,153700
3758,h2d,1229600,double,153700
3759,h2d,1229600,double,153700
3760,h2d,1229600,double,153700
3761,h2d,1229600,double,153700
3762,h2d,1229600,double,153700
3763,h2d,1229600,double,153700
3764,h2d,1229600,double,153700
3765,h2d,1229600,double,153700
3766,h2d,1229600,double,153700
3767,h2d,1229600,double,153700
3768,h2d,1229600,double,153700
3769,h2d,1229600,double,153700
3770,h2d,1229600,double,153700
3771,h2d,1229600,double,153700
3772,h2d,1229600,double,153700
3773,d2h,2048,double,256
3774,h2d,1229600,double,153700
3775,h2d,1229600,double,153700
3776,h2d,1229600,double,153700
3777,h2d,1229600,double,153700
3778,h2d,1229600,double,153700
3779,h2d,1229600,double,153700
3780,h2d,1229600,double,153700
3781,h2d,1229600,double,153700
3782,h2d,1229600,double,153700
3783,h2d,1229600,double,153700
3784,h2d,1229600,double,153700
3785,h2d,1229600,double,153700
3786,h2d,1229600,double,153700
3787,h2d,1229600,double,153700
3788,h2d,1229600,double,153700
3789,h2d,1229600,double,153700
3790,h2d,1229600,double,153700
3791,h2d,1229600,double,153700
3792,h2d,1229600,double,153700
3793,h2d,1229600,double,153700
3794,h2d,1229600,double,153700
3795,h2d,1229600,double,153700
3796,h2d,1229600,double,153700
3797,h2d,1229600,double,153700
3798,d2h,2048,double,256
3799,h2d,1229600,double,153700
3800,h2d,1229600,double,153700
3801,h2d,1229600,double,153700
3802,h2d,1229600,double,153700
3803,h2d,1229600,double,153700
3804,h2d,1229600,double,153700
3805,h2d,1229600,double,153700
3806,h2d,1229600,double,153700
3807,h2d,1229600,double,153700
3808,h2d,1229600,double,153700
3809,h2d,1229600,double,153700
3810,h2d,1229600,double,153700
3811,h2d,1229600,double,153700
3812,h2d,1229600,double,153700
3813,h2d,1229600,double,153700
3814,h2d,1229600,double,153700
3815,h2d,1229600,double,153700
3816,h2d,1229600,double,153700
3817,h2d,1229600,double,153700
3818,h2d,1229600,double,153700
3819,h2d,1229600,double,153700
3820,h2d,1229600,double,153700
3821,h2d,1229600,double,153700
3822,h2d,1229600,double,153700
3823,d2h,2048,double,256
3824,h2d,1229600,double,153700
3825,h2d,1229600,double,153700
3826,h2d,1229600,double,153700
3827,h2d,1229600,double,153700
3828,h2d,1229600,double,153700
3829,h2d,1229600,double,153700
3830,h2d,1229600,double,153700
3831,h2d,1229600,double,153700
3832,h2d,1229600,double,153700
3833,h2d,1229600,double,153700
3834,h2d,1229600,double,153700
3835,h2d,1229600,double,153700
3836,h2d,1229600,double,153700
3837,h2d,1229600,double,153700
3838,h2d,1229600,double,153700
3839,h2d,1229600,double,153700
3840,d2h,2048,double,256
3841,d2h,2048,double,256
3842,d2h,2048,double,256
3843,d2h,2048,double,256
3844,d2h,2048,double,256
3845,h2d,1229600,double,153700
3846,h2d,1229600,double,153700
3847,h2d,1229600,double,153700
3848,h2d,1229600,double,153700
3849,h2d,1229600,double,153700
3850,h2d,1229600,double,153700
3851,h2d,1229600,double,153700
3852,h2d,1229600,double,153700
3853,d2h,2048,double,256
3854,h2d,1229600,double,153700
3855,h2d,1229600,double,153700
3856,h2d,1229600,double,153700
3857,h2d,1229600,double,153700
3858,h2d,1229600,double,153700
3859,h2d,1229600,double,153700
3860,h2d,1229600,double,153700
3861,h2d,1229600,double,153700
3862,h2d,1229600,double,153700
3863,h2d,1229600,double,153700
3864,h2d,1229600,double,153700
3865,h2d,1229600,double,153700
3866,h2d,1229600,double,153700
3867,h2d,1229600,double,153700
3868,h2d,1229600,double,153700
3869,h2d,1229600,double,153700
3870,h2d,1229600,double,153700
3871,h2d,1229600,double,153700
3872,h2d,1229600,double,153700
3873,h2d,1229600,double,153700
3874,h2d,1229600,double,153700
3875,h2d,1229600,double,153700
3876,h2d,1229600,double,153700
3877,h2d,1229600,double,153700
3878,d2h,2048,double,256
3879,h2d,1229600,double,153700
3880,h2d,1229600,double,153700
3881,h2d,1229600,double,153700
3882,h2d,1229600,double,153700
3883,h2d,1229600,double,153700
3884,h2d,1229600,double,153700
3885,h2d,1229600,double,153700
3886,h2d,1229600,double,153700
3887,h2d,1229600,double,153700
3888,h2d,1229600,double,153700
3889,h2d,1229600,double,153700
3890,h2d,1229600,double,153700
3891,h2d,1229600,double,153700
3892,h2d,1229600,double,153700
3893,h2d,1229600,double,153700
3894,h2d,1229600,double,153700
3895,h2d,1229600,double,153700
3896,h2d,1229600,double,153700
3897,h2d,1229600,double,153700
3898,h2d,1229600,double,153700
3899,h2d,1229600,double,153700
3900,h2d,1229600,double,153700
3901,h2d,1229600,double,153700
3902,h2d,1229600,double,153700
3903,d2h,2048,double,256
3904,h2d,1229600,double,153700
3905,h2d,1229600,double,153700
3906,h2d,1229600,double,153700
3907,h2d,1229600,double,153700
3908,h2d,1229600,double,153700
3909,h2d,1229600,double,153700
3910,h2d,1229600,double,153700
3911,h2d,1229600,double,153700
3912,h2d,1229600,double,153700
3913,h2d,1229600,double,153700
3914,h2d,1229600,double,153700
3915,h2d,1229600,double,153700
3916,h2d,1229600,double,153700
3917,h2d,1229600,double,153700
3918,h2d,1229600,double,153700
3919,h2d,1229600,double,153700
3920,h2d,1229600,double,153700
3921,h2d,1229600,double,153700
3922,h2d,1229600,double,153700
3923,h2d,1229600,double,153700
3924,h2d,1229600,double,153700
3925,h2d,1229600,double,153700
3926,h2d,1229600,double,153700
3927,h2d,1229600,double,153700
3928,d2h,2048,double,256
3929,h2d,1229600,double,153700
3930,h2d,1229600,double,153700
3931,h2d,1229600,double,153700
3932,h2d,1229600,double,153700
3933,h2d,1229600,double,153700
3934,h2d,1229600,double,153700
3935,h2d,1229600,double,153700
3936,h2d,1229600,double,153700
3937,h2d,1229600,double,153700
3938,h2d,1229600,double,153700
3939,h2d,1229600,double,153700
3940,h2d,1229600,double,153700
3941,h2d,1229600,double,153700
3942,h2d,1229600,double,153700
3943,h2d,1229600,double,153700
3944,h2d,1229600,double,153700
3945,h2d,1229600,double,153700
3946,h2d,1229600,double,153700
3947,h2d,1229600,double,153700
3948,h2d,1229600,double,153700
3949,h2d,1229600,double,153700
3950,h2d,1229600,double,153700
3951,h2d,1229600,double,153700
3952,h2d,1229600,double,153700
3953,d2h,2048,double,256
3954,h2d,1229600,double,153700
3955,h2d,1229600,double,153700
3956,h2d,1229600,double,153700
3957,h2d,1229600,double,153700
3958,h2d,1229600,double,153700
3959,h2d,1229600,double,153700
3960,h2d,1229600,double,153700
3961,h2d,1229600,double,153700
3962,h2d,1229600,double,153700
3963,h2d,1229600,double,153700
3964,h2d,1229600,double,153700
3965,h2d,1229600,double,153700
3966,h2d,1229600,double,153700
3967,h2d,1229600,double,153700
3968,h2d,1229600,double,153700
3969,h2d,1229600,double,153700
3970,h2d,1229600,double,153700
3971,h2d,1229600,double,153700
3972,h2d,1229600,double,153700
3973,h2d,1229600,double,153700
3974,h2d,1229600,double,153700
3975,h2d,1229600,double,153700
3976,h2d,1229600,double,153700
3977,h2d,1229600,double,153700
3978,d2h,2048,double,256
3979,h2d,1229600,double,153700
3980,h2d,1229600,double,153700
3981,h2d,1229600,double,153700
3982,h2d,1229600,double,153700
3983,h2d,1229600,double,153700
3984,h2d,1229600,double,153700
3985,h2d,1229600,double,153700
3986,h2d,1229600,double,153700
3987,h2d,1229600,double,153700
3988,h2d,1229600,double,153700
3989,h2d,1229600,double,153700
3990,h2d,1229600,double,153700
3991,h2d,1229600,double,153700
3992,h2d,1229600,double,153700
3993,h2d,1229600,double,153700
3994,h2d,1229600,double,153700
3995,h2d,1229600,double,153700
3996,h2d,1229600,double,153700
3997,h2d,1229600,double,153700
3998,h2d,1229600,double,153700
3999,h2d,1229600,double,153700
4000,h2d,1229600,double,153700
4001,h2d,1229600,double,153700
4002,h2d,1229600,double,153700
4003,d2h,2048,double,256
4004,h2d,1229600,double,153700
4005,h2d,1229600,double,153700
4006,h2d,1229600,double,153700
4007,h2d,1229600,double,153700
4008,h2d,1229600,double,153700
4009,h2d,1229600,double,153700
4010,h2d,1229600,double,153700
4011,h2d,1229600,double,153700
4012,h2d,1229600,double,153700
4013,h2d,1229600,double,153700
4014,h2d,1229600,double,153700
4015,h2d,1229600,double,153700
4016,h2d,1229600,double,153700
4017,h2d,1229600,double,153700
4018,h2d,1229600,double,153700
4019,h2d,1229600,double,153700
4020,h2d,1229600,double,153700
4021,h2d,1229600,double,153700
4022,h2d,1229600,double,153700
4023,h2d,1229600,double,153700
4024,h2d,1229600,double,153700
4025,h2d,1229600,double,153700
4026,h2d,1229600,double,153700
4027,h2d,1229600,double,153700
4028,d2h,2048,double,256
4029,h2d,1229600,double,153700
4030,h2d,1229600,double,153700
4031,h2d,1229600,double,153700
4032,h2d,1229600,double,153700
4033,h2d,1229600,double,153700
4034,h2d,1229600,double,153700
4035,h2d,1229600,double,153700
4036,h2d,1229600,double,153700
4037,h2d,1229600,double,153700
4038,h2d,1229600,double,153700
4039,h2d,1229600,double,153700
4040,h2d,1229600,double,153700
4041,h2d,1229600,double,153700
4042,h2d,1229600,double,153700
4043,h2d,1229600,double,153700
4044,h2d,1229600,double,153700
4045,h2d,1229600,double,153700
4046,h2d,1229600,double,153700
4047,h2d,1229600,double,153700
4048,h2d,1229600,double,153700
4049,h2d,1229600,double,153700
4050,h2d,1229600,double,153700
4051,h2d,1229600,double,153700
4052,h2d,1229600,double,153700
4053,d2h,2048,double,256
4054,h2d,1229600,double,153700
4055,h2d,1229600,double,153700
4056,h2d,1229600,double,153700
4057,h2d,1229600,double,153700
4058,h2d,1229600,double,153700
4059,h2d,1229600,double,153700
4060,h2d,1229600,double,153700
4061,h2d,1229600,double,153700
4062,h2d,1229600,double,153700
4063,h2d,1229600,double,153700
4064,h2d,1229600,double,153700
4065,h2d,1229600,double,153700
4066,h2d,1229600,double,153700
4067,h2d,1229600,double,153700
4068,h2d,1229600,double,153700
4069,h2d,1229600,double,153700
4070,h2d,1229600,double,153700
4071,h2d,1229600,double,153700
4072,h2d,1229600,double,153700
4073,h2d,1229600,double,153700
4074,h2d,1229600,double,153700
4075,h2d,1229600,double,153700
4076,h2d,1229600,double,153700
4077,h2d,1229600,double,153700
4078,d2h,2048,double,256
4079,h2d,1229600,double,153700
4080,h2d,1229600,double,153700
4081,h2d,1229600,double,153700
4082,h2d,1229600,double,153700
4083,h2d,1229600,double,153700
4084,h2d,1229600,double,153700
4085,h2d,1229600,double,153700
4086,h2d,1229600,double,153700
4087,h2d,1229600,double,153700
4088,h2d,1229600,double,153700
4089,h2d,1229600,double,153700
4090,h2d,1229600,double,153700
4091,h2d,1229600,double,153700
4092,h2d,1229600,double,153700
4093,h2d,1229600,double,153700
4094,h2d,1229600,double,153700
4095,d2h,2048,double,256
4096,d2h,2048,double,256
4097,d2h,2048,double,256
4098,d2h,2048,double,256
4099,d2h,2048,double,256
4100,h2d,1229600,double,153700
4101,h2d,1229600,double,153700
4102,h2d,1229600,double,153700
4103,h2d,1229600,double,153700
4104,h2d,1229600,double,153700
4105,h2d,1229600,double,153700
4106,h2d,1229600,double,153700
4107,h2d,1229600,double,153700
4108,d2h,2048,double,256
4109,h2d,1229600,double,153700
4110,h2d,1229600,double,153700
4111,h2d,1229600,double,153700
4112,h2d,1229600,double,153700
4113,h2d,1229600,double,153700
4114,h2d,1229600,double,153700
4115,h2d,1229600,double,153700
4116,h2d,1229600,double,153700
4117,h2d,1229600,double,153700
4118,h2d,1229600,double,153700
4119,h2d,1229600,double,153700
4120,h2d,1229600,double,153700
4121,h2d,1229600,double,153700
4122,h2d,1229600,double,153700
4123,h2d,1229600,double,153700
4124,h2d,1229600,double,153700
4125,h2d,1229600,double,153700
4126,h2d,1229600,double,153700
4127,h2d,1229600,double,153700
4128,h2d,1229600,double,153700
4129,h2d,1229600,double,153700
4130,h2d,1229600,double,153700
4131,h2d,1229600,double,153700
4132,h2d,1229600,double,153700
4133,d2h,2048,double,256
4134,h2d,1229600,double,153700
4135,h2d,1229600,double,153700
4136,h2d,1229600,double,153700
4137,h2d,1229600,double,153700
4138,h2d,1229600,double,153700
4139,h2d,1229600,double,153700
4140,h2d,1229600,double,153700
4141,h2d,1229600,double,153700
4142,h2d,1229600,double,153700
4143,h2d,1229600,double,153700
4144,h2d,1229600,double,153700
4145,h2d,1229600,double,153700
4146,h2d,1229600,double,153700
4147,h2d,1229600,double,153700
4148,h2d,1229600,double,153700
4149,h2d,1229600,double,153700
4150,h2d,1229600,double,153700
4151,h2d,1229600,double,153700
4152,h2d,1229600,double,153700
4153,h2d,1229600,double,153700
4154,h2d,1229600,double,153700
4155,h2d,1229600,double,153700
4156,h2d,1229600,double,153700
4157,h2d,1229600,double,153700
4158,d2h,2048,double,256
4159,h2d,1229600,double,153700
4160,h2d,1229600,double,153700
4161,h2d,1229600,double,153700
4162,h2d,1229600,double,153700
4163,h2d,1229600,double,153700
4164,h2d,1229600,double,153700
4165,h2d,1229600,double,153700
4166,h2d,1229600,double,153700
4167,h2d,1229600,double,153700
4168,h2d,1229600,double,153700
4169,h2d,1229600,double,153700
4170,h2d,1229600,double,153700
4171,h2d,1229600,double,153700
4172,h2d,1229600,double,153700
4173,h2d,1229600,double,153700
4174,h2d,1229600,double,153700
4175,h2d,1229600,double,153700
4176,h2d,1229600,double,153700
4177,h2d,1229600,double,153700
4178,h2d,1229600,double,153700
4179,h2d,1229600,double,153700
4180,h2d,1229600,double,153700
4181,h2d,1229600,double,153700
4182,h2d,1229600,double,153700
4183,d2h,2048,double,256
4184,h2d,1229600,double,153700
4185,h2d,1229600,double,153700
4186,h2d,1229600,double,153700
4187,h2d,1229600,double,153700
4188,h2d,1229600,double,153700
4189,h2d,1229600,double,153700
4190,h2d,1229600,double,153700
4191,h2d,1229600,double,153700
4192,h2d,1229600,double,153700
4193,h2d,1229600,double,153700
4194,h2d,1229600,double,153700
4195,h2d,1229600,double,153700
4196,h2d,1229600,double,153700
4197,h2d,1229600,double,153700
4198,h2d,1229600,double,153700
4199,h2d,1229600,double,153700
4200,h2d,1229600,double,153700
4201,h2d,1229600,double,153700
4202,h2d,1229600,double,153700
4203,h2d,1229600,double,153700
4204,h2d,1229600,double,153700
4205,h2d,1229600,double,153700
4206,h2d,1229600,double,153700
4207,h2d,1229600,double,153700
4208,d2h,2048,double,256
4209,h2d,1229600,double,153700
4210,h2d,1229600,double,153700
4211,h2d,1229600,double,153700
4212,h2d,1229600,double,153700
4213,h2d,1229600,double,153700
4214,h2d,1229600,double,153700
4215,h2d,1229600,double,153700
4216,h2d,1229600,double,153700
4217,h2d,1229600,double,153700
4218,h2d,1229600,double,153700
4219,h2d,1229600,double,153700
4220,h2d,1229600,double,153700
4221,h2d,1229600,double,153700
4222,h2d,1229600,double,153700
4223,h2d,1229600,double,153700
4224,h2d,1229600,double,153700
4225,h2d,1229600,double,153700
4226,h2d,1229600,double,153700
4227,h2d,1229600,double,153700
4228,h2d,1229600,double,153700
4229,h2d,1229600,double,153700
4230,h2d,1229600,double,153700
4231,h2d,1229600,double,153700
4232,h2d,1229600,double,153700
4233,d2h,2048,double,256
4234,h2d,1229600,double,153700
4235,h2d,1229600,double,153700
4236,h2d,1229600,double,153700
4237,h2d,1229600,double,153700
4238,h2d,1229600,double,153700
4239,h2d,1229600,double,153700
4240,h2d,1229600,double,153700
4241,h2d,1229600,double,153700
4242,h2d,1229600,double,153700
4243,h2d,1229600,double,153700
4244,h2d,1229600,double,153700
4245,h2d,1229600,double,153700
4246,h2d,1229600,double,153700
4247,h2d,1229600,double,153700
4248,h2d,1229600,double,153700
4249,h2d,1229600,double,153700
4250,h2d,1229600,double,153700
4251,h2d,1229600,double,153700
4252,h2d,1229600,double,153700
4253,h2d,1229600,double,153700
4254,h2d,1229600,double,153700
4255,h2d,1229600,double,153700
4256,h2d,1229600,double,153700
4257,h2d,1229600,double,153700
4258,d2h,2048,double,256
4259,h2d,1229600,double,153700
4260,h2d,1229600,double,153700
4261,h2d,1229600,double,153700
4262,h2d,1229600,double,153700
4263,h2d,1229600,double,153700
4264,h2d,1229600,double,153700
4265,h2d,1229600,double,153700
4266,h2d,1229600,double,153700
4267,h2d,1229600,double,153700
4268,h2d,1229600,double,153700
4269,h2d,1229600,double,153700
4270,h2d,1229600,double,153700
4271,h2d,1229600,double,153700
4272,h2d,1229600,double,153700
4273,h2d,1229600,double,153700
4274,h2d,1229600,double,153700
4275,h2d,1229600,double,153700
4276,h2d,1229600,double,153700
4277,h2d,1229600,double,153700
4278,h2d,1229600,double,153700
4279,h2d,1229600,double,153700
4280,h2d,1229600,double,153700
4281,h2d,1229600,double,153700
4282,h2d,1229600,double,153700
4283,d2h,2048,double,256
4284,h2d,1229600,double,153700
4285,h2d,1229600,double,153700
4286,h2d,1229600,double,153700
4287,h2d,1229600,double,153700
4288,h2d,1229600,double,153700
4289,h2d,1229600,double,153700
4290,h2d,1229600,double,153700
4291,h2d,1229600,double,153700
4292,h2d,1229600,double,153700
4293,h2d,1229600,double,153700
4294,h2d,1229600,double,153700
4295,h2d,1229600,double,153700
4296,h2d,1229600,double,153700
4297,h2d,1229600,double,153700
4298,h2d,1229600,double,153700
4299,h2d,1229600,double,153700
4300,h2d,1229600,double,153700
4301,h2d,1229600,double,153700
4302,h2d,1229600,double,153700
4303,h2d,1229600,double,153700
4304,h2d,1229600,double,153700
4305,h2d,1229600,double,153700
4306,h2d,1229600,double,153700
4307,h2d,1229600,double,153700
4308,d2h,2048,double,256
4309,h2d,1229600,double,153700
4310,h2d,1229600,double,153700
4311,h2d,1229600,double,153700
4312,h2d,1229600,double,153700
4313,h2d,1229600,double,153700
4314,h2d,1229600,double,153700
4315,h2d,1229600,double,153700
4316,h2d,1229600,double,153700
4317,h2d,1229600,double,153700
4318,h2d,1229600,double,153700
4319,h2d,1229600,double,153700
4320,h2d,1229600,double,153700
4321,h2d,1229600,double,153700
4322,h2d,1229600,double,153700
4323,h2d,1229600,double,153700
4324,h2d,1229600,double,153700
4325,h2d,1229600,double,153700
4326,h2d,1229600,double,153700
4327,h2d,1229600,double,153700
4328,h2d,1229600,double,153700
4329,h2d,1229600,double,153700
4330,h2d,1229600,double,153700
4331,h2d,1229600,double,153700
4332,h2d,1229600,double,153700
4333,d2h,2048,double,256
4334,h2d,1229600,double,153700
4335,h2d,1229600,double,153700
4336,h2d,1229600,double,153700
4337,h2d,1229600,double,153700
4338,h2d,1229600,double,153700
4339,h2d,1229600,double,153700
4340,h2d,1229600,double,153700
4341,h2d,1229600,double,153700
4342,h2d,1229600,double,153700
4343,h2d,1229600,double,153700
4344,h2d,1229600,double,153700
4345,h2d,1229600,double,153700
4346,h2d,1229600,double,153700
4347,h2d,1229600,double,153700
4348,h2d,1229600,double,153700
4349,h2d,1229600,double,153700
4350,d2h,2048,double,256
4351,d2h,2048,double,256
4352,d2h,2048,double,256
4353,d2h,2048,double,256
4354,d2h,2048,double,256
4355,h2d,1229600,double,153700
4356,h2d,1229600,double,153700
4357,h2d,1229600,double,153700
4358,h2d,1229600,double,153700
4359,h2d,1229600,double,153700
4360,h2d,1229600,double,153700
4361,h2d,1229600,double,153700
4362,h2d,1229600,double,153700
4363,d2h,2048,double,256
4364,h2d,1229600,double,153700
4365,h2d,1229600,double,153700
4366,h2d,1229600,double,153700
4367,h2d,1229600,double,153700
4368,h2d,1229600,double,153700
4369,h2d,1229600,double,153700
4370,h2d,1229600,double,153700
4371,h2d,1229600,double,153700
4372,h2d,1229600,double,153700
4373,h2d,1229600,double,153700
4374,h2d,1229600,double,153700
4375,h2d,1229600,double,153700
4376,h2d,1229600,double,153700
4377,h2d,1229600,double,153700
4378,h2d,1229600,double,153700
4379,h2d,1229600,double,153700
4380,h2d,1229600,double,153700
4381,h2d,1229600,double,153700
4382,h2d,1229600,double,153700
4383,h2d,1229600,double,153700
4384,h2d,1229600,double,153700
4385,h2d,1229600,double,153700
4386,h2d,1229600,double,153700
4387,h2d,1229600,double,153700
4388,d2h,2048,double,256
4389,h2d,1229600,double,153700
4390,h2d,1229600,double,153700
4391,h2d,1229600,double,153700
4392,h2d,1229600,double,153700
4393,h2d,1229600,double,153700
4394,h2d,1229600,double,153700
4395,h2d,1229600,double,153700
4396,h2d,1229600,double,153700
4397,h2d,1229600,double,153700
4398,h2d,1229600,double,153700
4399,h2d,1229600,double,153700
4400,h2d,1229600,double,153700
4401,h2d,1229600,double,153700
4402,h2d,1229600,double,153700
4403,h2d,1229600,double,153700
4404,h2d,1229600,double,153700
4405,h2d,1229600,double,153700
4406,h2d,1229600,double,153700
4407,h2d,1229600,double,153700
4408,h2d,1229600,double,153700
4409,h2d,1229600,double,153700
4410,h2d,1229600,double,153700
4411,h2d,1229600,double,153700
4412,h2d,1229600,double,153700
4413,d2h,2048,double,256
4414,h2d,1229600,double,153700
4415,h2d,1229600,double,153700
4416,h2d,1229600,double,153700
4417,h2d,1229600,double,153700
4418,h2d,1229600,double,153700
4419,h2d,1229600,double,153700
4420,h2d,1229600,double,153700
4421,h2d,1229600,double,153700
4422,h2d,1229600,double,153700
4423,h2d,1229600,double,153700
4424,h2d,1229600,double,153700
4425,h2d,1229600,double,153700
4426,h2d,1229600,double,153700
4427,h2d,1229600,double,153700
4428,h2d,1229600,double,153700
4429,h2d,1229600,double,153700
4430,h2d,1229600,double,153700
4431,h2d,1229600,double,153700
4432,h2d,1229600,double,153700
4433,h2d,1229600,double,153700
4434,h2d,1229600,double,153700
4435,h2d,1229600,double,153700
4436,h2d,1229600,double,153700
4437,h2d,1229600,double,153700
4438,d2h,2048,double,256
4439,h2d,1229600,double,153700
4440,h2d,1229600,double,153700
4441,h2d,1229600,double,153700
4442,h2d,1229600,double,153700
4443,h2d,1229600,double,153700
4444,h2d,1229600,double,153700
4445,h2d,1229600,double,153700
4446,h2d,1229600,double,153700
4447,h2d,1229600,double,153700
4448,h2d,1229600,double,153700
4449,h2d,1229600,double,153700
4450,h2d,1229600,double,153700
4451,h2d,1229600,double,153700
4452,h2d,1229600,double,153700
4453,h2d,1229600,double,153700
4454,h2d,1229600,double,153700
4455,h2d,1229600,double,153700
4456,h2d,1229600,double,153700
4457,h2d,1229600,double,153700
4458,h2d,1229600,double,153700
4459,h2d,1229600,double,153700
4460,h2d,1229600,double,153700
4461,h2d,1229600,double,153700
4462,h2d,1229600,double,153700
4463,d2h,2048,double,256
4464,h2d,1229600,double,153700
4465,h2d,1229600,double,153700
4466,h2d,1229600,double,153700
4467,h2d,1229600,double,153700
4468,h2d,1229600,double,153700
4469,h2d,1229600,double,153700
4470,h2d,1229600,double,153700
4471,h2d,1229600,double,153700
4472,h2d,1229600,double,153700
4473,h2d,1229600,double,153700
4474,h2d,1229600,double,153700
4475,h2d,1229600,double,153700
4476,h2d,1229600,double,153700
4477,h2d,1229600,double,153700
4478,h2d,1229600,double,153700
4479,h2d,1229600,double,153700
4480,h2d,1229600,double,153700
4481,h2d,1229600,double,153700
4482,h2d,1229600,double,153700
4483,h2d,1229600,double,153700
4484,h2d,1229600,double,153700
4485,h2d,1229600,double,153700
4486,h2d,1229600,double,153700
4487,h2d,1229600,double,153700
4488,d2h,2048,double,256
4489,h2d,1229600,double,153700
4490,h2d,1229600,double,153700
4491,h2d,1229600,double,153700
4492,h2d,1229600,double,153700
4493,h2d,1229600,double,153700
4494,h2d,1229600,double,153700
4495,h2d,1229600,double,153700
4496,h2d,1229600,double,153700
4497,h2d,1229600,double,153700
4498,h2d,1229600,double,153700
4499,h2d,1229600,double,153700
4500,h2d,1229600,double,153700
4501,h2d,1229600,double,153700
4502,h2d,1229600,double,153700
4503,h2d,1229600,double,153700
4504,h2d,1229600,double,153700
4505,h2d,1229600,double,153700
4506,h2d,1229600,double,153700
4507,h2d,1229600,double,153700
4508,h2d,1229600,double,153700
4509,h2d,1229600,double,153700
4510,h2d,1229600,double,153700
4511,h2d,1229600,double,153700
4512,h2d,1229600,double,153700
4513,d2h,2048,double,256
4514,h2d,1229600,double,153700
4515,h2d,1229600,double,153700
4516,h2d,1229600,double,153700
4517,h2d,1229600,double,153700
4518,h2d,1229600,double,153700
4519,h2d,1229600,double,153700
4520,h2d,1229600,double,153700
4521,h2d,1229600,double,153700
4522,h2d,1229600,double,153700
4523,h2d,1229600,double,153700
4524,h2d,1229600,double,153700
4525,h2d,1229600,double,153700
4526,h2d,1229600,double,153700
4527,h2d,1229600,double,153700
4528,h2d,1229600,double,153700
4529,h2d,1229600,double,153700
4530,h2d,1229600,double,153700
4531,h2d,1229600,double,153700
4532,h2d,1229600,double,153700
4533,h2d,1229600,double,153700
4534,h2d,1229600,double,153700
4535,h2d,1229600,double,153700
4536,h2d,1229600,double,153700
4537,h2d,1229600,double,153700
4538,d2h,2048,double,256
4539,h2d,1229600,double,153700
4540,h2d,1229600,double,153700
4541,h2d,1229600,double,153700
4542,h2d,1229600,double,153700
4543,h2d,1229600,double,153700
4544,h2d,1229600,double,153700
4545,h2d,1229600,double,153700
4546,h2d,1229600,double,153700
4547,h2d,1229600,double,153700
4548,h2d,1229600,double,153700
4549,h2d,1229600,double,153700
4550,h2d,1229600,double,153700
4551,h2d,1229600,double,153700
4552,h2d,1229600,double,153700
4553,h2d,1229600,double,153700
4554,h2d,1229600,double,153700
4555,h2d,1229600,double,153700
4556,h2d,1229600,double,153700
4557,h2d,1229600,double,153700
4558,h2d,1229600,double,153700
4559,h2d,1229600,double,153700
4560,h2d,1229600,double,153700
4561,h2d,1229600,double,153700
4562,h2d,1229600,double,153700
4563,d2h,2048,double,256
4564,h2d,1229600,double,153700
4565,h2d,1229600,double,153700
4566,h2d,1229600,double,153700
4567,h2d,1229600,double,153700
4568,h2d,1229600,double,153700
4569,h2d,1229600,double,153700
4570,h2d,1229600,double,153700
4571,h2d,1229600,double,153700
4572,h2d,1229600,double,153700
4573,h2d,1229600,double,153700
4574,h2d,1229600,double,153700
4575,h2d,1229600,double,153700
4576,h2d,1229600,double,153700
4577,h2d,1229600,double,153700
4578,h2d,1229600,double,153700
4579,h2d,1229600,double,153700
4580,h2d,1229600,double,153700
4581,h2d,1229600,double,153700
4582,h2d,1229600,double,153700
4583,h2d,1229600,double,153700
4584,h2d,1229600,double,153700
4585,h2d,1229600,double,153700
4586,h2d,1229600,double,153700
4587,h2d,1229600,double,153700
4588,d2h,2048,double,256
4589,h2d,1229600,double,153700
4590,h2d,1229600,double,153700
4591,h2d,1229600,double,153700
4592,h2d,1229600,double,153700
4593,h2d,1229600,double,153700
4594,h2d,1229600,double,153700
4595,h2d,1229600,double,153700
4596,h2d,1229600,double,153700
4597,h2d,1229600,double,153700
4598,h2d,1229600,double,153700
4599,h2d,1229600,double,153700
4600,h2d,1229600,double,153700
4601,h2d,1229600,double,153700
4602,h2d,1229600,double,153700
4603,h2d,1229600,double,153700
4604,h2d,1229600,double,153700
4605,d2h,2048,double,256
4606,d2h,2048,double,256
4607,d2h,2048,double,256
4608,d2h,2048,double,256
4609,d2h,2048,double,256
4610,h2d,1229600,double,153700
4611,h2d,1229600,double,153700
4612,h2d,1229600,double,153700
4613,h2d,1229600,double,153700
4614,h2d,1229600,double,153700
4615,h2d,1229600,double,153700
4616,h2d,1229600,double,153700
4617,h2d,1229600,double,153700
4618,d2h,2048,double,256
4619,h2d,1229600,double,153700
4620,h2d,1229600,double,153700
4621,h2d,1229600,double,153700
4622,h2d,1229600,double,153700
4623,h2d,1229600,double,153700
4624,h2d,1229600,double,153700
4625,h2d,1229600,double,153700
4626,h2d,1229600,double,153700
4627,h2d,1229600,double,153700
4628,h2d,1229600,double,153700
4629,h2d,1229600,double,153700
4630,h2d,1229600,double,153700
4631,h2d,1229600,double,153700
4632,h2d,1229600,double,153700
4633,h2d,1229600,double,153700
4634,h2d,1229600,double,153700
4635,h2d,1229600,double,153700
4636,h2d,1229600,double,153700
4637,h2d,1229600,double,153700
4638,h2d,1229600,double,153700
4639,h2d,1229600,double,153700
4640,h2d,1229600,double,153700
4641,h2d,1229600,double,153700
4642,h2d,1229600,double,153700
4643,d2h,2048,double,256
4644,h2d,1229600,double,153700
4645,h2d,1229600,double,153700
4646,h2d,1229600,double,153700
4647,h2d,1229600,double,153700
4648,h2d,1229600,double,153700
4649,h2d,1229600,double,153700
4650,h2d,1229600,double,153700
4651,h2d,1229600,double,153700
4652,h2d,1229600,double,153700
4653,h2d,1229600,double,153700
4654,h2d,1229600,double,153700
4655,h2d,1229600,double,153700
4656,h2d,1229600,double,153700
4657,h2d,1229600,double,153700
4658,h2d,1229600,double,153700
4659,h2d,1229600,double,153700
4660,h2d,1229600,double,153700
4661,h2d,1229600,double,153700
4662,h2d,1229600,double,153700
4663,h2d,1229600,double,153700
4664,h2d,1229600,double,153700
4665,h2d,1229600,double,153700
4666,h2d,1229600,double,153700
4667,h2d,1229600,double,153700
4668,d2h,2048,double,256
4669,h2d,1229600,double,153700
4670,h2d,1229600,double,153700
4671,h2d,1229600,double,153700
4672,h2d,1229600,double,153700
4673,h2d,1229600,double,153700
4674,h2d,1229600,double,153700
4675,h2d,1229600,double,153700
4676,h2d,1229600,double,153700
4677,h2d,1229600,double,153700
4678,h2d,1229600,double,153700
4679,h2d,1229600,double,153700
4680,h2d,1229600,double,153700
4681,h2d,1229600,double,153700
4682,h2d,1229600,double,153700
4683,h2d,1229600,double,153700
4684,h2d,1229600,double,153700
4685,h2d,1229600,double,153700
4686,h2d,1229600,double,153700
4687,h2d,1229600,double,153700
4688,h2d,1229600,double,153700
4689,h2d,1229600,double,153700
4690,h2d,1229600,double,153700
4691,h2d,1229600,double,153700
4692,h2d,1229600,double,153700
4693,d2h,2048,double,256
4694,h2d,1229600,double,153700
4695,h2d,1229600,double,153700
4696,h2d,1229600,double,153700
4697,h2d,1229600,double,153700
4698,h2d,1229600,double,153700
4699,h2d,1229600,double,153700
4700,h2d,1229600,double,153700
4701,h2d,1229600,double,153700
4702,h2d,1229600,double,153700
4703,h2d,1229600,double,153700
4704,h2d,1229600,double,153700
4705,h2d,1229600,double,153700
4706,h2d,1229600,double,153700
4707,h2d,1229600,double,153700
4708,h2d,1229600,double,153700
4709,h2d,1229600,double,153700
4710,h2d,1229600,double,153700
4711,h2d,1229600,double,153700
4712,h2d,1229600,double,153700
4713,h2d,1229600,double,153700
4714,h2d,1229600,double,153700
4715,h2d,1229600,double,153700
4716,h2d,1229600,double,153700
4717,h2d,1229600,double,153700
4718,d2h,2048,double,256
4719,h2d,1229600,double,153700
4720,h2d,1229600,double,153700
4721,h2d,1229600,double,153700
4722,h2d,1229600,double,153700
4723,h2d,1229600,double,153700
4724,h2d,1229600,double,153700
4725,h2d,1229600,double,153700
4726,h2d,1229600,double,153700
4727,h2d,1229600,double,153700
4728,h2d,1229600,double,153700
4729,h2d,1229600,double,153700
4730,h2d,1229600,double,153700
4731,h2d,1229600,double,153700
4732,h2d,1229600,double,153700
4733,h2d,1229600,double,153700
4734,h2d,1229600,double,153700
4735,h2d,1229600,double,153700
4736,h2d,1229600,double,153700
4737,h2d,1229600,double,153700
4738,h2d,1229600,double,153700
4739,h2d,1229600,double,153700
4740,h2d,1229600,double,153700
4741,h2d,1229600,double,153700
4742,h2d,1229600,double,153700
4743,d2h,2048,double,256
4744,h2d,1229600,double,153700
4745,h2d,1229600,double,153700
4746,h2d,1229600,double,153700
4747,h2d,1229600,double,153700
4748,h2d,1229600,double,153700
4749,h2d,1229600,double,153700
4750,h2d,1229600,double,153700
4751,h2d,1229600,double,153700
4752,h2d,1229600,double,153700
4753,h2d,1229600,double,153700
4754,h2d,1229600,double,153700
4755,h2d,1229600,double,153700
4756,h2d,1229600,double,153700
4757,h2d,1229600,double,153700
4758,h2d,1229600,double,153700
4759,h2d,1229600,double,153700
4760,h2d,1229600,double,153700
4761,h2d,1229600,double,153700
4762,h2d,1229600,double,153700
4763,h2d,1229600,double,153700
4764,h2d,1229600,double,153700
4765,h2d,1229600,double,153700
4766,h2d,1229600,double,153700
4767,h2d,1229600,double,153700
4768,d2h,2048,double,256
4769,h2d,1229600,double,153700
4770,h2d,1229600,double,153700
4771,h2d,1229600,double,153700
4772,h2d,1229600,double,153700
4773,h2d,1229600,double,153700
4774,h2d,1229600,double,153700
4775,h2d,1229600,double,153700
4776,h2d,1229600,double,153700
4777,h2d,1229600,double,153700
4778,h2d,1229600,double,153700
4779,h2d,1229600,double,153700
4780,h2d,1229600,double,153700
4781,h2d,1229600,double,153700
4782,h2d,1229600,double,153700
4783,h2d,1229600,double,153700
4784,h2d,1229600,double,153700
4785,h2d,1229600,double,153700
4786,h2d,1229600,double,153700
4787,h2d,1229600,double,153700
4788,h2d,1229600,double,153700
4789,h2d,1229600,double,153700
4790,h2d,1229600,double,153700
4791,h2d,1229600,double,153700
4792,h2d,1229600,double,153700
4793,d2h,2048,double,256
4794,h2d,1229600,double,153700
4795,h2d,1229600,double,153700
4796,h2d,1229600,double,153700
4797,h2d,1229600,double,153700
4798,h2d,1229600,double,153700
4799,h2d,1229600,double,153700
4800,h2d,1229600,double,153700
4801,h2d,1229600,double,153700
4802,h2d,1229600,double,153700
4803,h2d,1229600,double,153700
4804,h2d,1229600,double,153700
4805,h2d,1229600,double,153700
4806,h2d,1229600,double,153700
4807,h2d,1229600,double,153700
4808,h2d,1229600,double,153700
4809,h2d,1229600,double,153700
4810,h2d,1229600,double,153700
4811,h2d,1229600,double,153700
4812,h2d,1229600,double,153700
4813,h2d,1229600,double,153700
4814,h2d,1229600,double,153700
4815,h2d,1229600,double,153700
4816,h2d,1229600,double,153700
4817,h2d,1229600,double,153700
4818,d2h,2048,double,256
4819,h2d,1229600,double,153700
4820,h2d,1229600,double,153700
4821,h2d,1229600,double,153700
4822,h2d,1229600,double,153700
4823,h2d,1229600,double,153700
4824,h2d,1229600,double,153700
4825,h2d,1229600,double,153700
4826,h2d,1229600,double,153700
4827,h2d,1229600,double,153700
4828,h2d,1229600,double,153700
4829,h2d,1229600,double,153700
4830,h2d,1229600,double,153700
4831,h2d,1229600,double,153700
4832,h2d,1229600,double,153700
4833,h2d,1229600,double,153700
4834,h2d,1229600,double,153700
4835,h2d,1229600,double,153700
4836,h2d,1229600,double,153700
4837,h2d,1229600,double,153700
4838,h2d,1229600,double,153700
4839,h2d,1229600,double,153700
4840,h2d,1229600,double,153700
4841,h2d,1229600,double,153700
4842,h2d,1229600,double,153700
4843,d2h,2048,double,256
4844,h2d,1229600,double,153700
4845,h2d,1229600,double,153700
4846,h2d,1229600,double,153700
4847,h2d,1229600,double,153700
4848,h2d,1229600,double,153700
4849,h2d,1229600,double,153700
4850,h2d,1229600,double,153700
4851,h2d,1229600,double,153700
4852,h2d,1229600,double,153700
4853,h2d,1229600,double,153700
4854,h2d,1229600,double,153700
4855,h2d,1229600,double,153700
4856,h2d,1229600,double,153700
4857,h2d,1229600,double,153700
4858,h2d,1229600,double,153700
4859,h2d,1229600,double,153700
4860,d2h,2048,double,256
4861,d2h,2048,double,256
4862,d2h,2048,double,256
4863,d2h,2048,double,256
4864,d2h,2048,double,256
4865,h2d,1229600,double,153700
4866,h2d,1229600,double,153700
4867,h2d,1229600,double,153700
4868,h2d,1229600,double,153700
4869,h2d,1229600,double,153700
4870,h2d,1229600,double,153700
4871,h2d,1229600,double,153700
4872,h2d,1229600,double,153700
4873,d2h,2048,double,256
4874,h2d,1229600,double,153700
4875,h2d,1229600,double,153700
4876,h2d,1229600,double,153700
4877,h2d,1229600,double,153700
4878,h2d,1229600,double,153700
4879,h2d,1229600,double,153700
4880,h2d,1229600,double,153700
4881,h2d,1229600,double,153700
4882,h2d,1229600,double,153700
4883,h2d,1229600,double,153700
4884,h2d,1229600,double,153700
4885,h2d,1229600,double,153700
4886,h2d,1229600,double,153700
4887,h2d,1229600,double,153700
4888,h2d,1229600,double,153700
4889,h2d,1229600,double,153700
4890,h2d,1229600,double,153700
4891,h2d,1229600,double,153700
4892,h2d,1229600,double,153700
4893,h2d,1229600,double,153700
4894,h2d,1229600,double,153700
4895,h2d,1229600,double,153700
4896,h2d,1229600,double,153700
4897,h2d,1229600,double,153700
4898,d2h,2048,double,256
4899,h2d,1229600,double,153700
4900,h2d,1229600,double,153700
4901,h2d,1229600,double,153700
4902,h2d,1229600,double,153700
4903,h2d,1229600,double,153700
4904,h2d,1229600,double,153700
4905,h2d,1229600,double,153700
4906,h2d,1229600,double,153700
4907,h2d,1229600,double,153700
4908,h2d,1229600,double,153700
4909,h2d,1229600,double,153700
4910,h2d,1229600,double,153700
4911,h2d,1229600,double,153700
4912,h2d,1229600,double,153700
4913,h2d,1229600,double,153700
4914,h2d,1229600,double,153700
4915,h2d,1229600,double,153700
4916,h2d,1229600,double,153700
4917,h2d,1229600,double,153700
4918,h2d,1229600,double,153700
4919,h2d,1229600,double,153700
4920,h2d,1229600,double,153700
4921,h2d,1229600,double,153700
4922,h2d,1229600,double,153700
4923,d2h,2048,double,256
4924,h2d,1229600,double,153700
4925,h2d,1229600,double,153700
4926,h2d,1229600,double,153700
4927,h2d,1229600,double,153700
4928,h2d,1229600,double,153700
4929,h2d,1229600,double,153700
4930,h2d,1229600,double,153700
4931,h2d,1229600,double,153700
4932,h2d,1229600,double,153700
4933,h2d,1229600,double,153700
4934,h2d,1229600,double,153700
4935,h2d,1229600,double,153700
4936,h2d,1229600,double,153700
4937,h2d,1229600,double,153700
4938,h2d,1229600,double,153700
4939,h2d,1229600,double,153700
4940,h2d,1229600,double,153700
4941,h2d,1229600,double,153700
4942,h2d,1229600,double,153700
4943,h2d,1229600,double,153700
4944,h2d,1229600,double,153700
4945,h2d,1229600,double,153700
4946,h2d,1229600,double,153700
4947,h2d,1229600,double,153700
4948,d2h,2048,double,256
4949,h2d,1229600,double,153700
4950,h2d,1229600,double,153700
4951,h2d,1229600,double,153700
4952,h2d,1229600,double,153700
4953,h2d,1229600,double,153700
4954,h2d,1229600,double,153700
4955,h2d,1229600,double,153700
4956,h2d,1229600,double,153700
4957,h2d,1229600,double,153700
4958,h2d,1229600,double,153700
4959,h2d,1229600,double,153700
4960,h2d,1229600,double,153700
4961,h2d,1229600,double,153700
4962,h2d,1229600,double,153700
4963,h2d,1229600,double,153700
4964,h2d,1229600,double,153700
4965,h2d,1229600,double,153700
4966,h2d,1229600,double,153700
4967,h2d,1229600,double,153700
4968,h2d,1229600,double,153700
4969,h2d,1229600,double,153700
4970,h2d,1229600,double,153700
4971,h2d,1229600,double,153700
4972,h2d,1229600,double,153700
4973,d2h,2048,double,256
4974,h2d,1229600,double,153700
4975,h2d,1229600,double,153700
4976,h2d,1229600,double,153700
4977,h2d,1229600,double,153700
4978,h2d,1229600,double,153700
4979,h2d,1229600,double,153700
4980,h2d,1229600,double,153700
4981,h2d,1229600,double,153700
4982,h2d,1229600,double,153700
4983,h2d,1229600,double,153700
4984,h2d,1229600,double,153700
4985,h2d,1229600,double,153700
4986,h2d,1229600,double,153700
4987,h2d,1229600,double,153700
4988,h2d,1229600,double,153700
4989,h2d,1229600,double,153700
4990,h2d,1229600,double,153700
4991,h2d,1229600,double,153700
4992,h2d,1229600,double,153700
4993,h2d,1229600,double,153700
4994,h2d,1229600,double,153700
4995,h2d,1229600,double,153700
4996,h2d,1229600,double,153700
4997,h2d,1229600,double,153700
4998,d2h,2048,double,256
4999,h2d,1229600,double,153700
5000,h2d,1229600,double,153700
5001,h2d,1229600,double,153700
5002,h2d,1229600,double,153700
5003,h2d,1229600,double,153700
5004,h2d,1229600,double,153700
5005,h2d,1229600,double,153700
5006,h2d,1229600,double,153700
5007,h2d,1229600,double,153700
5008,h2d,1229600,double,153700
5009,h2d,1229600,double,153700
5010,h2d,1229600,double,153700
5011,h2d,1229600,double,153700
5012,h2d,1229600,double,153700
5013,h2d,1229600,double,153700
5014,h2d,1229600,double,153700
5015,h2d,1229600,double,153700
5016,h2d,1229600,double,153700
5017,h2d,1229600,double,153700
5018,h2d,1229600,double,153700
5019,h2d,1229600,double,153700
5020,h2d,1229600,double,153700
5021,h2d,1229600,double,153700
5022,h2d,1229600,double,153700
5023,d2h,2048,double,256
5024,h2d,1229600,double,153700
5025,h2d,1229600,double,153700
5026,h2d,1229600,double,153700
5027,h2d,1229600,double,153700
5028,h2d,1229600,double,153700
5029,h2d,1229600,double,153700
5030,h2d,1229600,double,153700
5031,h2d,1229600,double,153700
5032,h2d,1229600,double,153700
5033,h2d,1229600,double,153700
5034,h2d,1229600,double,153700
5035,h2d,1229600,double,153700
5036,h2d,1229600,double,153700
5037,h2d,1229600,double,153700
5038,h2d,1229600,double,153700
5039,h2d,1229600,double,153700
5040,h2d,1229600,double,153700
5041,h2d,1229600,double,153700
5042,h2d,1229600,double,153700
5043,h2d,1229600,double,153700
5044,h2d,1229600,double,153700
5045,h2d,1229600,double,153700
5046,h2d,1229600,double,153700
5047,h2d,1229600,double,153700
5048,d2h,2048,double,256
5049,h2d,1229600,double,153700
5050,h2d,1229600,double,153700
5051,h2d,1229600,double,153700
5052,h2d,1229600,double,153700
5053,h2d,1229600,double,153700
5054,h2d,1229600,double,153700
5055,h2d,1229600,double,153700
5056,h2d,1229600,double,153700
5057,h2d,1229600,double,153700
5058,h2d,1229600,double,153700
5059,h2d,1229600,double,153700
5060,h2d,1229600,double,153700
5061,h2d,1229600,double,153700
5062,h2d,1229600,double,153700
5063,h2d,1229600,double,153700
5064,h2d,1229600,double,153700
5065,h2d,1229600,double,153700
5066,h2d,1229600,double,153700
5067,h2d,1229600,double,153700
5068,h2d,1229600,double,153700
5069,h2d,1229600,double,153700
5070,h2d,1229600,double,153700
5071,h2d,1229600,double,153700
5072,h2d,1229600,double,153700
5073,d2h,2048,double,256
5074,h2d,1229600,double,153700
5075,h2d,1229600,double,153700
5076,h2d,1229600,double,153700
5077,h2d,1229600,double,153700
5078,h2d,1229600,double,153700
5079,h2d,1229600,double,153700
5080,h2d,1229600,double,153700
5081,h2d,1229600,double,153700
5082,h2d,1229600,double,153700
5083,h2d,1229600,double,153700
5084,h2d,1229600,double,153700
5085,h2d,1229600,double,153700
5086,h2d,1229600,double,153700
5087,h2d,1229600,double,153700
5088,h2d,1229600,double,153700
5089,h2d,1229600,double,153700
5090,h2d,1229600,double,153700
5091,h2d,1229600,double,153700
5092,h2d,1229600,double,153700
5093,h2d,1229600,double,153700
5094,h2d,1229600,double,153700
5095,h2d,1229600,double,153700
5096,h2d,1229600,double,153700
5097,h2d,1229600,double,153700
5098,d2h,2048,double,256
5099,h2d,1229600,double,153700
5100,h2d,1229600,double,153700
5101,h2d,1229600,double,153700
5102,h2d,1229600,double,153700
5103,h2d,1229600,double,153700
5104,h2d,1229600,double,153700
5105,h2d,1229600,double,153700
5106,h2d,1229600,double,153700
5107,h2d,1229600,double,153700
5108,h2d,1229600,double,153700
5109,h2d,1229600,double,153700
5110,h2d,1229600,double,153700
5111,h2d,1229600,double,153700
5112,h2d,1229600,double,153700
5113,h2d,1229600,double,153700
5114,h2d,1229600,double,153700
5115,d2h,2048,double,256
5116,d2h,2048,double,256
5117,d2h,2048,double,256
5118,d2h,2048,double,256
5119,d2h,2048,double,256
5120,h2d,1229600,double,153700
5121,h2d,1229600,double,153700
5122,h2d,1229600,double,153700
5123,h2d,1229600,double,153700
5124,h2d,1229600,double,153700
5125,h2d,1229600,double,153700
5126,h2d,1229600,double,153700
5127,h2d,1229600,double,153700
5128,d2h,2048,double,256
5129,h2d,1229600,double,153700
5130,h2d,1229600,double,153700
5131,h2d,1229600,double,153700
5132,h2d,1229600,double,153700
5133,h2d,1229600,double,153700
5134,h2d,1229600,double,153700
5135,h2d,1229600,double,153700
5136,h2d,1229600,double,153700
5137,h2d,1229600,double,153700
5138,h2d,1229600,double,153700
5139,h2d,1229600,double,153700
5140,h2d,1229600,double,153700
5141,h2d,1229600,double,153700
5142,h2d,1229600,double,153700
5143,h2d,1229600,double,153700
5144,h2d,1229600,double,153700
5145,h2d,1229600,double,153700
5146,h2d,1229600,double,153700
5147,h2d,1229600,double,153700
5148,h2d,1229600,double,153700
5149,h2d,1229600,double,153700
5150,h2d,1229600,double,153700
5151,h2d,1229600,double,153700
5152,h2d,1229600,double,153700
5153,d2h,2048,double,256
5154,h2d,1229600,double,153700
5155,h2d,1229600,double,153700
5156,h2d,1229600,double,153700
5157,h2d,1229600,double,153700
5158,h2d,1229600,double,153700
5159,h2d,1229600,double,153700
5160,h2d,1229600,double,153700
5161,h2d,1229600,double,153700
5162,h2d,1229600,double,153700
5163,h2d,1229600,double,153700
5164,h2d,1229600,double,153700
5165,h2d,1229600,double,153700
5166,h2d,1229600,double,153700
5167,h2d,1229600,double,153700
5168,h2d,1229600,double,153700
5169,h2d,1229600,double,153700
5170,h2d,1229600,double,153700
5171,h2d,1229600,double,153700
5172,h2d,1229600,double,153700
5173,h2d,1229600,double,153700
5174,h2d,1229600,double,153700
5175,h2d,1229600,double,153700
5176,h2d,1229600,double,153700
5177,h2d,1229600,double,153700
5178,d2h,2048,double,256
5179,h2d,1229600,double,153700
5180,h2d,1229600,double,153700
5181,h2d,1229600,double,153700
5182,h2d,1229600,double,153700
5183,h2d,1229600,double,153700
5184,h2d,1229600,double,153700
5185,h2d,1229600,double,153700
5186,h2d,1229600,double,153700
5187,h2d,1229600,double,153700
5188,h2d,1229600,double,153700
5189,h2d,1229600,double,153700
5190,h2d,1229600,double,153700
5191,h2d,1229600,double,153700
5192,h2d,1229600,double,153700
5193,h2d,1229600,double,153700
5194,h2d,1229600,double,153700
5195,h2d,1229600,double,153700
5196,h2d,1229600,double,153700
5197,h2d,1229600,double,153700
5198,h2d,1229600,double,153700
5199,h2d,1229600,double,153700
5200,h2d,1229600,double,153700
5201,h2d,1229600,double,153700
5202,h2d,1229600,double,153700
5203,d2h,2048,double,256
5204,h2d,1229600,double,153700
5205,h2d,1229600,double,153700
5206,h2d,1229600,double,153700
5207,h2d,1229600,double,153700
5208,h2d,1229600,double,153700
5209,h2d,1229600,double,153700
5210,h2d,1229600,double,153700
5211,h2d,1229600,double,153700
5212,h2d,1229600,double,153700
5213,h2d,1229600,double,153700
5214,h2d,1229600,double,153700
5215,h2d,1229600,double,153700
5216,h2d,1229600,double,153700
5217,h2d,1229600,double,153700
5218,h2d,1229600,double,153700
5219,h2d,1229600,double,153700
5220,h2d,1229600,double,153700
5221,h2d,1229600,double,153700
5222,h2d,1229600,double,153700
5223,h2d,1229600,double,153700
5224,h2d,1229600,double,153700
5225,h2d,1229600,double,153700
5226,h2d,1229600,double,153700
5227,h2d,1229600,double,153700
5228,d2h,2048,double,256
5229,h2d,1229600,double,153700
5230,h2d,1229600,double,153700
5231,h2d,1229600,double,153700
5232,h2d,1229600,double,153700
5233,h2d,1229600,double,153700
5234,h2d,1229600,double,153700
5235,h2d,1229600,double,153700
5236,h2d,1229600,double,153700
5237,h2d,1229600,double,153700
5238,h2d,1229600,double,153700
5239,h2d,1229600,double,153700
5240,h2d,1229600,double,153700
5241,h2d,1229600,double,153700
5242,h2d,1229600,double,153700
5243,h2d,1229600,double,153700
5244,h2d,1229600,double,153700
5245,h2d,1229600,double,153700
5246,h2d,1229600,double,153700
5247,h2d,1229600,double,153700
5248,h2d,1229600,double,153700
5249,h2d,1229600,double,153700
5250,h2d,1229600,double,153700
5251,h2d,1229600,double,153700
5252,h2d,1229600,double,153700
5253,d2h,2048,double,256
5254,h2d,1229600,double,153700
5255,h2d,1229600,double,153700
5256,h2d,1229600,double,153700
5257,h2d,1229600,double,153700
5258,h2d,1229600,double,153700
5259,h2d,1229600,double,153700
5260,h2d,1229600,double,153700
5261,h2d,1229600,double,153700
5262,h2d,1229600,double,153700
5263,h2d,1229600,double,153700
5264,h2d,1229600,double,153700
5265,h2d,1229600,double,153700
5266,h2d,1229600,double,153700
5267,h2d,1229600,double,153700
5268,h2d,1229600,double,153700
5269,h2d,1229600,double,153700
5270,h2d,1229600,double,153700
5271,h2d,1229600,double,153700
5272,h2d,1229600,double,153700
5273,h2d,1229600,double,153700
5274,h2d,1229600,double,153700
5275,h2d,1229600,double,153700
5276,h2d,1229600,double,153700
5277,h2d,1229600,double,153700
5278,d2h,2048,double,256
5279,h2d,1229600,double,153700
5280,h2d,1229600,double,153700
5281,h2d,1229600,double,153700
5282,h2d,1229600,double,153700
5283,h2d,1229600,double,153700
5284,h2d,1229600,double,153700
5285,h2d,1229600,double,153700
5286,h2d,1229600,double,153700
5287,h2d,1229600,double,153700
5288,h2d,1229600,double,153700
5289,h2d,1229600,double,153700
5290,h2d,1229600,double,153700
5291,h2d,1229600,double,153700
5292,h2d,1229600,double,153700
5293,h2d,1229600,double,153700
5294,h2d,1229600,double,153700
5295,h2d,1229600,double,153700
5296,h2d,1229600,double,153700
5297,h2d,1229600,double,153700
5298,h2d,1229600,double,153700
5299,h2d,1229600,double,153700
5300,h2d,1229600,double,153700
5301,h2d,1229600,double,153700
5302,h2d,1229600,double,153700
5303,d2h,2048,double,256
5304,h2d,1229600,double,153700
5305,h2d,1229600,double,153700
5306,h2d,1229600,double,153700
5307,h2d,1229600,double,153700
5308,h2d,1229600,double,153700
5309,h2d,1229600,double,153700
5310,h2d,1229600,double,153700
5311,h2d,1229600,double,153700
5312,h2d,1229600,double,153700
5313,h2d,1229600,double,153700
5314,h2d,1229600,double,153700
5315,h2d,1229600,double,153700
5316,h2d,1229600,double,153700
5317,h2d,1229600,double,153700
5318,h2d,1229600,double,153700
5319,h2d,1229600,double,153700
5320,h2d,1229600,double,153700
5321,h2d,1229600,double,153700
5322,h2d,1229600,double,153700
5323,h2d,1229600,double,153700
5324,h2d,1229600,double,153700
5325,h2d,1229600,double,153700
5326,h2d,1229600,double,153700
5327,h2d,1229600,double,153700
5328,d2h,2048,double,256
5329,h2d,1229600,double,153700
5330,h2d,1229600,double,153700
5331,h2d,1229600,double,153700
5332,h2d,1229600,double,153700
5333,h2d,1229600,double,153700
5334,h2d,1229600,double,153700
5335,h2d,1229600,double,153700
5336,h2d,1229600,double,153700
5337,h2d,1229600,double,153700
5338,h2d,1229600,double,153700
5339,h2d,1229600,double,153700
5340,h2d,1229600,double,153700
5341,h2d,1229600,double,153700
5342,h2d,1229600,double,153700
5343,h2d,1229600,double,153700
5344,h2d,1229600,double,153700
5345,h2d,1229600,double,153700
5346,h2d,1229600,double,153700
5347,h2d,1229600,double,153700
5348,h2d,1229600,double,153700
5349,h2d,1229600,double,153700
5350,h2d,1229600,double,153700
5351,h2d,1229600,double,153700
5352,h2d,1229600,double,153700
5353,d2h,2048,double,256
5354,h2d,1229600,double,153700
5355,h2d,1229600,double,153700
5356,h2d,1229600,double,153700
5357,h2d,1229600,double,153700
5358,h2d,1229600,double,153700
5359,h2d,1229600,double,153700
5360,h2d,1229600,double,153700
5361,h2d,1229600,double,153700
5362,h2d,1229600,double,153700
5363,h2d,1229600,double,153700
5364,h2d,1229600,double,153700
5365,h2d,1229600,double,153700
5366,h2d,1229600,double,153700
5367,h2d,1229600,double,153700
5368,h2d,1229600,double,153700
5369,h2d,1229600,double,153700
5370,d2h,2048,double,256
5371,d2h,2048,double,256
5372,d2h,2048,double,256
5373,d2h,2048,double,256
5374,d2h,2048,double,256
5375,h2d,1229600,double,153700
5376,h2d,1229600,double,153700
5377,h2d,1229600,double,153700
5378,h2d,1229600,double,153700
5379,h2d,1229600,double,153700
5380,h2d,1229600,double,153700
5381,h2d,1229600,double,153700
5382,h2d,1229600,double,153700
5383,d2h,2048,double,256
5384,h2d,1229600,double,153700
5385,h2d,1229600,double,153700
5386,h2d,1229600,double,153700
5387,h2d,1229600,double,153700
5388,h2d,1229600,double,153700
5389,h2d,1229600,double,153700
5390,h2d,1229600,double,153700
5391,h2d,1229600,double,153700
5392,h2d,1229600,double,153700
5393,h2d,1229600,double,153700
5394,h2d,1229600,double,153700
5395,h2d,1229600,double,153700
5396,h2d,1229600,double,153700
5397,h2d,1229600,double,153700
5398,h2d,1229600,double,153700
5399,h2d,1229600,double,153700
5400,h2d,1229600,double,153700
5401,h2d,1229600,double,153700
5402,h2d,1229600,double,153700
5403,h2d,1229600,double,153700
5404,h2d,1229600,double,153700
5405,h2d,1229600,double,153700
5406,h2d,1229600,double,153700
5407,h2d,1229600,double,153700
5408,d2h,2048,double,256
5409,h2d,1229600,double,153700
5410,h2d,1229600,double,153700
5411,h2d,1229600,double,153700
5412,h2d,1229600,double,153700
5413,h2d,1229600,double,153700
5414,h2d,1229600,double,153700
5415,h2d,1229600,double,153700
5416,h2d,1229600,double,153700
5417,h2d,1229600,double,153700
5418,h2d,1229600,double,153700
5419,h2d,1229600,double,153700
5420,h2d,1229600,double,153700
5421,h2d,1229600,double,153700
5422,h2d,1229600,double,153700
5423,h2d,1229600,double,153700
5424,h2d,1229600,double,153700
5425,h2d,1229600,double,153700
5426,h2d,1229600,double,153700
5427,h2d,1229600,double,153700
5428,h2d,1229600,double,153700
5429,h2d,1229600,double,153700
5430,h2d,1229600,double,153700
5431,h2d,1229600,double,153700
5432,h2d,1229600,double,153700
5433,d2h,2048,double,256
5434,h2d,1229600,double,153700
5435,h2d,1229600,double,153700
5436,h2d,1229600,double,153700
5437,h2d,1229600,double,153700
5438,h2d,1229600,double,153700
5439,h2d,1229600,double,153700
5440,h2d,1229600,double,153700
5441,h2d,1229600,double,153700
5442,h2d,1229600,double,153700
5443,h2d,1229600,double,153700
5444,h2d,1229600,double,153700
5445,h2d,1229600,double,153700
5446,h2d,1229600,double,153700
5447,h2d,1229600,double,153700
5448,h2d,1229600,double,153700
5449,h2d,1229600,double,153700
5450,h2d,1229600,double,153700
5451,h2d,1229600,double,153700
5452,h2d,1229600,double,153700
5453,h2d,1229600,double,153700
5454,h2d,1229600,double,153700
5455,h2d,1229600,double,153700
5456,h2d,1229600,double,153700
5457,h2d,1229600,double,153700
5458,d2h,2048,double,256
5459,h2d,1229600,double,153700
5460,h2d,1229600,double,153700
5461,h2d,1229600,double,153700
5462,h2d,1229600,double,153700
5463,h2d,1229600,double,153700
5464,h2d,1229600,double,153700
5465,h2d,1229600,double,153700
5466,h2d,1229600,double,153700
5467,h2d,1229600,double,153700
5468,h2d,1229600,double,153700
5469,h2d,1229600,double,153700
5470,h2d,1229600,double,153700
5471,h2d,1229600,double,153700
5472,h2d,1229600,double,153700
5473,h2d,1229600,double,153700
5474,h2d,1229600,double,153700
5475,h2d,1229600,double,153700
5476,h2d,1229600,double,153700
5477,h2d,1229600,double,153700
5478,h2d,1229600,double,153700
5479,h2d,1229600,double,153700
5480,h2d,1229600,double,153700
5481,h2d,1229600,double,153700
5482,h2d,1229600,double,153700
5483,d2h,2048,double,256
5484,h2d,1229600,double,153700
5485,h2d,1229600,double,153700
5486,h2d,1229600,double,153700
5487,h2d,1229600,double,153700
5488,h2d,1229600,double,153700
5489,h2d,1229600,double,153700
5490,h2d,1229600,double,153700
5491,h2d,1229600,double,153700
5492,h2d,1229600,double,153700
5493,h2d,1229600,double,153700
5494,h2d,1229600,double,153700
5495,h2d,1229600,double,153700
5496,h2d,1229600,double,153700
5497,h2d,1229600,double,153700
5498,h2d,1229600,double,153700
5499,h2d,1229600,double,153700
5500,h2d,1229600,double,153700
5501,h2d,1229600,double,153700
5502,h2d,1229600,double,153700
5503,h2d,1229600,double,153700
5504,h2d,1229600,double,153700
5505,h2d,1229600,double,153700
5506,h2d,1229600,double,153700
5507,h2d,1229600,double,153700
5508,d2h,2048,double,256
5509,h2d,1229600,double,153700
5510,h2d,1229600,double,153700
5511,h2d,1229600,double,153700
5512,h2d,1229600,double,153700
5513,h2d,1229600,double,153700
5514,h2d,1229600,double,153700
5515,h2d,1229600,double,153700
5516,h2d,1229600,double,153700
5517,h2d,1229600,double,153700
5518,h2d,1229600,double,153700
5519,h2d,1229600,double,153700
5520,h2d,1229600,double,153700
5521,h2d,1229600,double,153700
5522,h2d,1229600,double,153700
5523,h2d,1229600,double,153700
5524,h2d,1229600,double,153700
5525,h2d,1229600,double,153700
5526,h2d,1229600,double,153700
5527,h2d,1229600,double,153700
5528,h2d,1229600,double,153700
5529,h2d,1229600,double,153700
5530,h2d,1229600,double,153700
5531,h2d,1229600,double,153700
5532,h2d,1229600,double,153700
5533,d2h,2048,double,256
5534,h2d,1229600,double,153700
5535,h2d,1229600,double,153700
5536,h2d,1229600,double,153700
5537,h2d,1229600,double,153700
5538,h2d,1229600,double,153700
5539,h2d,1229600,double,153700
5540,h2d,1229600,double,153700
5541,h2d,1229600,double,153700
5542,h2d,1229600,double,153700
5543,h2d,1229600,double,153700
5544,h2d,1229600,double,153700
5545,h2d,1229600,double,153700
5546,h2d,1229600,double,153700
5547,h2d,1229600,double,153700
5548,h2d,1229600,double,153700
5549,h2d,1229600,double,153700
5550,h2d,1229600,double,153700
5551,h2d,1229600,double,153700
5552,h2d,1229600,double,153700
5553,h2d,1229600,double,153700
5554,h2d,1229600,double,153700
5555,h2d,1229600,double,153700
5556,h2d,1229600,double,153700
5557,h2d,1229600,double,153700
5558,d2h,2048,double,256
5559,h2d,1229600,double,153700
5560,h2d,1229600,double,153700
5561,h2d,1229600,double,153700
5562,h2d,1229600,double,153700
5563,h2d,1229600,double,153700
5564,h2d,1229600,double,153700
5565,h2d,1229600,double,153700
5566,h2d,1229600,double,153700
5567,h2d,1229600,double,153700
5568,h2d,1229600,double,153700
5569,h2d,1229600,double,153700
5570,h2d,1229600,double,153700
5571,h2d,1229600,double,153700
5572,h2d,1229600,double,153700
5573,h2d,1229600,double,153700
5574,h2d,1229600,double,153700
5575,h2d,1229600,double,153700
5576,h2d,1229600,double,153700
5577,h2d,1229600,double,153700
5578,h2d,1229600,double,153700
5579,h2d,1229600,double,153700
5580,h2d,1229600,double,153700
5581,h2d,1229600,double,153700
5582,h2d,1229600,double,153700
5583,d2h,2048,double,256
5584,h2d,1229600,double,153700
5585,h2d,1229600,double,153700
5586,h2d,1229600,double,153700
5587,h2d,1229600,double,153700
5588,h2d,1229600,double,153700
5589,h2d,1229600,double,153700
5590,h2d,1229600,double,153700
5591,h2d,1229600,double,153700
5592,h2d,1229600,double,153700
5593,h2d,1229600,double,153700
5594,h2d,1229600,double,153700
5595,h2d,1229600,double,153700
5596,h2d,1229600,double,153700
5597,h2d,1229600,double,153700
5598,h2d,1229600,double,153700
5599,h2d,1229600,double,153700
5600,h2d,1229600,double,153700
5601,h2d,1229600,double,153700
5602,h2d,1229600,double,153700
5603,h2d,1229600,double,153700
5604,h2d,1229600,double,153700
5605,h2d,1229600,double,153700
5606,h2d,1229600,double,153700
5607,h2d,1229600,double,153700
5608,d2h,2048,double,256
5609,h2d,1229600,double,153700
5610,h2d,1229600,double,153700
5611,h2d,1229600,double,153700
5612,h2d,1229600,double,153700
5613,h2d,1229600,double,153700
5614,h2d,1229600,double,153700
5615,h2d,1229600,double,153700
5616,h2d,1229600,double,153700
5617,h2d,1229600,double,153700
5618,h2d,1229600,double,153700
5619,h2d,1229600,double,153700
5620,h2d,1229600,double,153700
5621,h2d,1229600,double,153700
5622,h2d,1229600,double,153700
5623,h2d,1229600,double,153700
5624,h2d,1229600,double,153700
5625,d2h,2048,double,256
5626,d2h,2048,double,256
5627,d2h,2048,double,256
5628,d2h,2048,double,256
5629,d2h,2048,double,256
5630,h2d,1229600,double,153700
5631,h2d,1229600,double,153700
5632,h2d,1229600,double,153700
5633,h2d,1229600,double,153700
5634,h2d,1229600,double,153700
5635,h2d,1229600,double,153700
5636,h2d,1229600,double,153700
5637,h2d,1229600,double,153700
5638,d2h,2048,double,256
5639,h2d,1229600,double,153700
5640,h2d,1229600,double,153700
5641,h2d,1229600,double,153700
5642,h2d,1229600,double,153700
5643,h2d,1229600,double,153700
5644,h2d,1229600,double,153700
5645,h2d,1229600,double,153700
5646,h2d,1229600,double,153700
5647,h2d,1229600,double,153700
5648,h2d,1229600,double,153700
5649,h2d,1229600,double,153700
5650,h2d,1229600,double,153700
5651,h2d,1229600,double,153700
5652,h2d,1229600,double,153700
5653,h2d,1229600,double,153700
5654,h2d,1229600,double,153700
5655,h2d,1229600,double,153700
5656,h2d,1229600,double,153700
5657,h2d,1229600,double,153700
5658,h2d,1229600,double,153700
5659,h2d,1229600,double,153700
5660,h2d,1229600,double,153700
5661,h2d,1229600,double,153700
5662,h2d,1229600,double,153700
5663,d2h,2048,double,256
5664,h2d,1229600,double,153700
5665,h2d,1229600,double,153700
5666,h2d,1229600,double,153700
5667,h2d,1229600,double,153700
5668,h2d,1229600,double,153700
5669,h2d,1229600,double,153700
5670,h2d,1229600,double,153700
5671,h2d,1229600,double,153700
5672,h2d,1229600,double,153700
5673,h2d,1229600,double,153700
5674,h2d,1229600,double,153700
5675,h2d,1229600,double,153700
5676,h2d,1229600,double,153700
5677,h2d,1229600,double,153700
5678,h2d,1229600,double,153700
5679,h2d,1229600,double,153700
5680,h2d,1229600,double,153700
5681,h2d,1229600,double,153700
5682,h2d,1229600,double,153700
5683,h2d,1229600,double,153700
5684,h2d,1229600,double,153700
5685,h2d,1229600,double,153700
5686,h2d,1229600,double,153700
5687,h2d,1229600,double,153700
5688,d2h,2048,double,256
5689,h2d,1229600,double,153700
5690,h2d,1229600,double,153700
5691,h2d,1229600,double,153700
5692,h2d,1229600,double,153700
5693,h2d,1229600,double,153700
5694,h2d,1229600,double,153700
5695,h2d,1229600,double,153700
5696,h2d,1229600,double,153700
5697,h2d,1229600,double,153700
5698,h2d,1229600,double,153700
5699,h2d,1229600,double,153700
5700,h2d,1229600,double,153700
5701,h2d,1229600,double,153700
5702,h2d,1229600,double,153700
5703,h2d,1229600,double,153700
5704,h2d,1229600,double,153700
5705,h2d,1229600,double,153700
5706,h2d,1229600,double,153700
5707,h2d,1229600,double,153700
5708,h2d,1229600,double,153700
5709,h2d,1229600,double,153700
5710,h2d,1229600,double,153700
5711,h2d,1229600,double,153700
5712,h2d,1229600,double,153700
5713,d2h,2048,double,256
5714,h2d,1229600,double,153700
5715,h2d,1229600,double,153700
5716,h2d,1229600,double,153700
5717,h2d,1229600,double,153700
5718,h2d,1229600,double,153700
5719,h2d,1229600,double,153700
5720,h2d,1229600,double,153700
5721,h2d,1229600,double,153700
5722,h2d,1229600,double,153700
5723,h2d,1229600,double,153700
5724,h2d,1229600,double,153700
5725,h2d,1229600,double,153700
5726,h2d,1229600,double,153700
5727,h2d,1229600,double,153700
5728,h2d,1229600,double,153700
5729,h2d,1229600,double,153700
5730,h2d,1229600,double,153700
5731,h2d,1229600,double,153700
5732,h2d,1229600,double,153700
5733,h2d,1229600,double,153700
5734,h2d,1229600,double,153700
5735,h2d,1229600,double,153700
5736,h2d,1229600,double,153700
5737,h2d,1229600,double,153700
5738,d2h,2048,double,256
5739,h2d,1229600,double,153700
5740,h2d,1229600,double,153700
5741,h2d,1229600,double,153700
5742,h2d,1229600,double,153700
5743,h2d,1229600,double,153700
5744,h2d,1229600,double,153700
5745,h2d,1229600,double,153700
5746,h2d,1229600,double,153700
5747,h2d,1229600,double,153700
5748,h2d,1229600,double,153700
5749,h2d,1229600,double,153700
5750,h2d,1229600,double,153700
5751,h2d,1229600,double,153700
5752,h2d,1229600,double,153700
5753,h2d,1229600,double,153700
5754,h2d,1229600,double,153700
5755,h2d,1229600,double,153700
5756,h2d,1229600,double,153700
5757,h2d,1229600,double,153700
5758,h2d,1229600,double,153700
5759,h2d,1229600,double,153700
5760,h2d,1229600,double,153700
5761,h2d,1229600,double,153700
5762,h2d,1229600,double,153700
5763,d2h,2048,double,256
5764,h2d,1229600,double,153700
5765,h2d,1229600,double,153700
5766,h2d,1229600,double,153700
5767,h2d,1229600,double,153700
5768,h2d,1229600,double,153700
5769,h2d,1229600,double,153700
5770,h2d,1229600,double,153700
5771,h2d,1229600,double,153700
5772,h2d,1229600,double,153700
5773,h2d,1229600,double,153700
5774,h2d,1229600,double,153700
5775,h2d,1229600,double,153700
5776,h2d,1229600,double,153700
5777,h2d,1229600,double,153700
5778,h2d,1229600,double,153700
5779,h2d,1229600,double,153700
5780,h2d,1229600,double,153700
5781,h2d,1229600,double,153700
5782,h2d,1229600,double,153700
5783,h2d,1229600,double,153700
5784,h2d,1229600,double,153700
5785,h2d,1229600,double,153700
5786,h2d,1229600,double,153700
5787,h2d,1229600,double,153700
5788,d2h,2048,double,256
5789,h2d,1229600,double,153700
5790,h2d,1229600,double,153700
5791,h2d,1229600,double,153700
5792,h2d,1229600,double,153700
5793,h2d,1229600,double,153700
5794,h2d,1229600,double,153700
5795,h2d,1229600,double,153700
5796,h2d,1229600,double,153700
5797,h2d,1229600,double,153700
5798,h2d,1229600,double,153700
5799,h2d,1229600,double,153700
5800,h2d,1229600,double,153700
5801,h2d,1229600,double,153700
5802,h2d,1229600,double,153700
5803,h2d,1229600,double,153700
5804,h2d,1229600,double,153700
5805,h2d,1229600,double,153700
5806,h2d,1229600,double,153700
5807,h2d,1229600,double,153700
5808,h2d,1229600,double,153700
5809,h2d,1229600,double,153700
5810,h2d,1229600,double,153700
5811,h2d,1229600,double,153700
5812,h2d,1229600,double,153700
5813,d2h,2048,double,256
5814,h2d,1229600,double,153700
5815,h2d,1229600,double,153700
5816,h2d,1229600,double,153700
5817,h2d,1229600,double,153700
5818,h2d,1229600,double,153700
5819,h2d,1229600,double,153700
5820,h2d,1229600,double,153700
5821,h2d,1229600,double,153700
5822,h2d,1229600,double,153700
5823,h2d,1229600,double,153700
5824,h2d,1229600,double,153700
5825,h2d,1229600,double,153700
5826,h2d,1229600,double,153700
5827,h2d,1229600,double,153700
5828,h2d,1229600,double,153700
5829,h2d,1229600,double,153700
5830,h2d,1229600,double,153700
5831,h2d,1229600,double,153700
5832,h2d,1229600,double,153700
5833,h2d,1229600,double,153700
5834,h2d,1229600,double,153700
5835,h2d,1229600,double,153700
5836,h2d,1229600,double,153700
5837,h2d,1229600,double,153700
5838,d2h,2048,double,256
5839,h2d,1229600,double,153700
5840,h2d,1229600,double,153700
5841,h2d,1229600,double,153700
5842,h2d,1229600,double,153700
5843,h2d,1229600,double,153700
5844,h2d,1229600,double,153700
5845,h2d,1229600,double,153700
5846,h2d,1229600,double,153700
5847,h2d,1229600,double,153700
5848,h2d,1229600,double,153700
5849,h2d,1229600,double,153700
5850,h2d,1229600,double,153700
5851,h2d,1229600,double,153700
5852,h2d,1229600,double,153700
5853,h2d,1229600,double,153700
5854,h2d,1229600,double,153700
5855,h2d,1229600,double,153700
5856,h2d,1229600,double,153700
5857,h2d,1229600,double,153700
5858,h2d,1229600,double,153700
5859,h2d,1229600,double,153700
5860,h2d,1229600,double,153700
5861,h2d,1229600,double,153700
5862,h2d,1229600,double,153700
5863,d2h,2048,double,256
5864,h2d,1229600,double,153700
5865,h2d,1229600,double,153700
5866,h2d,1229600,double,153700
5867,h2d,1229600,double,153700
5868,h2d,1229600,double,153700
5869,h2d,1229600,double,153700
5870,h2d,1229600,double,153700
5871,h2d,1229600,double,153700
5872,h2d,1229600,double,153700
5873,h2d,1229600,double,153700
5874,h2d,1229600,double,153700
5875,h2d,1229600,double,153700
5876,h2d,1229600,double,153700
5877,h2d,1229600,double,153700
5878,h2d,1229600,double,153700
5879,h2d,1229600,double,153700
5880,d2h,2048,double,256
5881,d2h,2048,double,256
5882,d2h,2048,double,256
5883,d2h,2048,double,256
5884,d2h,2048,double,256
5885,h2d,1229600,double,153700
5886,h2d,1229600,double,153700
5887,h2d,1229600,double,153700
5888,h2d,1229600,double,153700
5889,h2d,1229600,double,153700
5890,h2d,1229600,double,153700
5891,h2d,1229600,double,153700
5892,h2d,1229600,double,153700
5893,d2h,2048,double,256
5894,h2d,1229600,double,153700
5895,h2d,1229600,double,153700
5896,h2d,1229600,double,153700
5897,h2d,1229600,double,153700
5898,h2d,1229600,double,153700
5899,h2d,1229600,double,153700
5900,h2d,1229600,double,153700
5901,h2d,1229600,double,153700
5902,h2d,1229600,double,153700
5903,h2d,1229600,double,153700
5904,h2d,1229600,double,153700
5905,h2d,1229600,double,153700
5906,h2d,1229600,double,153700
5907,h2d,1229600,double,153700
5908,h2d,1229600,double,153700
5909,h2d,1229600,double,153700
5910,h2d,1229600,double,153700
5911,h2d,1229600,double,153700
5912,h2d,1229600,double,153700
5913,h2d,1229600,double,153700
5914,h2d,1229600,double,153700
5915,h2d,1229600,double,153700
5916,h2d,1229600,double,153700
5917,h2d,1229600,double,153700
5918,d2h,2048,double,256
5919,h2d,1229600,double,153700
5920,h2d,1229600,double,153700
5921,h2d,1229600,double,153700
5922,h2d,1229600,double,153700
5923,h2d,1229600,double,153700
5924,h2d,1229600,double,153700
5925,h2d,1229600,double,153700
5926,h2d,1229600,double,153700
5927,h2d,1229600,double,153700
5928,h2d,1229600,double,153700
5929,h2d,1229600,double,153700
5930,h2d,1229600,double,153700
5931,h2d,1229600,double,153700
5932,h2d,1229600,double,153700
5933,h2d,1229600,double,153700
5934,h2d,1229600,double,153700
5935,h2d,1229600,double,153700
5936,h2d,1229600,double,153700
5937,h2d,1229600,double,153700
5938,h2d,1229600,double,153700
5939,h2d,1229600,double,153700
5940,h2d,1229600,double,153700
5941,h2d,1229600,double,153700
5942,h2d,1229600,double,153700
5943,d2h,2048,double,256
5944,h2d,1229600,double,153700
5945,h2d,1229600,double,153700
5946,h2d,1229600,double,153700
5947,h2d,1229600,double,153700
5948,h2d,1229600,double,153700
5949,h2d,1229600,double,153700
5950,h2d,1229600,double,153700
5951,h2d,1229600,double,153700
5952,h2d,1229600,double,153700
5953,h2d,1229600,double,153700
5954,h2d,1229600,double,153700
5955,h2d,1229600,double,153700
5956,h2d,1229600,double,153700
5957,h2d,1229600,double,153700
5958,h2d,1229600,double,153700
5959,h2d,1229600,double,153700
5960,h2d,1229600,double,153700
5961,h2d,1229600,double,153700
5962,h2d,1229600,double,153700
5963,h2d,1229600,double,153700
5964,h2d,1229600,double,153700
5965,h2d,1229600,double,153700
5966,h2d,1229600,double,153700
5967,h2d,1229600,double,153700
5968,d2h,2048,double,256
5969,h2d,1229600,double,153700
5970,h2d,1229600,double,153700
5971,h2d,1229600,double,153700
5972,h2d,1229600,double,153700
5973,h2d,1229600,double,153700
5974,h2d,1229600,double,153700
5975,h2d,1229600,double,153700
5976,h2d,1229600,double,153700
5977,h2d,1229600,double,153700
5978,h2d,1229600,double,153700
5979,h2d,1229600,double,153700
5980,h2d,1229600,double,153700
5981,h2d,1229600,double,153700
5982,h2d,1229600,double,153700
5983,h2d,1229600,double,153700
5984,h2d,1229600,double,153700
5985,h2d,1229600,double,153700
5986,h2d,1229600,double,153700
5987,h2d,1229600,double,153700
5988,h2d,1229600,double,153700
5989,h2d,1229600,double,153700
5990,h2d,1229600,double,153700
5991,h2d,1229600,double,153700
5992,h2d,1229600,double,153700
5993,d2h,2048,double,256
5994,h2d,1229600,double,153700
5995,h2d,1229600,double,153700
5996,h2d,1229600,double,153700
5997,h2d,1229600,double,153700
5998,h2d,1229600,double,153700
5999,h2d,1229600,double,153700
6000,h2d,1229600,double,153700
6001,h2d,1229600,double,153700
6002,h2d,1229600,double,153700
6003,h2d,1229600,double,153700
6004,h2d,1229600,double,153700
6005,h2d,1229600,double,153700
6006,h2d,1229600,double,153700
6007,h2d,1229600,double,153700
6008,h2d,1229600,double,153700
6009,h2d,1229600,double,153700
6010,h2d,1229600,double,153700
6011,h2d,1229600,double,153700
6012,h2d,1229600,double,153700
6013,h2d,1229600,double,153700
6014,h2d,1229600,double,153700
6015,h2d,1229600,double,153700
6016,h2d,1229600,double,153700
6017,h2d,1229600,double,153700
6018,d2h,2048,double,256
6019,h2d,1229600,double,153700
6020,h2d,1229600,double,153700
6021,h2d,1229600,double,153700
6022,h2d,1229600,double,153700
6023,h2d,1229600,double,153700
6024,h2d,1229600,double,153700
6025,h2d,1229600,double,153700
6026,h2d,1229600,double,153700
6027,h2d,1229600,double,153700
6028,h2d,1229600,double,153700
6029,h2d,1229600,double,153700
6030,h2d,1229600,double,153700
6031,h2d,1229600,double,153700
6032,h2d,1229600,double,153700
6033,h2d,1229600,double,153700
6034,h2d,1229600,double,153700
6035,h2d,1229600,double,153700
6036,h2d,1229600,double,153700
6037,h2d,1229600,double,153700
6038,h2d,1229600,double,153700
6039,h2d,1229600,double,153700
6040,h2d,1229600,double,153700
6041,h2d,1229600,double,153700
6042,h2d,1229600,double,153700
6043,d2h,2048,double,256
6044,h2d,1229600,double,153700
6045,h2d,1229600,double,153700
6046,h2d,1229600,double,153700
6047,h2d,1229600,double,153700
6048,h2d,1229600,double,153700
6049,h2d,1229600,double,153700
6050,h2d,1229600,double,153700
6051,h2d,1229600,double,153700
6052,h2d,1229600,double,153700
6053,h2d,1229600,double,153700
6054,h2d,1229600,double,153700
6055,h2d,1229600,double,153700
6056,h2d,1229600,double,153700
6057,h2d,1229600,double,153700
6058,h2d,1229600,double,153700
6059,h2d,1229600,double,153700
6060,h2d,1229600,double,153700
6061,h2d,1229600,double,153700
6062,h2d,1229600,double,153700
6063,h2d,1229600,double,153700
6064,h2d,1229600,double,153700
6065,h2d,1229600,double,153700
6066,h2d,1229600,double,153700
6067,h2d,1229600,double,153700
6068,d2h,2048,double,256
6069,h2d,1229600,double,153700
6070,h2d,1229600,double,153700
6071,h2d,1229600,double,153700
6072,h2d,1229600,double,153700
6073,h2d,1229600,double,153700
6074,h2d,1229600,double,153700
6075,h2d,1229600,double,153700
6076,h2d,1229600,double,153700
6077,h2d,1229600,double,153700
6078,h2d,1229600,double,153700
6079,h2d,1229600,double,153700
6080,h2d,1229600,double,153700
6081,h2d,1229600,double,153700
6082,h2d,1229600,double,153700
6083,h2d,1229600,double,153700
6084,h2d,1229600,double,153700
6085,h2d,1229600,double,153700
6086,h2d,1229600,double,153700
6087,h2d,1229600,double,153700
6088,h2d,1229600,double,153700
6089,h2d,1229600,double,153700
6090,h2d,1229600,double,153700
6091,h2d,1229600,double,153700
6092,h2d,1229600,double,153700
6093,d2h,2048,double,256
6094,h2d,1229600,double,153700
6095,h2d,1229600,double,153700
6096,h2d,1229600,double,153700
6097,h2d,1229600,double,153700
6098,h2d,1229600,double,153700
6099,h2d,1229600,double,153700
6100,h2d,1229600,double,153700
6101,h2d,1229600,double,153700
6102,h2d,1229600,double,153700
6103,h2d,1229600,double,153700
6104,h2d,1229600,double,153700
6105,h2d,1229600,double,153700
6106,h2d,1229600,double,153700
6107,h2d,1229600,double,153700
6108,h2d,1229600,double,153700
6109,h2d,1229600,double,153700
6110,h2d,1229600,double,153700
6111,h2d,1229600,double,153700
6112,h2d,1229600,double,153700
6113,h2d,1229600,double,153700
6114,h2d,1229600,double,153700
6115,h2d,1229600,double,153700
6116,h2d,1229600,double,153700
6117,h2d,1229600,double,153700
6118,d2h,2048,double,256
6119,h2d,1229600,double,153700
6120,h2d,1229600,double,153700
6121,h2d,1229600,double,153700
6122,h2d,1229600,double,153700
6123,h2d,1229600,double,153700
6124,h2d,1229600,double,153700
6125,h2d,1229600,double,153700
6126,h2d,1229600,double,153700
6127,h2d,1229600,double,153700
6128,h2d,1229600,double,153700
6129,h2d,1229600,double,153700
6130,h2d,1229600,double,153700
6131,h2d,1229600,double,153700
6132,h2d,1229600,double,153700
6133,h2d,1229600,double,153700
6134,h2d,1229600,double,153700
6135,d2h,2048,double,256
6136,d2h,2048,double,256
6137,d2h,2048,double,256
6138,d2h,2048,double,256
6139,d2h,2048,double,256
6140,h2d,1229600,double,153700
6141,h2d,1229600,double,153700
6142,h2d,1229600,double,153700
6143,h2d,1229600,double,153700
6144,h2d,1229600,double,153700
6145,h2d,1229600,double,153700
6146,h2d,1229600,double,153700
6147,h2d,1229600,double,153700
6148,d2h,2048,double,256
6149,h2d,1229600,double,153700
6150,h2d,1229600,double,153700
6151,h2d,1229600,double,153700
6152,h2d,1229600,double,153700
6153,h2d,1229600,double,153700
6154,h2d,1229600,double,153700
6155,h2d,1229600,double,153700
6156,h2d,1229600,double,153700
6157,h2d,1229600,double,153700
6158,h2d,1229600,double,153700
6159,h2d,1229600,double,153700
6160,h2d,1229600,double,153700
6161,h2d,1229600,double,153700
6162,h2d,1229600,double,153700
6163,h2d,1229600,double,153700
6164,h2d,1229600,double,153700
6165,h2d,1229600,double,153700
6166,h2d,1229600,double,153700
6167,h2d,1229600,double,153700
6168,h2d,1229600,double,153700
6169,h2d,1229600,double,153700
6170,h2d,1229600,double,153700
6171,h2d,1229600,double,153700
6172,h2d,1229600,double,153700
6173,d2h,2048,double,256
6174,h2d,1229600,double,153700
6175,h2d,1229600,double,153700
6176,h2d,1229600,double,153700
6177,h2d,1229600,double,153700
6178,h2d,1229600,double,153700
6179,h2d,1229600,double,153700
6180,h2d,1229600,double,153700
6181,h2d,1229600,double,153700
6182,h2d,1229600,double,153700
6183,h2d,1229600,double,153700
6184,h2d,1229600,double,153700
6185,h2d,1229600,double,153700
6186,h2d,1229600,double,153700
6187,h2d,1229600,double,153700
6188,h2d,1229600,double,153700
6189,h2d,1229600,double,153700
6190,h2d,1229600,double,153700
6191,h2d,1229600,double,153700
6192,h2d,1229600,double,153700
6193,h2d,1229600,double,153700
6194,h2d,1229600,double,153700
6195,h2d,1229600,double,153700
6196,h2d,1229600,double,153700
6197,h2d,1229600,double,153700
6198,d2h,2048,double,256
6199,h2d,1229600,double,153700
6200,h2d,1229600,double,153700
6201,h2d,1229600,double,153700
6202,h2d,1229600,double,153700
6203,h2d,1229600,double,153700
6204,h2d,1229600,double,153700
6205,h2d,1229600,double,153700
6206,h2d,1229600,double,153700
6207,h2d,1229600,double,153700
6208,h2d,1229600,double,153700
6209,h2d,1229600,double,153700
6210,h2d,1229600,double,153700
6211,h2d,1229600,double,153700
6212,h2d,1229600,double,153700
6213,h2d,1229600,double,153700
6214,h2d,1229600,double,153700
6215,h2d,1229600,double,153700
6216,h2d,1229600,double,153700
6217,h2d,1229600,double,153700
6218,h2d,1229600,double,153700
6219,h2d,1229600,double,153700
6220,h2d,1229600,double,153700
6221,h2d,1229600,double,153700
6222,h2d,1229600,double,153700
6223,d2h,2048,double,256
6224,h2d,1229600,double,153700
6225,h2d,1229600,double,153700
6226,h2d,1229600,double,153700
6227,h2d,1229600,double,153700
6228,h2d,1229600,double,153700
6229,h2d,1229600,double,153700
6230,h2d,1229600,double,153700
6231,h2d,1229600,double,153700
6232,h2d,1229600,double,153700
6233,h2d,1229600,double,153700
6234,h2d,1229600,double,153700
6235,h2d,1229600,double,153700
6236,h2d,1229600,double,153700
6237,h2d,1229600,double,153700
6238,h2d,1229600,double,153700
6239,h2d,1229600,double,153700
6240,h2d,1229600,double,153700
6241,h2d,1229600,double,153700
6242,h2d,1229600,double,153700
6243,h2d,1229600,double,153700
6244,h2d,1229600,double,153700
6245,h2d,1229600,double,153700
6246,h2d,1229600,double,153700
6247,h2d,1229600,double,153700
6248,d2h,2048,double,256
6249,h2d,1229600,double,153700
6250,h2d,1229600,double,153700
6251,h2d,1229600,double,153700
6252,h2d,1229600,double,153700
6253,h2d,1229600,double,153700
6254,h2d,1229600,double,153700
6255,h2d,1229600,double,153700
6256,h2d,1229600,double,153700
6257,h2d,1229600,double,153700
6258,h2d,1229600,double,153700
6259,h2d,1229600,double,153700
6260,h2d,1229600,double,153700
6261,h2d,1229600,double,153700
6262,h2d,1229600,double,153700
6263,h2d,1229600,double,153700
6264,h2d,1229600,double,153700
6265,h2d,1229600,double,153700
6266,h2d,1229600,double,153700
6267,h2d,1229600,double,153700
6268,h2d,1229600,double,153700
6269,h2d,1229600,double,153700
6270,h2d,1229600,double,153700
6271,h2d,1229600,double,153700
6272,h2d,1229600,double,153700
6273,d2h,2048,double,256
6274,h2d,1229600,double,153700
6275,h2d,1229600,double,153700
6276,h2d,1229600,double,153700
6277,h2d,1229600,double,153700
6278,h2d,1229600,double,153700
6279,h2d,1229600,double,153700
6280,h2d,1229600,double,153700
6281,h2d,1229600,double,153700
6282,h2d,1229600,double,153700
6283,h2d,1229600,double,153700
6284,h2d,1229600,double,153700
6285,h2d,1229600,double,153700
6286,h2d,1229600,double,153700
6287,h2d,1229600,double,153700
6288,h2d,1229600,double,153700
6289,h2d,1229600,double,153700
6290,h2d,1229600,double,153700
6291,h2d,1229600,double,153700
6292,h2d,1229600,double,153700
6293,h2d,1229600,double,153700
6294,h2d,1229600,double,153700
6295,h2d,1229600,double,153700
6296,h2d,1229600,double,153700
6297,h2d,1229600,double,153700
6298,d2h,2048,double,256
6299,h2d,1229600,double,153700
6300,h2d,1229600,double,153700
6301,h2d,1229600,double,153700
6302,h2d,1229600,double,153700
6303,h2d,1229600,double,153700
6304,h2d,1229600,double,153700
6305,h2d,1229600,double,153700
6306,h2d,1229600,double,153700
6307,h2d,1229600,double,153700
6308,h2d,1229600,double,153700
6309,h2d,1229600,double,153700
6310,h2d,1229600,double,153700
6311,h2d,1229600,double,153700
6312,h2d,1229600,double,153700
6313,h2d,1229600,double,153700
6314,h2d,1229600,double,153700
6315,h2d,1229600,double,153700
6316,h2d,1229600,double,153700
6317,h2d,1229600,double,153700
6318,h2d,1229600,double,153700
6319,h2d,1229600,double,153700
6320,h2d,1229600,double,153700
6321,h2d,1229600,double,153700
6322,h2d,1229600,double,153700
6323,d2h,2048,double,256
6324,h2d,1229600,double,153700
6325,h2d,1229600,double,153700
6326,h2d,1229600,double,153700
6327,h2d,1229600,double,153700
6328,h2d,1229600,double,153700
6329,h2d,1229600,double,153700
6330,h2d,1229600,double,153700
6331,h2d,1229600,double,153700
6332,h2d,1229600,double,153700
6333,h2d,1229600,double,153700
6334,h2d,1229600,double,153700
6335,h2d,1229600,double,153700
6336,h2d,1229600,double,153700
6337,h2d,1229600,double,153700
6338,h2d,1229600,double,153700
6339,h2d,1229600,double,153700
6340,h2d,1229600,double,153700
6341,h2d,1229600,double,153700
6342,h2d,1229600,double,153700
6343,h2d,1229600,double,153700
6344,h2d,1229600,double,153700
6345,h2d,1229600,double,153700
6346,h2d,1229600,double,153700
6347,h2d,1229600,double,153700
6348,d2h,2048,double,256
6349,h2d,1229600,double,153700
6350,h2d,1229600,double,153700
6351,h2d,1229600,double,153700
6352,h2d,1229600,double,153700
6353,h2d,1229600,double,153700
6354,h2d,1229600,double,153700
6355,h2d,1229600,double,153700
6356,h2d,1229600,double,153700
6357,h2d,1229600,double,153700
6358,h2d,1229600,double,153700
6359,h2d,1229600,double,153700
6360,h2d,1229600,double,153700
6361,h2d,1229600,double,153700
6362,h2d,1229600,double,153700
6363,h2d,1229600,double,153700
6364,h2d,1229600,double,153700
6365,h2d,1229600,double,153700
6366,h2d,1229600,double,153700
6367,h2d,1229600,double,153700
6368,h2d,1229600,double,153700
6369,h2d,1229600,double,153700
6370,h2d,1229600,double,153700
6371,h2d,1229600,double,153700
6372,h2d,1229600,double,153700
6373,d2h,2048,double,256
6374,h2d,1229600,double,153700
6375,h2d,1229600,double,153700
6376,h2d,1229600,double,153700
6377,h2d,1229600,double,153700
6378,h2d,1229600,double,153700
6379,h2d,1229600,double,153700
6380,h2d,1229600,double,153700
6381,h2d,1229600,double,153700
6382,h2d,1229600,double,153700
6383,h2d,1229600,double,153700
6384,h2d,1229600,double,153700
6385,h2d,1229600,double,153700
6386,h2d,1229600,double,153700
6387,h2d,1229600,double,153700
6388,h2d,1229600,double,153700
6389,h2d,1229600,double,153700
6390,d2h,2048,double,256
6391,d2h,2048,double,256
6392,d2h,2048,double,256
6393,d2h,2048,double,256
6394,d2h,2048,double,256
6395,h2d,1229600,double,153700
6396,h2d,1229600,double,153700
6397,h2d,1229600,double,153700
6398,h2d,1229600,double,153700
6399,h2d,1229600,double,153700
6400,h2d,1229600,double,153700
6401,h2d,1229600,double,153700
6402,h2d,1229600,double,153700
6403,d2h,2048,double,256
6404,h2d,1229600,double,153700
6405,h2d,1229600,double,153700
6406,h2d,1229600,double,153700
6407,h2d,1229600,double,153700
6408,h2d,1229600,double,153700
6409,h2d,1229600,double,153700
6410,h2d,1229600,double,153700
6411,h2d,1229600,double,153700
6412,h2d,1229600,double,153700
6413,h2d,1229600,double,153700
6414,h2d,1229600,double,153700
6415,h2d,1229600,double,153700
6416,h2d,1229600,double,153700
6417,h2d,1229600,double,153700
6418,h2d,1229600,double,153700
6419,h2d,1229600,double,153700
6420,h2d,1229600,double,153700
6421,h2d,1229600,double,153700
6422,h2d,1229600,double,153700
6423,h2d,1229600,double,153700
6424,h2d,1229600,double,153700
6425,h2d,1229600,double,153700
6426,h2d,1229600,double,153700
6427,h2d,1229600,double,153700
6428,d2h,2048,double,256
6429,h2d,1229600,double,153700
6430,h2d,1229600,double,153700
6431,h2d,1229600,double,153700
6432,h2d,1229600,double,153700
6433,h2d,1229600,double,153700
6434,h2d,1229600,double,153700
6435,h2d,1229600,double,153700
6436,h2d,1229600,double,153700
6437,h2d,1229600,double,153700
6438,h2d,1229600,double,153700
6439,h2d,1229600,double,153700
6440,h2d,1229600,double,153700
6441,h2d,1229600,double,153700
6442,h2d,1229600,double,153700
6443,h2d,1229600,double,153700
6444,h2d,1229600,double,153700
6445,h2d,1229600,double,153700
6446,h2d,1229600,double,153700
6447,h2d,1229600,double,153700
6448,h2d,1229600,double,153700
6449,h2d,1229600,double,153700
6450,h2d,1229600,double,153700
6451,h2d,1229600,double,153700
6452,h2d,1229600,double,153700
6453,d2h,2048,double,256
6454,h2d,1229600,double,153700
6455,h2d,1229600,double,153700
6456,h2d,1229600,double,153700
6457,h2d,1229600,double,153700
6458,h2d,1229600,double,153700
6459,h2d,1229600,double,153700
6460,h2d,1229600,double,153700
6461,h2d,1229600,double,153700
6462,h2d,1229600,double,153700
6463,h2d,1229600,double,153700
6464,h2d,1229600,double,153700
6465,h2d,1229600,double,153700
6466,h2d,1229600,double,153700
6467,h2d,1229600,double,153700
6468,h2d,1229600,double,153700
6469,h2d,1229600,double,153700
6470,h2d,1229600,double,153700
6471,h2d,1229600,double,153700
6472,h2d,1229600,double,153700
6473,h2d,1229600,double,153700
6474,h2d,1229600,double,153700
6475,h2d,1229600,double,153700
6476,h2d,1229600,double,153700
6477,h2d,1229600,double,153700
6478,d2h,2048,double,256
6479,h2d,1229600,double,153700
6480,h2d,1229600,double,153700
6481,h2d,1229600,double,153700
6482,h2d,1229600,double,153700
6483,h2d,1229600,double,153700
6484,h2d,1229600,double,153700
6485,h2d,1229600,double,153700
6486,h2d,1229600,double,153700
6487,h2d,1229600,double,153700
6488,h2d,1229600,double,153700
6489,h2d,1229600,double,153700
6490,h2d,1229600,double,153700
6491,h2d,1229600,double,153700
6492,h2d,1229600,double,153700
6493,h2d,1229600,double,153700
6494,h2d,1229600,double,153700
6495,h2d,1229600,double,153700
6496,h2d,1229600,double,153700
6497,h2d,1229600,double,153700
6498,h2d,1229600,double,153700
6499,h2d,1229600,double,153700
6500,h2d,1229600,double,153700
6501,h2d,1229600,double,153700
6502,h2d,1229600,double,153700
6503,d2h,2048,double,256
6504,h2d,1229600,double,153700
6505,h2d,1229600,double,153700
6506,h2d,1229600,double,153700
6507,h2d,1229600,double,153700
6508,h2d,1229600,double,153700
6509,h2d,1229600,double,153700
6510,h2d,1229600,double,153700
6511,h2d,1229600,double,153700
6512,h2d,1229600,double,153700
6513,h2d,1229600,double,153700
6514,h2d,1229600,double,153700
6515,h2d,1229600,double,153700
6516,h2d,1229600,double,153700
6517,h2d,1229600,double,153700
6518,h2d,1229600,double,153700
6519,h2d,1229600,double,153700
6520,h2d,1229600,double,153700
6521,h2d,1229600,double,153700
6522,h2d,1229600,double,153700
6523,h2d,1229600,double,153700
6524,h2d,1229600,double,153700
6525,h2d,1229600,double,153700
6526,h2d,1229600,double,153700
6527,h2d,1229600,double,153700
6528,d2h,2048,double,256
6529,h2d,1229600,double,153700
6530,h2d,1229600,double,153700
6531,h2d,1229600,double,153700
6532,h2d,1229600,double,153700
6533,h2d,1229600,double,153700
6534,h2d,1229600,double,153700
6535,h2d,1229600,double,153700
6536,h2d,1229600,double,153700
6537,h2d,1229600,double,153700
6538,h2d,1229600,double,153700
6539,h2d,1229600,double,153700
6540,h2d,1229600,double,153700
6541,h2d,1229600,double,153700
6542,h2d,1229600,double,153700
6543,h2d,1229600,double,153700
6544,h2d,1229600,double,153700
6545,h2d,1229600,double,153700
6546,h2d,1229600,double,153700
6547,h2d,1229600,double,153700
6548,h2d,1229600,double,153700
6549,h2d,1229600,double,153700
6550,h2d,1229600,double,153700
6551,h2d,1229600,double,153700
6552,h2d,1229600,double,153700
6553,d2h,2048,double,256
6554,h2d,1229600,double,153700
6555,h2d,1229600,double,153700
6556,h2d,1229600,double,153700
6557,h2d,1229600,double,153700
6558,h2d,1229600,double,153700
6559,h2d,1229600,double,153700
6560,h2d,1229600,double,153700
6561,h2d,1229600,double,153700
6562,h2d,1229600,double,153700
6563,h2d,1229600,double,153700
6564,h2d,1229600,double,153700
6565,h2d,1229600,double,153700
6566,h2d,1229600,double,153700
6567,h2d,1229600,double,153700
6568,h2d,1229600,double,153700
6569,h2d,1229600,double,153700
6570,h2d,1229600,double,153700
6571,h2d,1229600,double,153700
6572,h2d,1229600,double,153700
6573,h2d,1229600,double,153700
6574,h2d,1229600,double,153700
6575,h2d,1229600,double,153700
6576,h2d,1229600,double,153700
6577,h2d,1229600,double,153700
6578,d2h,2048,double,256
6579,h2d,1229600,double,153700
6580,h2d,1229600,double,153700
6581,h2d,1229600,double,153700
6582,h2d,1229600,double,153700
6583,h2d,1229600,double,153700
6584,h2d,1229600,double,153700
6585,h2d,1229600,double,153700
6586,h2d,1229600,double,153700
6587,h2d,1229600,double,153700
6588,h2d,1229600,double,153700
6589,h2d,1229600,double,153700
6590,h2d,1229600,double,153700
6591,h2d,1229600,double,153700
6592,h2d,1229600,double,153700
6593,h2d,1229600,double,153700
6594,h2d,1229600,double,153700
6595,h2d,1229600,double,153700
6596,h2d,1229600,double,153700
6597,h2d,1229600,double,153700
6598,h2d,1229600,double,153700
6599,h2d,1229600,double,153700
6600,h2d,1229600,double,153700
6601,h2d,1229600,double,153700
6602,h2d,1229600,double,153700
6603,d2h,2048,double,256
6604,h2d,1229600,double,153700
6605,h2d,1229600,double,153700
6606,h2d,1229600,double,153700
6607,h2d,1229600,double,153700
6608,h2d,1229600,double,153700
6609,h2d,1229600,double,153700
6610,h2d,1229600,double,153700
6611,h2d,1229600,double,153700
6612,h2d,1229600,double,153700
6613,h2d,1229600,double,153700
6614,h2d,1229600,double,153700
6615,h2d,1229600,double,153700
6616,h2d,1229600,double,153700
6617,h2d,1229600,double,153700
6618,h2d,1229600,double,153700
6619,h2d,1229600,double,153700
6620,h2d,1229600,double,153700
6621,h2d,1229600,double,153700
6622,h2d,1229600,double,153700
6623,h2d,1229600,double,153700
6624,h2d,1229600,double,153700
6625,h2d,1229600,double,153700
6626,h2d,1229600,double,153700
6627,h2d,1229600,double,153700
6628,d2h,2048,double,256
6629,h2d,1229600,double,153700
6630,h2d,1229600,double,153700
6631,h2d,1229600,double,153700
6632,h2d,1229600,double,153700
6633,h2d,1229600,double,153700
6634,h2d,1229600,double,153700
6635,h2d,1229600,double,153700
6636,h2d,1229600,double,153700
6637,h2d,1229600,double,153700
6638,h2d,1229600,double,153700
6639,h2d,1229600,double,153700
6640,h2d,1229600,double,153700
6641,h2d,1229600,double,153700
6642,h2d,1229600,double,153700
6643,h2d,1229600,double,153700
6644,h2d,1229600,double,153700
6645,d2h,2048,double,256
6646,d2h,2048,double,256
6647,d2h,2048,double,256
6648,d2h,2048,double,256
6649,d2h,2048,double,256
6650,h2d,1229600,double,153700
6651,h2d,1229600,double,153700
6652,h2d,1229600,double,153700
6653,h2d,1229600,double,153700
6654,h2d,1229600,double,153700
6655,h2d,1229600,double,153700
6656,h2d,1229600,double,153700
6657,h2d,1229600,double,153700
6658,d2h,2048,double,256
6659,h2d,1229600,double,153700
6660,h2d,1229600,double,153700
6661,h2d,1229600,double,153700
6662,h2d,1229600,double,153700
6663,h2d,1229600,double,153700
6664,h2d,1229600,double,153700
6665,h2d,1229600,double,153700
6666,h2d,1229600,double,153700
6667,h2d,1229600,double,153700
6668,h2d,1229600,double,153700
6669,h2d,1229600,double,153700
6670,h2d,1229600,double,153700
6671,h2d,1229600,double,153700
6672,h2d,1229600,double,153700
6673,h2d,1229600,double,153700
6674,h2d,1229600,double,153700
6675,h2d,1229600,double,153700
6676,h2d,1229600,double,153700
6677,h2d,1229600,double,153700
6678,h2d,1229600,double,153700
6679,h2d,1229600,double,153700
6680,h2d,1229600,double,153700
6681,h2d,1229600,double,153700
6682,h2d,1229600,double,153700
6683,d2h,2048,double,256
6684,h2d,1229600,double,153700
6685,h2d,1229600,double,153700
6686,h2d,1229600,double,153700
6687,h2d,1229600,double,153700
6688,h2d,1229600,double,153700
6689,h2d,1229600,double,153700
6690,h2d,1229600,double,153700
6691,h2d,1229600,double,153700
6692,h2d,1229600,double,153700
6693,h2d,1229600,double,153700
6694,h2d,1229600,double,153700
6695,h2d,1229600,double,153700
6696,h2d,1229600,double,153700
6697,h2d,1229600,double,153700
6698,h2d,1229600,double,153700
6699,h2d,1229600,double,153700
6700,h2d,1229600,double,153700
6701,h2d,1229600,double,153700
6702,h2d,1229600,double,153700
6703,h2d,1229600,double,153700
6704,h2d,1229600,double,153700
6705,h2d,1229600,double,153700
6706,h2d,1229600,double,153700
6707,h2d,1229600,double,153700
6708,d2h,2048,double,256
6709,h2d,1229600,double,153700
6710,h2d,1229600,double,153700
6711,h2d,1229600,double,153700
6712,h2d,1229600,double,153700
6713,h2d,1229600,double,153700
6714,h2d,1229600,double,153700
6715,h2d,1229600,double,153700
6716,h2d,1229600,double,153700
6717,h2d,1229600,double,153700
6718,h2d,1229600,double,153700
6719,h2d,1229600,double,153700
6720,h2d,1229600,double,153700
6721,h2d,1229600,double,153700
6722,h2d,1229600,double,153700
6723,h2d,1229600,double,153700
6724,h2d,1229600,double,153700
6725,h2d,1229600,double,153700
6726,h2d,1229600,double,153700
6727,h2d,1229600,double,153700
6728,h2d,1229600,double,153700
6729,h2d,1229600,double,153700
6730,h2d,1229600,double,153700
6731,h2d,1229600,double,153700
6732,h2d,1229600,double,153700
6733,d2h,2048,double,256
6734,h2d,1229600,double,153700
6735,h2d,1229600,double,153700
6736,h2d,1229600,double,153700
6737,h2d,1229600,double,153700
6738,h2d,1229600,double,153700
6739,h2d,1229600,double,153700
6740,h2d,1229600,double,153700
6741,h2d,1229600,double,153700
6742,h2d,1229600,double,153700
6743,h2d,1229600,double,153700
6744,h2d,1229600,double,153700
6745,h2d,1229600,double,153700
6746,h2d,1229600,double,153700
6747,h2d,1229600,double,153700
6748,h2d,1229600,double,153700
6749,h2d,1229600,double,153700
6750,h2d,1229600,double,153700
6751,h2d,1229600,double,153700
6752,h2d,1229600,double,153700
6753,h2d,1229600,double,153700
6754,h2d,1229600,double,153700
6755,h2d,1229600,double,153700
6756,h2d,1229600,double,153700
6757,h2d,1229600,double,153700
6758,d2h,2048,double,256
6759,h2d,1229600,double,153700
6760,h2d,1229600,double,153700
6761,h2d,1229600,double,153700
6762,h2d,1229600,double,153700
6763,h2d,1229600,double,153700
6764,h2d,1229600,double,153700
6765,h2d,1229600,double,153700
6766,h2d,1229600,double,153700
6767,h2d,1229600,double,153700
6768,h2d,1229600,double,153700
6769,h2d,1229600,double,153700
6770,h2d,1229600,double,153700
6771,h2d,1229600,double,153700
6772,h2d,1229600,double,153700
6773,h2d,1229600,double,153700
6774,h2d,1229600,double,153700
6775,h2d,1229600,double,153700
6776,h2d,1229600,double,153700
6777,h2d,1229600,double,153700
6778,h2d,1229600,double,153700
6779,h2d,1229600,double,153700
6780,h2d,1229600,double,153700
6781,h2d,1229600,double,153700
6782,h2d,1229600,double,153700
6783,d2h,2048,double,256
6784,h2d,1229600,double,153700
6785,h2d,1229600,double,153700
6786,h2d,1229600,double,153700
6787,h2d,1229600,double,153700
6788,h2d,1229600,double,153700
6789,h2d,1229600,double,153700
6790,h2d,1229600,double,153700
6791,h2d,1229600,double,153700
6792,h2d,1229600,double,153700
6793,h2d,1229600,double,153700
6794,h2d,1229600,double,153700
6795,h2d,1229600,double,153700
6796,h2d,1229600,double,153700
6797,h2d,1229600,double,153700
6798,h2d,1229600,double,153700
6799,h2d,1229600,double,153700
6800,h2d,1229600,double,153700
6801,h2d,1229600,double,153700
6802,h2d,1229600,double,153700
6803,h2d,1229600,double,153700
6804,h2d,1229600,double,153700
6805,h2d,1229600,double,153700
6806,h2d,1229600,double,153700
6807,h2d,1229600,double,153700
6808,d2h,2048,double,256
6809,h2d,1229600,double,153700
6810,h2d,1229600,double,153700
6811,h2d,1229600,double,153700
6812,h2d,1229600,double,153700
6813,h2d,1229600,double,153700
6814,h2d,1229600,double,153700
6815,h2d,1229600,double,153700
6816,h2d,1229600,double,153700
6817,h2d,1229600,double,153700
6818,h2d,1229600,double,153700
6819,h2d,1229600,double,153700
6820,h2d,1229600,double,153700
6821,h2d,1229600,double,153700
6822,h2d,1229600,double,153700
6823,h2d,1229600,double,153700
6824,h2d,1229600,double,153700
6825,h2d,1229600,double,153700
6826,h2d,1229600,double,153700
6827,h2d,1229600,double,153700
6828,h2d,1229600,double,153700
6829,h2d,1229600,double,153700
6830,h2d,1229600,double,153700
6831,h2d,1229600,double,153700
6832,h2d,1229600,double,153700
6833,d2h,2048,double,256
6834,h2d,1229600,double,153700
6835,h2d,1229600,double,153700
6836,h2d,1229600,double,153700
6837,h2d,1229600,double,153700
6838,h2d,1229600,double,153700
6839,h2d,1229600,double,153700
6840,h2d,1229600,double,153700
6841,h2d,1229600,double,153700
6842,h2d,1229600,double,153700
6843,h2d,1229600,double,153700
6844,h2d,1229600,double,153700
6845,h2d,1229600,double,153700
6846,h2d,1229600,double,153700
6847,h2d,1229600,double,153700
6848,h2d,1229600,double,153700
6849,h2d,1229600,double,153700
6850,h2d,1229600,double,153700
6851,h2d,1229600,double,153700
6852,h2d,1229600,double,153700
6853,h2d,1229600,double,153700
6854,h2d,1229600,double,153700
6855,h2d,1229600,double,153700
6856,h2d,1229600,double,153700
6857,h2d,1229600,double,153700
6858,d2h,2048,double,256
6859,h2d,1229600,double,153700
6860,h2d,1229600,double,153700
6861,h2d,1229600,double,153700
6862,h2d,1229600,double,153700
6863,h2d,1229600,double,153700
6864,h2d,1229600,double,153700
6865,h2d,1229600,double,153700
6866,h2d,1229600,double,153700
6867,h2d,1229600,double,153700
6868,h2d,1229600,double,153700
6869,h2d,1229600,double,153700
6870,h2d,1229600,double,153700
6871,h2d,1229600,double,153700
6872,h2d,1229600,double,153700
6873,h2d,1229600,double,153700
6874,h2d,1229600,double,153700
6875,h2d,1229600,double,153700
6876,h2d,1229600,double,153700
6877,h2d,1229600,double,153700
6878,h2d,1229600,double,153700
6879,h2d,1229600,double,153700
6880,h2d,1229600,double,153700
6881,h2d,1229600,double,153700
6882,h2d,1229600,double,153700
6883,d2h,2048,double,256
6884,h2d,1229600,double,153700
6885,h2d,1229600,double,153700
6886,h2d,1229600,double,153700
6887,h2d,1229600,double,153700
6888,h2d,1229600,double,153700
6889,h2d,1229600,double,153700
6890,h2d,1229600,double,153700
6891,h2d,1229600,double,153700
6892,h2d,1229600,double,153700
6893,h2d,1229600,double,153700
6894,h2d,1229600,double,153700
6895,h2d,1229600,double,153700
6896,h2d,1229600,double,153700
6897,h2d,1229600,double,153700
6898,h2d,1229600,double,153700
6899,h2d,1229600,double,153700
6900,d2h,2048,double,256
6901,d2h,2048,double,256
6902,d2h,2048,double,256
6903,d2h,2048,double,256
6904,d2h,2048,double,256
6905,h2d,1229600,double,153700
6906,h2d,1229600,double,153700
6907,h2d,1229600,double,153700
6908,h2d,1229600,double,153700
6909,h2d,1229600,double,153700
6910,h2d,1229600,double,153700
6911,h2d,1229600,double,153700
6912,h2d,1229600,double,153700
6913,d2h,2048,double,256
6914,h2d,1229600,double,153700
6915,h2d,1229600,double,153700
6916,h2d,1229600,double,153700
6917,h2d,1229600,double,153700
6918,h2d,1229600,double,153700
6919,h2d,1229600,double,153700
6920,h2d,1229600,double,153700
6921,h2d,1229600,double,153700
6922,h2d,1229600,double,153700
6923,h2d,1229600,double,153700
6924,h2d,1229600,double,153700
6925,h2d,1229600,double,153700
6926,h2d,1229600,double,153700
6927,h2d,1229600,double,153700
6928,h2d,1229600,double,153700
6929,h2d,1229600,double,153700
6930,h2d,1229600,double,153700
6931,h2d,1229600,double,153700
6932,h2d,1229600,double,153700
6933,h2d,1229600,double,153700
6934,h2d,1229600,double,153700
6935,h2d,1229600,double,153700
6936,h2d,1229600,double,153700
6937,h2d,1229600,double,153700
6938,d2h,2048,double,256
6939,h2d,1229600,double,153700
6940,h2d,1229600,double,153700
6941,h2d,1229600,double,153700
6942,h2d,1229600,double,153700
6943,h2d,1229600,double,153700
6944,h2d,1229600,double,153700
6945,h2d,1229600,double,153700
6946,h2d,1229600,double,153700
6947,h2d,1229600,double,153700
6948,h2d,1229600,double,153700
6949,h2d,1229600,double,153700
6950,h2d,1229600,double,153700
6951,h2d,1229600,double,153700
6952,h2d,1229600,double,153700
6953,h2d,1229600,double,153700
6954,h2d,1229600,double,153700
6955,h2d,1229600,double,153700
6956,h2d,1229600,double,153700
6957,h2d,1229600,double,153700
6958,h2d,1229600,double,153700
6959,h2d,1229600,double,153700
6960,h2d,1229600,double,153700
6961,h2d,1229600,double,153700
6962,h2d,1229600,double,153700
6963,d2h,2048,double,256
6964,h2d,1229600,double,153700
6965,h2d,1229600,double,153700
6966,h2d,1229600,double,153700
6967,h2d,1229600,double,153700
6968,h2d,1229600,double,153700
6969,h2d,1229600,double,153700
6970,h2d,1229600,double,153700
6971,h2d,1229600,double,153700
6972,h2d,1229600,double,153700
6973,h2d,1229600,double,153700
6974,h2d,1229600,double,153700
6975,h2d,1229600,double,153700
6976,h2d,1229600,double,153700
6977,h2d,1229600,double,153700
6978,h2d,1229600,double,153700
6979,h2d,1229600,double,153700
6980,h2d,1229600,double,153700
6981,h2d,1229600,double,153700
6982,h2d,1229600,double,153700
6983,h2d,1229600,double,153700
6984,h2d,1229600,double,153700
6985,h2d,1229600,double,153700
6986,h2d,1229600,double,153700
6987,h2d,1229600,double,153700
6988,d2h,2048,double,256
6989,h2d,1229600,double,153700
6990,h2d,1229600,double,153700
6991,h2d,1229600,double,153700
6992,h2d,1229600,double,153700
6993,h2d,1229600,double,153700
6994,h2d,1229600,double,153700
6995,h2d,1229600,double,153700
6996,h2d,1229600,double,153700
6997,h2d,1229600,double,153700
6998,h2d,1229600,double,153700
6999,h2d,1229600,double,153700
7000,h2d,1229600,double,153700
7001,h2d,1229600,double,153700
7002,h2d,1229600,double,153700
7003,h2d,1229600,double,153700
7004,h2d,1229600,double,153700
7005,h2d,1229600,double,153700
7006,h2d,1229600,double,153700
7007,h2d,1229600,double,153700
7008,h2d,1229600,double,153700
7009,h2d,1229600,double,153700
7010,h2d,1229600,double,153700
7011,h2d,1229600,double,153700
7012,h2d,1229600,double,153700
7013,d2h,2048,double,256
7014,h2d,1229600,double,153700
7015,h2d,1229600,double,153700
7016,h2d,1229600,double,153700
7017,h2d,1229600,double,153700
7018,h2d,1229600,double,153700
7019,h2d,1229600,double,153700
7020,h2d,1229600,double,153700
7021,h2d,1229600,double,153700
7022,h2d,1229600,double,153700
7023,h2d,1229600,double,153700
7024,h2d,1229600,double,153700
7025,h2d,1229600,double,153700
7026,h2d,1229600,double,153700
7027,h2d,1229600,double,153700
7028,h2d,1229600,double,153700
7029,h2d,1229600,double,153700
7030,h2d,1229600,double,153700
7031,h2d,1229600,double,153700
7032,h2d,1229600,double,153700
7033,h2d,1229600,double,153700
7034,h2d,1229600,double,153700
7035,h2d,1229600,double,153700
7036,h2d,1229600,double,153700
7037,h2d,1229600,double,153700
7038,d2h,2048,double,256
7039,h2d,1229600,double,153700
7040,h2d,1229600,double,153700
7041,h2d,1229600,double,153700
7042,h2d,1229600,double,153700
7043,h2d,1229600,double,153700
7044,h2d,1229600,double,153700
7045,h2d,1229600,double,153700
7046,h2d,1229600,double,153700
7047,h2d,1229600,double,153700
7048,h2d,1229600,double,153700
7049,h2d,1229600,double,153700
7050,h2d,1229600,double,153700
7051,h2d,1229600,double,153700
7052,h2d,1229600,double,153700
7053,h2d,1229600,double,153700
7054,h2d,1229600,double,153700
7055,h2d,1229600,double,153700
7056,h2d,1229600,double,153700
7057,h2d,1229600,double,153700
7058,h2d,1229600,double,153700
7059,h2d,1229600,double,153700
7060,h2d,1229600,double,153700
7061,h2d,1229600,double,153700
7062,h2d,1229600,double,153700
7063,d2h,2048,double,256
7064,h2d,1229600,double,153700
7065,h2d,1229600,double,153700
7066,h2d,1229600,double,153700
7067,h2d,1229600,double,153700
7068,h2d,1229600,double,153700
7069,h2d,1229600,double,153700
7070,h2d,1229600,double,153700
7071,h2d,1229600,double,153700
7072,h2d,1229600,double,153700
7073,h2d,1229600,double,153700
7074,h2d,1229600,double,153700
7075,h2d,1229600,double,153700
7076,h2d,1229600,double,153700
7077,h2d,1229600,double,153700
7078,h2d,1229600,double,153700
7079,h2d,1229600,double,153700
7080,h2d,1229600,double,153700
7081,h2d,1229600,double,153700
7082,h2d,1229600,double,153700
7083,h2d,1229600,double,153700
7084,h2d,1229600,double,153700
7085,h2d,1229600,double,153700
7086,h2d,1229600,double,153700
7087,h2d,1229600,double,153700
7088,d2h,2048,double,256
7089,h2d,1229600,double,153700
7090,h2d,1229600,double,153700
7091,h2d,1229600,double,153700
7092,h2d,1229600,double,153700
7093,h2d,1229600,double,153700
7094,h2d,1229600,double,153700
7095,h2d,1229600,double,153700
7096,h2d,1229600,double,153700
7097,h2d,1229600,double,153700
7098,h2d,1229600,double,153700
7099,h2d,1229600,double,153700
7100,h2d,1229600,double,153700
7101,h2d,1229600,double,153700
7102,h2d,1229600,double,153700
7103,h2d,1229600,double,153700
7104,h2d,1229600,double,153700
7105,h2d,1229600,double,153700
7106,h2d,1229600,double,153700
7107,h2d,1229600,double,153700
7108,h2d,1229600,double,153700
7109,h2d,1229600,double,153700
7110,h2d,1229600,double,153700
7111,h2d,1229600,double,153700
7112,h2d,1229600,double,153700
7113,d2h,2048,double,256
7114,h2d,1229600,double,153700
7115,h2d,1229600,double,153700
7116,h2d,1229600,double,153700
7117,h2d,1229600,double,153700
7118,h2d,1229600,double,153700
7119,h2d,1229600,double,153700
7120,h2d,1229600,double,153700
7121,h2d,1229600,double,153700
7122,h2d,1229600,double,153700
7123,h2d,1229600,double,153700
7124,h2d,1229600,double,153700
7125,h2d,1229600,double,153700
7126,h2d,1229600,double,153700
7127,h2d,1229600,double,153700
7128,h2d,1229600,double,153700
7129,h2d,1229600,double,153700
7130,h2d,1229600,double,153700
7131,h2d,1229600,double,153700
7132,h2d,1229600,double,153700
7133,h2d,1229600,double,153700
7134,h2d,1229600,double,153700
7135,h2d,1229600,double,153700
7136,h2d,1229600,double,153700
7137,h2d,1229600,double,153700
7138,d2h,2048,double,256
7139,h2d,1229600,double,153700
7140,h2d,1229600,double,153700
7141,h2d,1229600,double,153700
7142,h2d,1229600,double,153700
7143,h2d,1229600,double,153700
7144,h2d,1229600,double,153700
7145,h2d,1229600,double,153700
7146,h2d,1229600,double,153700
7147,h2d,1229600,double,153700
7148,h2d,1229600,double,153700
7149,h2d,1229600,double,153700
7150,h2d,1229600,double,153700
7151,h2d,1229600,double,153700
7152,h2d,1229600,double,153700
7153,h2d,1229600,double,153700
7154,h2d,1229600,double,153700
7155,d2h,2048,double,256
7156,d2h,2048,double,256
7157,d2h,2048,double,256
7158,d2h,2048,double,256
7159,d2h,2048,double,256
7160,h2d,1229600,double,153700
7161,h2d,1229600,double,153700
7162,h2d,1229600,double,153700
7163,h2d,1229600,double,153700
7164,h2d,1229600,double,153700
7165,h2d,1229600,double,153700
7166,h2d,1229600,double,153700
7167,h2d,1229600,double,153700
7168,d2h,2048,double,256
7169,h2d,1229600,double,153700
7170,h2d,1229600,double,153700
7171,h2d,1229600,double,153700
7172,h2d,1229600,double,153700
7173,h2d,1229600,double,153700
7174,h2d,1229600,double,153700
7175,h2d,1229600,double,153700
7176,h2d,1229600,double,153700
7177,h2d,1229600,double,153700
7178,h2d,1229600,double,153700
7179,h2d,1229600,double,153700
7180,h2d,1229600,double,153700
7181,h2d,1229600,double,153700
7182,h2d,1229600,double,153700
7183,h2d,1229600,double,153700
7184,h2d,1229600,double,153700
7185,h2d,1229600,double,153700
7186,h2d,1229600,double,153700
7187,h2d,1229600,double,153700
7188,h2d,1229600,double,153700
7189,h2d,1229600,double,153700
7190,h2d,1229600,double,153700
7191,h2d,1229600,double,153700
7192,h2d,1229600,double,153700
7193,d2h,2048,double,256
7194,h2d,1229600,double,153700
7195,h2d,1229600,double,153700
7196,h2d,1229600,double,153700
7197,h2d,1229600,double,153700
7198,h2d,1229600,double,153700
7199,h2d,1229600,double,153700
7200,h2d,1229600,double,153700
7201,h2d,1229600,double,153700
7202,h2d,1229600,double,153700
7203,h2d,1229600,double,153700
7204,h2d,1229600,double,153700
7205,h2d,1229600,double,153700
7206,h2d,1229600,double,153700
7207,h2d,1229600,double,153700
7208,h2d,1229600,double,153700
7209,h2d,1229600,double,153700
7210,h2d,1229600,double,153700
7211,h2d,1229600,double,153700
7212,h2d,1229600,double,153700
7213,h2d,1229600,double,153700
7214,h2d,1229600,double,153700
7215,h2d,1229600,double,153700
7216,h2d,1229600,double,153700
7217,h2d,1229600,double,153700
7218,d2h,2048,double,256
7219,h2d,1229600,double,153700
7220,h2d,1229600,double,153700
7221,h2d,1229600,double,153700
7222,h2d,1229600,double,153700
7223,h2d,1229600,double,153700
7224,h2d,1229600,double,153700
7225,h2d,1229600,double,153700
7226,h2d,1229600,double,153700
7227,h2d,1229600,double,153700
7228,h2d,1229600,double,153700
7229,h2d,1229600,double,153700
7230,h2d,1229600,double,153700
7231,h2d,1229600,double,153700
7232,h2d,1229600,double,153700
7233,h2d,1229600,double,153700
7234,h2d,1229600,double,153700
7235,h2d,1229600,double,153700
7236,h2d,1229600,double,153700
7237,h2d,1229600,double,153700
7238,h2d,1229600,double,153700
7239,h2d,1229600,double,153700
7240,h2d,1229600,double,153700
7241,h2d,1229600,double,153700
7242,h2d,1229600,double,153700
7243,d2h,2048,double,256
7244,h2d,1229600,double,153700
7245,h2d,1229600,double,153700
7246,h2d,1229600,double,153700
7247,h2d,1229600,double,153700
7248,h2d,1229600,double,153700
7249,h2d,1229600,double,153700
7250,h2d,1229600,double,153700
7251,h2d,1229600,double,153700
7252,h2d,1229600,double,153700
7253,h2d,1229600,double,153700
7254,h2d,1229600,double,153700
7255,h2d,1229600,double,153700
7256,h2d,1229600,double,153700
7257,h2d,1229600,double,153700
7258,h2d,1229600,double,153700
7259,h2d,1229600,double,153700
7260,h2d,1229600,double,153700
7261,h2d,1229600,double,153700
7262,h2d,1229600,double,153700
7263,h2d,1229600,double,153700
7264,h2d,1229600,double,153700
7265,h2d,1229600,double,153700
7266,h2d,1229600,double,153700
7267,h2d,1229600,double,153700
7268,d2h,2048,double,256
7269,h2d,1229600,double,153700
7270,h2d,1229600,double,153700
7271,h2d,1229600,double,153700
7272,h2d,1229600,double,153700
7273,h2d,1229600,double,153700
7274,h2d,1229600,double,153700
7275,h2d,1229600,double,153700
7276,h2d,1229600,double,153700
7277,h2d,1229600,double,153700
7278,h2d,1229600,double,153700
7279,h2d,1229600,double,153700
7280,h2d,1229600,double,153700
7281,h2d,1229600,double,153700
7282,h2d,1229600,double,153700
7283,h2d,1229600,double,153700
7284,h2d,1229600,double,153700
7285,h2d,1229600,double,153700
7286,h2d,1229600,double,153700
7287,h2d,1229600,double,153700
7288,h2d,1229600,double,153700
7289,h2d,1229600,double,153700
7290,h2d,1229600,double,153700
7291,h2d,1229600,double,153700
7292,h2d,1229600,double,153700
7293,d2h,2048,double,256
7294,h2d,1229600,double,153700
7295,h2d,1229600,double,153700
7296,h2d,1229600,double,153700
7297,h2d,1229600,double,153700
7298,h2d,1229600,double,153700
7299,h2d,1229600,double,153700
7300,h2d,1229600,double,153700
7301,h2d,1229600,double,153700
7302,h2d,1229600,double,153700
7303,h2d,1229600,double,153700
7304,h2d,1229600,double,153700
7305,h2d,1229600,double,153700
7306,h2d,1229600,double,153700
7307,h2d,1229600,double,153700
7308,h2d,1229600,double,153700
7309,h2d,1229600,double,153700
7310,h2d,1229600,double,153700
7311,h2d,1229600,double,153700
7312,h2d,1229600,double,153700
7313,h2d,1229600,double,153700
7314,h2d,1229600,double,153700
7315,h2d,1229600,double,153700
7316,h2d,1229600,double,153700
7317,h2d,1229600,double,153700
7318,d2h,2048,double,256
7319,h2d,1229600,double,153700
7320,h2d,1229600,double,153700
7321,h2d,1229600,double,153700
7322,h2d,1229600,double,153700
7323,h2d,1229600,double,153700
7324,h2d,1229600,double,153700
7325,h2d,1229600,double,153700
7326,h2d,1229600,double,153700
7327,h2d,1229600,double,153700
7328,h2d,1229600,double,153700
7329,h2d,1229600,double,153700
7330,h2d,1229600,double,153700
7331,h2d,1229600,double,153700
7332,h2d,1229600,double,153700
7333,h2d,1229600,double,153700
7334,h2d,1229600,double,153700
7335,h2d,1229600,double,153700
7336,h2d,1229600,double,153700
7337,h2d,1229600,double,153700
7338,h2d,1229600,double,153700
7339,h2d,1229600,double,153700
7340,h2d,1229600,double,153700
7341,h2d,1229600,double,153700
7342,h2d,1229600,double,153700
7343,d2h,2048,double,256
7344,h2d,1229600,double,153700
7345,h2d,1229600,double,153700
7346,h2d,1229600,double,153700
7347,h2d,1229600,double,153700
7348,h2d,1229600,double,153700
7349,h2d,1229600,double,153700
7350,h2d,1229600,double,153700
7351,h2d,1229600,double,153700
7352,h2d,1229600,double,153700
7353,h2d,1229600,double,153700
7354,h2d,1229600,double,153700
7355,h2d,1229600,double,153700
7356,h2d,1229600,double,153700
7357,h2d,1229600,double,153700
7358,h2d,1229600,double,153700
7359,h2d,1229600,double,153700
7360,h2d,1229600,double,153700
7361,h2d,1229600,double,153700
7362,h2d,1229600,double,153700
7363,h2d,1229600,double,153700
7364,h2d,1229600,double,153700
7365,h2d,1229600,double,153700
7366,h2d,1229600,double,153700
7367,h2d,1229600,double,153700
7368,d2h,2048,double,256
7369,h2d,1229600,double,153700
7370,h2d,1229600,double,153700
7371,h2d,1229600,double,153700
7372,h2d,1229600,double,153700
7373,h2d,1229600,double,153700
7374,h2d,1229600,double,153700
7375,h2d,1229600,double,153700
7376,h2d,1229600,double,153700
7377,h2d,1229600,double,153700
7378,h2d,1229600,double,153700
7379,h2d,1229600,double,153700
7380,h2d,1229600,double,153700
7381,h2d,1229600,double,153700
7382,h2d,1229600,double,153700
7383,h2d,1229600,double,153700
7384,h2d,1229600,double,153700
7385,h2d,1229600,double,153700
7386,h2d,1229600,double,153700
7387,h2d,1229600,double,153700
7388,h2d,1229600,double,153700
7389,h2d,1229600,double,153700
7390,h2d,1229600,double,153700
7391,h2d,1229600,double,153700
7392,h2d,1229600,double,153700
7393,d2h,2048,double,256
7394,h2d,1229600,double,153700
7395,h2d,1229600,double,153700
7396,h2d,1229600,double,153700
7397,h2d,1229600,double,153700
7398,h2d,1229600,double,153700
7399,h2d,1229600,double,153700
7400,h2d,1229600,double,153700
7401,h2d,1229600,double,153700
7402,h2d,1229600,double,153700
7403,h2d,1229600,double,153700
7404,h2d,1229600,double,153700
7405,h2d,1229600,double,153700
7406,h2d,1229600,double,153700
7407,h2d,1229600,double,153700
7408,h2d,1229600,double,153700
7409,h2d,1229600,double,153700
7410,d2h,2048,double,256
7411,d2h,2048,double,256
7412,d2h,2048,double,256
7413,d2h,2048,double,256
7414,d2h,2048,double,256
7415,h2d,1229600,double,153700
7416,h2d,1229600,double,153700
7417,h2d,1229600,double,153700
7418,h2d,1229600,double,153700
7419,h2d,1229600,double,153700
7420,h2d,1229600,double,153700
7421,h2d,1229600,double,153700
7422,h2d,1229600,double,153700
7423,d2h,2048,double,256
7424,h2d,1229600,double,153700
7425,h2d,1229600,double,153700
7426,h2d,1229600,double,153700
7427,h2d,1229600,double,153700
7428,h2d,1229600,double,153700
7429,h2d,1229600,double,153700
7430,h2d,1229600,double,153700
7431,h2d,1229600,double,153700
7432,h2d,1229600,double,153700
7433,h2d,1229600,double,153700
7434,h2d,1229600,double,153700
7435,h2d,1229600,double,153700
7436,h2d,1229600,double,153700
7437,h2d,1229600,double,153700
7438,h2d,1229600,double,153700
7439,h2d,1229600,double,153700
7440,h2d,1229600,double,153700
7441,h2d,1229600,double,153700
7442,h2d,1229600,double,153700
7443,h2d,1229600,double,153700
7444,h2d,1229600,double,153700
7445,h2d,1229600,double,153700
7446,h2d,1229600,double,153700
7447,h2d,1229600,double,153700
7448,d2h,2048,double,256
7449,h2d,1229600,double,153700
7450,h2d,1229600,double,153700
7451,h2d,1229600,double,153700
7452,h2d,1229600,double,153700
7453,h2d,1229600,double,153700
7454,h2d,1229600,double,153700
7455,h2d,1229600,double,153700
7456,h2d,1229600,double,153700
7457,h2d,1229600,double,153700
7458,h2d,1229600,double,153700
7459,h2d,1229600,double,153700
7460,h2d,1229600,double,153700
7461,h2d,1229600,double,153700
7462,h2d,1229600,double,153700
7463,h2d,1229600,double,153700
7464,h2d,1229600,double,153700
7465,h2d,1229600,double,153700
7466,h2d,1229600,double,153700
7467,h2d,1229600,double,153700
7468,h2d,1229600,double,153700
7469,h2d,1229600,double,153700
7470,h2d,1229600,double,153700
7471,h2d,1229600,double,153700
7472,h2d,1229600,double,153700
7473,d2h,2048,double,256
7474,h2d,1229600,double,153700
7475,h2d,1229600,double,153700
7476,h2d,1229600,double,153700
7477,h2d,1229600,double,153700
7478,h2d,1229600,double,153700
7479,h2d,1229600,double,153700
7480,h2d,1229600,double,153700
7481,h2d,1229600,double,153700
7482,h2d,1229600,double,153700
7483,h2d,1229600,double,153700
7484,h2d,1229600,double,153700
7485,h2d,1229600,double,153700
7486,h2d,1229600,double,153700
7487,h2d,1229600,double,153700
7488,h2d,1229600,double,153700
7489,h2d,1229600,double,153700
7490,h2d,1229600,double,153700
7491,h2d,1229600,double,153700
7492,h2d,1229600,double,153700
7493,h2d,1229600,double,153700
7494,h2d,1229600,double,153700
7495,h2d,1229600,double,153700
7496,h2d,1229600,double,153700
7497,h2d,1229600,double,153700
7498,d2h,2048,double,256
7499,h2d,1229600,double,153700
7500,h2d,1229600,double,153700
7501,h2d,1229600,double,153700
7502,h2d,1229600,double,153700
7503,h2d,1229600,double,153700
7504,h2d,1229600,double,153700
7505,h2d,1229600,double,153700
7506,h2d,1229600,double,153700
7507,h2d,1229600,double,153700
7508,h2d,1229600,double,153700
7509,h2d,1229600,double,153700
7510,h2d,1229600,double,153700
7511,h2d,1229600,double,153700
7512,h2d,1229600,double,153700
7513,h2d,1229600,double,153700
7514,h2d,1229600,double,153700
7515,h2d,1229600,double,153700
7516,h2d,1229600,double,153700
7517,h2d,1229600,double,153700
7518,h2d,1229600,double,153700
7519,h2d,1229600,double,153700
7520,h2d,1229600,double,153700
7521,h2d,1229600,double,153700
7522,h2d,1229600,double,153700
7523,d2h,2048,double,256
7524,h2d,1229600,double,153700
7525,h2d,1229600,double,153700
7526,h2d,1229600,double,153700
7527,h2d,1229600,double,153700
7528,h2d,1229600,double,153700
7529,h2d,1229600,double,153700
7530,h2d,1229600,double,153700
7531,h2d,1229600,double,153700
7532,h2d,1229600,double,153700
7533,h2d,1229600,double,153700
7534,h2d,1229600,double,153700
7535,h2d,1229600,double,153700
7536,h2d,1229600,double,153700
7537,h2d,1229600,double,153700
7538,h2d,1229600,double,153700
7539,h2d,1229600,double,153700
7540,h2d,1229600,double,153700
7541,h2d,1229600,double,153700
7542,h2d,1229600,double,153700
7543,h2d,1229600,double,153700
7544,h2d,1229600,double,153700
7545,h2d,1229600,double,153700
7546,h2d,1229600,double,153700
7547,h2d,1229600,double,153700
7548,d2h,2048,double,256
7549,h2d,1229600,double,153700
7550,h2d,1229600,double,153700
7551,h2d,1229600,double,153700
7552,h2d,1229600,double,153700
7553,h2d,1229600,double,153700
7554,h2d,1229600,double,153700
7555,h2d,1229600,double,153700
7556,h2d,1229600,double,153700
7557,h2d,1229600,double,153700
7558,h2d,1229600,double,153700
7559,h2d,1229600,double,153700
7560,h2d,1229600,double,153700
7561,h2d,1229600,double,153700
7562,h2d,1229600,double,153700
7563,h2d,1229600,double,153700
7564,h2d,1229600,double,153700
7565,h2d,1229600,double,153700
7566,h2d,1229600,double,153700
7567,h2d,1229600,double,153700
7568,h2d,1229600,double,153700
7569,h2d,1229600,double,153700
7570,h2d,1229600,double,153700
7571,h2d,1229600,double,153700
7572,h2d,1229600,double,153700
7573,d2h,2048,double,256
7574,h2d,1229600,double,153700
7575,h2d,1229600,double,153700
7576,h2d,1229600,double,153700
7577,h2d,1229600,double,153700
7578,h2d,1229600,double,153700
7579,h2d,1229600,double,153700
7580,h2d,1229600,double,153700
7581,h2d,1229600,double,153700
7582,h2d,1229600,double,153700
7583,h2d,1229600,double,153700
7584,h2d,1229600,double,153700
7585,h2d,1229600,double,153700
7586,h2d,1229600,double,153700
7587,h2d,1229600,double,153700
7588,h2d,1229600,double,153700
7589,h2d,1229600,double,153700
7590,h2d,1229600,double,153700
7591,h2d,1229600,double,153700
7592,h2d,1229600,double,153700
7593,h2d,1229600,double,153700
7594,h2d,1229600,double,153700
7595,h2d,1229600,double,153700
7596,h2d,1229600,double,153700
7597,h2d,1229600,double,153700
7598,d2h,2048,double,256
7599,h2d,1229600,double,153700
7600,h2d,1229600,double,153700
7601,h2d,1229600,double,153700
7602,h2d,1229600,double,153700
7603,h2d,1229600,double,153700
7604,h2d,1229600,double,153700
7605,h2d,1229600,double,153700
7606,h2d,1229600,double,153700
7607,h2d,1229600,double,153700
7608,h2d,1229600,double,153700
7609,h2d,1229600,double,153700
7610,h2d,1229600,double,153700
7611,h2d,1229600,double,153700
7612,h2d,1229600,double,153700
7613,h2d,1229600,double,153700
7614,h2d,1229600,double,153700
7615,h2d,1229600,double,153700
7616,h2d,1229600,double,153700
7617,h2d,1229600,double,153700
7618,h2d,1229600,double,153700
7619,h2d,1229600,double,153700
7620,h2d,1229600,double,153700
7621,h2d,1229600,double,153700
7622,h2d,1229600,double,153700
7623,d2h,2048,double,256
7624,h2d,1229600,double,153700
7625,h2d,1229600,double,153700
7626,h2d,1229600,double,153700
7627,h2d,1229600,double,153700
7628,h2d,1229600,double,153700
7629,h2d,1229600,double,153700
7630,h2d,1229600,double,153700
7631,h2d,1229600,double,153700
7632,h2d,1229600,double,153700
7633,h2d,1229600,double,153700
7634,h2d,1229600,double,153700
7635,h2d,1229600,double,153700
7636,h2d,1229600,double,153700
7637,h2d,1229600,double,153700
7638,h2d,1229600,double,153700
7639,h2d,1229600,double,153700
7640,h2d,1229600,double,153700
7641,h2d,1229600,double,153700
7642,h2d,1229600,double,153700
7643,h2d,1229600,double,153700
7644,h2d,1229600,double,153700
7645,h2d,1229600,double,153700
7646,h2d,1229600,double,153700
7647,h2d,1229600,double,153700
7648,d2h,2048,double,256
7649,h2d,1229600,double,153700
7650,h2d,1229600,double,153700
7651,h2d,1229600,double,153700
7652,h2d,1229600,double,153700
7653,h2d,1229600,double,153700
7654,h2d,1229600,double,153700
7655,h2d,1229600,double,153700
7656,h2d,1229600,double,153700
7657,h2d,1229600,double,153700
7658,h2d,1229600,double,153700
7659,h2d,1229600,double,153700
7660,h2d,1229600,double,153700
7661,h2d,1229600,double,153700
7662,h2d,1229600,double,153700
7663,h2d,1229600,double,153700
7664,h2d,1229600,double,153700
7665,d2h,2048,double,256
7666,d2h,2048,double,256
7667,d2h,2048,double,256
7668,d2h,2048,double,256
7669,d2h,2048,double,256
7670,h2d,1229600,double,153700
7671,h2d,1229600,double,153700
7672,h2d,1229600,double,153700
7673,h2d,1229600,double,153700
7674,h2d,1229600,double,153700
7675,h2d,1229600,double,153700
7676,h2d,1229600,double,153700
7677,h2d,1229600,double,153700
7678,d2h,2048,double,256
7679,h2d,1229600,double,153700
7680,h2d,1229600,double,153700
7681,h2d,1229600,double,153700
7682,h2d,1229600,double,153700
7683,h2d,1229600,double,153700
7684,h2d,1229600,double,153700
7685,h2d,1229600,double,153700
7686,h2d,1229600,double,153700
7687,h2d,1229600,double,153700
7688,h2d,1229600,double,153700
7689,h2d,1229600,double,153700
7690,h2d,1229600,double,153700
7691,h2d,1229600,double,153700
7692,h2d,1229600,double,153700
7693,h2d,1229600,double,153700
7694,h2d,1229600,double,153700
7695,h2d,1229600,double,153700
7696,h2d,1229600,double,153700
7697,h2d,1229600,double,153700
7698,h2d,1229600,double,153700
7699,h2d,1229600,double,153700
7700,h2d,1229600,double,153700
7701,h2d,1229600,double,153700
7702,h2d,1229600,double,153700
7703,d2h,2048,double,256
7704,h2d,1229600,double,153700
7705,h2d,1229600,double,153700
7706,h2d,1229600,double,153700
7707,h2d,1229600,double,153700
7708,h2d,1229600,double,153700
7709,h2d,1229600,double,153700
7710,h2d,1229600,double,153700
7711,h2d,1229600,double,153700
7712,h2d,1229600,double,153700
7713,h2d,1229600,double,153700
7714,h2d,1229600,double,153700
7715,h2d,1229600,double,153700
7716,h2d,1229600,double,153700
7717,h2d,1229600,double,153700
7718,h2d,1229600,double,153700
7719,h2d,1229600,double,153700
7720,h2d,1229600,double,153700
7721,h2d,1229600,double,153700
7722,h2d,1229600,double,153700
7723,h2d,1229600,double,153700
7724,h2d,1229600,double,153700
7725,h2d,1229600,double,153700
7726,h2d,1229600,double,153700
7727,h2d,1229600,double,153700
7728,d2h,2048,double,256
7729,h2d,1229600,double,153700
7730,h2d,1229600,double,153700
7731,h2d,1229600,double,153700
7732,h2d,1229600,double,153700
7733,h2d,1229600,double,153700
7734,h2d,1229600,double,153700
7735,h2d,1229600,double,153700
7736,h2d,1229600,double,153700
7737,h2d,1229600,double,153700
7738,h2d,1229600,double,153700
7739,h2d,1229600,double,153700
7740,h2d,1229600,double,153700
7741,h2d,1229600,double,153700
7742,h2d,1229600,double,153700
7743,h2d,1229600,double,153700
7744,h2d,1229600,double,153700
7745,h2d,1229600,double,153700
7746,h2d,1229600,double,153700
7747,h2d,1229600,double,153700
7748,h2d,1229600,double,153700
7749,h2d,1229600,double,153700
7750,h2d,1229600,double,153700
7751,h2d,1229600,double,153700
7752,h2d,1229600,double,153700
7753,d2h,2048,double,256
7754,h2d,1229600,double,153700
7755,h2d,1229600,double,153700
7756,h2d,1229600,double,153700
7757,h2d,1229600,double,153700
7758,h2d,1229600,double,153700
7759,h2d,1229600,double,153700
7760,h2d,1229600,double,153700
7761,h2d,1229600,double,153700
7762,h2d,1229600,double,153700
7763,h2d,1229600,double,153700
7764,h2d,1229600,double,153700
7765,h2d,1229600,double,153700
7766,h2d,1229600,double,153700
7767,h2d,1229600,double,153700
7768,h2d,1229600,double,153700
7769,h2d,1229600,double,153700
7770,h2d,1229600,double,153700
7771,h2d,1229600,double,153700
7772,h2d,1229600,double,153700
7773,h2d,1229600,double,153700
7774,h2d,1229600,double,153700
7775,h2d,1229600,double,153700
7776,h2d,1229600,double,153700
7777,h2d,1229600,double,153700
7778,d2h,2048,double,256
7779,h2d,1229600,double,153700
7780,h2d,1229600,double,153700
7781,h2d,1229600,double,153700
7782,h2d,1229600,double,153700
7783,h2d,1229600,double,153700
7784,h2d,1229600,double,153700
7785,h2d,1229600,double,153700
7786,h2d,1229600,double,153700
7787,h2d,1229600,double,153700
7788,h2d,1229600,double,153700
7789,h2d,1229600,double,153700
7790,h2d,1229600,double,153700
7791,h2d,1229600,double,153700
7792,h2d,1229600,double,153700
7793,h2d,1229600,double,153700
7794,h2d,1229600,double,153700
7795,h2d,1229600,double,153700
7796,h2d,1229600,double,153700
7797,h2d,1229600,double,153700
7798,h2d,1229600,double,153700
7799,h2d,1229600,double,153700
7800,h2d,1229600,double,153700
7801,h2d,1229600,double,153700
7802,h2d,1229600,double,153700
7803,d2h,2048,double,256
7804,h2d,1229600,double,153700
7805,h2d,1229600,double,153700
7806,h2d,1229600,double,153700
7807,h2d,1229600,double,153700
7808,h2d,1229600,double,153700
7809,h2d,1229600,double,153700
7810,h2d,1229600,double,153700
7811,h2d,1229600,double,153700
7812,h2d,1229600,double,153700
7813,h2d,1229600,double,153700
7814,h2d,1229600,double,153700
7815,h2d,1229600,double,153700
7816,h2d,1229600,double,153700
7817,h2d,1229600,double,153700
7818,h2d,1229600,double,153700
7819,h2d,1229600,double,153700
7820,h2d,1229600,double,153700
7821,h2d,1229600,double,153700
7822,h2d,1229600,double,153700
7823,h2d,1229600,double,153700
7824,h2d,1229600,double,153700
7825,h2d,1229600,double,153700
7826,h2d,1229600,double,153700
7827,h2d,1229600,double,153700
7828,d2h,2048,double,256
7829,h2d,1229600,double,153700
7830,h2d,1229600,double,153700
7831,h2d,1229600,double,153700
7832,h2d,1229600,double,153700
7833,h2d,1229600,double,153700
7834,h2d,1229600,double,153700
7835,h2d,1229600,double,153700
7836,h2d,1229600,double,153700
7837,h2d,1229600,double,153700
7838,h2d,1229600,double,153700
7839,h2d,1229600,double,153700
7840,h2d,1229600,double,153700
7841,h2d,1229600,double,153700
7842,h2d,1229600,double,153700
7843,h2d,1229600,double,153700
7844,h2d,1229600,double,153700
7845,h2d,1229600,double,153700
7846,h2d,1229600,double,153700
7847,h2d,1229600,double,153700
7848,h2d,1229600,double,153700
7849,h2d,1229600,double,153700
7850,h2d,1229600,double,153700
7851,h2d,1229600,double,153700
7852,h2d,1229600,double,153700
7853,d2h,2048,double,256
7854,h2d,1229600,double,153700
7855,h2d,1229600,double,153700
7856,h2d,1229600,double,153700
7857,h2d,1229600,double,153700
7858,h2d,1229600,double,153700
7859,h2d,1229600,double,153700
7860,h2d,1229600,double,153700
7861,h2d,1229600,double,153700
7862,h2d,1229600,double,153700
7863,h2d,1229600,double,153700
7864,h2d,1229600,double,153700
7865,h2d,1229600,double,153700
7866,h2d,1229600,double,153700
7867,h2d,1229600,double,153700
7868,h2d,1229600,double,153700
7869,h2d,1229600,double,153700
7870,h2d,1229600,double,153700
7871,h2d,1229600,double,153700
7872,h2d,1229600,double,153700
7873,h2d,1229600,double,153700
7874,h2d,1229600,double,153700
7875,h2d,1229600,double,153700
7876,h2d,1229600,double,153700
7877,h2d,1229600,double,153700
7878,d2h,2048,double,256
7879,h2d,1229600,double,153700
7880,h2d,1229600,double,153700
7881,h2d,1229600,double,153700
7882,h2d,1229600,double,153700
7883,h2d,1229600,double,153700
7884,h2d,1229600,double,153700
7885,h2d,1229600,double,153700
7886,h2d,1229600,double,153700
7887,h2d,1229600,double,153700
7888,h2d,1229600,double,153700
7889,h2d,1229600,double,153700
7890,h2d,1229600,double,153700
7891,h2d,1229600,double,153700
7892,h2d,1229600,double,153700
7893,h2d,1229600,double,153700
7894,h2d,1229600,double,153700
7895,h2d,1229600,double,153700
7896,h2d,1229600,double,153700
7897,h2d,1229600,double,153700
7898,h2d,1229600,double,153700
7899,h2d,1229600,double,153700
7900,h2d,1229600,double,153700
7901,h2d,1229600,double,153700
7902,h2d,1229600,double,153700
7903,d2h,2048,double,256
7904,h2d,1229600,double,153700
7905,h2d,1229600,double,153700
7906,h2d,1229600,double,153700
7907,h2d,1229600,double,153700
7908,h2d,1229600,double,153700
7909,h2d,1229600,double,153700
7910,h2d,1229600,double,153700
7911,h2d,1229600,double,153700
7912,h2d,1229600,double,153700
7913,h2d,1229600,double,153700
7914,h2d,1229600,double,153700
7915,h2d,1229600,double,153700
7916,h2d,1229600,double,153700
7917,h2d,1229600,double,153700
7918,h2d,1229600,double,153700
7919,h2d,1229600,double,153700
7920,d2h,2048,double,256
7921,d2h,2048,double,256
7922,d2h,2048,double,256
7923,d2h,2048,double,256
7924,d2h,2048,double,256
7925,h2d,1229600,double,153700
7926,h2d,1229600,double,153700
7927,h2d,1229600,double,153700
7928,h2d,1229600,double,153700
7929,h2d,1229600,double,153700
7930,h2d,1229600,double,153700
7931,h2d,1229600,double,153700
7932,h2d,1229600,double,153700
7933,d2h,2048,double,256
7934,h2d,1229600,double,153700
7935,h2d,1229600,double,153700
7936,h2d,1229600,double,153700
7937,h2d,1229600,double,153700
7938,h2d,1229600,double,153700
7939,h2d,1229600,double,153700
7940,h2d,1229600,double,153700
7941,h2d,1229600,double,153700
7942,h2d,1229600,double,153700
7943,h2d,1229600,double,153700
7944,h2d,1229600,double,153700
7945,h2d,1229600,double,153700
7946,h2d,1229600,double,153700
7947,h2d,1229600,double,153700
7948,h2d,1229600,double,153700
7949,h2d,1229600,double,153700
7950,h2d,1229600,double,153700
7951,h2d,1229600,double,153700
7952,h2d,1229600,double,153700
7953,h2d,1229600,double,153700
7954,h2d,1229600,double,153700
7955,h2d,1229600,double,153700
7956,h2d,1229600,double,153700
7957,h2d,1229600,double,153700
7958,d2h,2048,double,256
7959,h2d,1229600,double,153700
7960,h2d,1229600,double,153700
7961,h2d,1229600,double,153700
7962,h2d,1229600,double,153700
7963,h2d,1229600,double,153700
7964,h2d,1229600,double,153700
7965,h2d,1229600,double,153700
7966,h2d,1229600,double,153700
7967,h2d,1229600,double,153700
7968,h2d,1229600,double,153700
7969,h2d,1229600,double,153700
7970,h2d,1229600,double,153700
7971,h2d,1229600,double,153700
7972,h2d,1229600,double,153700
7973,h2d,1229600,double,153700
7974,h2d,1229600,double,153700
7975,h2d,1229600,double,153700
7976,h2d,1229600,double,153700
7977,h2d,1229600,double,153700
7978,h2d,1229600,double,153700
7979,h2d,1229600,double,153700
7980,h2d,1229600,double,153700
7981,h2d,1229600,double,153700
7982,h2d,1229600,double,153700
7983,d2h,2048,double,256
7984,h2d,1229600,double,153700
7985,h2d,1229600,double,153700
7986,h2d,1229600,double,153700
7987,h2d,1229600,double,153700
7988,h2d,1229600,double,153700
7989,h2d,1229600,double,153700
7990,h2d,1229600,double,153700
7991,h2d,1229600,double,153700
7992,h2d,1229600,double,153700
7993,h2d,1229600,double,153700
7994,h2d,1229600,double,153700
7995,h2d,1229600,double,153700
7996,h2d,1229600,double,153700
7997,h2d,1229600,double,153700
7998,h2d,1229600,double,153700
7999,h2d,1229600,double,153700
8000,h2d,1229600,double,153700
8001,h2d,1229600,double,153700
8002,h2d,1229600,double,153700
8003,h2d,1229600,double,153700
8004,h2d,1229600,double,153700
8005,h2d,1229600,double,153700
8006,h2d,1229600,double,153700
8007,h2d,1229600,double,153700
8008,d2h,2048,double,256
8009,h2d,1229600,double,153700
8010,h2d,1229600,double,153700
8011,h2d,1229600,double,153700
8012,h2d,1229600,double,153700
8013,h2d,1229600,double,153700
8014,h2d,1229600,double,153700
8015,h2d,1229600,double,153700
8016,h2d,1229600,double,153700
8017,h2d,1229600,double,153700
8018,h2d,1229600,double,153700
8019,h2d,1229600,double,153700
8020,h2d,1229600,double,153700
8021,h2d,1229600,double,153700
8022,h2d,1229600,double,153700
8023,h2d,1229600,double,153700
8024,h2d,1229600,double,153700
8025,h2d,1229600,double,153700
8026,h2d,1229600,double,153700
8027,h2d,1229600,double,153700
8028,h2d,1229600,double,153700
8029,h2d,1229600,double,153700
8030,h2d,1229600,double,153700
8031,h2d,1229600,double,153700
8032,h2d,1229600,double,153700
8033,d2h,2048,double,256
8034,h2d,1229600,double,153700
8035,h2d,1229600,double,153700
8036,h2d,1229600,double,153700
8037,h2d,1229600,double,153700
8038,h2d,1229600,double,153700
8039,h2d,1229600,double,153700
8040,h2d,1229600,double,153700
8041,h2d,1229600,double,153700
8042,h2d,1229600,double,153700
8043,h2d,1229600,double,153700
8044,h2d,1229600,double,153700
8045,h2d,1229600,double,153700
8046,h2d,1229600,double,153700
8047,h2d,1229600,double,153700
8048,h2d,1229600,double,153700
8049,h2d,1229600,double,153700
8050,h2d,1229600,double,153700
8051,h2d,1229600,double,153700
8052,h2d,1229600,double,153700
8053,h2d,1229600,double,153700
8054,h2d,1229600,double,153700
8055,h2d,1229600,double,153700
8056,h2d,1229600,double,153700
8057,h2d,1229600,double,153700
8058,d2h,2048,double,256
8059,h2d,1229600,double,153700
8060,h2d,1229600,double,153700
8061,h2d,1229600,double,153700
8062,h2d,1229600,double,153700
8063,h2d,1229600,double,153700
8064,h2d,1229600,double,153700
8065,h2d,1229600,double,153700
8066,h2d,1229600,double,153700
8067,h2d,1229600,double,153700
8068,h2d,1229600,double,153700
8069,h2d,1229600,double,153700
8070,h2d,1229600,double,153700
8071,h2d,1229600,double,153700
8072,h2d,1229600,double,153700
8073,h2d,1229600,double,153700
8074,h2d,1229600,double,153700
8075,h2d,1229600,double,153700
8076,h2d,1229600,double,153700
8077,h2d,1229600,double,153700
8078,h2d,1229600,double,153700
8079,h2d,1229600,double,153700
8080,h2d,1229600,double,153700
8081,h2d,1229600,double,153700
8082,h2d,1229600,double,153700
8083,d2h,2048,double,256
8084,h2d,1229600,double,153700
8085,h2d,1229600,double,153700
8086,h2d,1229600,double,153700
8087,h2d,1229600,double,153700
8088,h2d,1229600,double,153700
8089,h2d,1229600,double,153700
8090,h2d,1229600,double,153700
8091,h2d,1229600,double,153700
8092,h2d,1229600,double,153700
8093,h2d,1229600,double,153700
8094,h2d,1229600,double,153700
8095,h2d,1229600,double,153700
8096,h2d,1229600,double,153700
8097,h2d,1229600,double,153700
8098,h2d,1229600,double,153700
8099,h2d,1229600,double,153700
8100,h2d,1229600,double,153700
8101,h2d,1229600,double,153700
8102,h2d,1229600,double,153700
8103,h2d,1229600,double,153700
8104,h2d,1229600,double,153700
8105,h2d,1229600,double,153700
8106,h2d,1229600,double,153700
8107,h2d,1229600,double,153700
8108,d2h,2048,double,256
8109,h2d,1229600,double,153700
8110,h2d,1229600,double,153700
8111,h2d,1229600,double,153700
8112,h2d,1229600,double,153700
8113,h2d,1229600,double,153700
8114,h2d,1229600,double,153700
8115,h2d,1229600,double,153700
8116,h2d,1229600,double,153700
8117,h2d,1229600,double,153700
8118,h2d,1229600,double,153700
8119,h2d,1229600,double,153700
8120,h2d,1229600,double,153700
8121,h2d,1229600,double,153700
8122,h2d,1229600,double,153700
8123,h2d,1229600,double,153700
8124,h2d,1229600,double,153700
8125,h2d,1229600,double,153700
8126,h2d,1229600,double,153700
8127,h2d,1229600,double,153700
8128,h2d,1229600,double,153700
8129,h2d,1229600,double,153700
8130,h2d,1229600,double,153700
8131,h2d,1229600,double,153700
8132,h2d,1229600,double,153700
8133,d2h,2048,double,256
8134,h2d,1229600,double,153700
8135,h2d,1229600,double,153700
8136,h2d,1229600,double,153700
8137,h2d,1229600,double,153700
8138,h2d,1229600,double,153700
8139,h2d,1229600,double,153700
8140,h2d,1229600,double,153700
8141,h2d,1229600,double,153700
8142,h2d,1229600,double,153700
8143,h2d,1229600,double,153700
8144,h2d,1229600,double,153700
8145,h2d,1229600,double,153700
8146,h2d,1229600,double,153700
8147,h2d,1229600,double,153700
8148,h2d,1229600,double,153700
8149,h2d,1229600,double,153700
8150,h2d,1229600,double,153700
8151,h2d,1229600,double,153700
8152,h2d,1229600,double,153700
8153,h2d,1229600,double,153700
8154,h2d,1229600,double,153700
8155,h2d,1229600,double,153700
8156,h2d,1229600,double,153700
8157,h2d,1229600,double,153700
8158,d2h,2048,double,256
8159,h2d,1229600,double,153700
8160,h2d,1229600,double,153700
8161,h2d,1229600,double,153700
8162,h2d,1229600,double,153700
8163,h2d,1229600,double,153700
8164,h2d,1229600,double,153700
8165,h2d,1229600,double,153700
8166,h2d,1229600,double,153700
8167,h2d,1229600,double,153700
8168,h2d,1229600,double,153700
8169,h2d,1229600,double,153700
8170,h2d,1229600,double,153700
8171,h2d,1229600,double,153700
8172,h2d,1229600,double,153700
8173,h2d,1229600,double,153700
8174,h2d,1229600,double,153700
8175,d2h,2048,double,256
8176,d2h,2048,double,256
8177,d2h,2048,double,256
8178,d2h,2048,double,256
8179,d2h,2048,double,256
8180,h2d,1229600,double,153700
8181,h2d,1229600,double,153700
8182,h2d,1229600,double,153700
8183,h2d,1229600,double,153700
8184,h2d,1229600,double,153700
8185,h2d,1229600,double,153700
8186,h2d,1229600,double,153700
8187,h2d,1229600,double,153700
8188,d2h,2048,double,256
8189,h2d,1229600,double,153700
8190,h2d,1229600,double,153700
8191,h2d,1229600,double,153700
8192,h2d,1229600,double,153700
8193,h2d,1229600,double,153700
8194,h2d,1229600,double,153700
8195,h2d,1229600,double,153700
8196,h2d,1229600,double,153700
8197,h2d,1229600,double,153700
8198,h2d,1229600,double,153700
8199,h2d,1229600,double,153700
8200,h2d,1229600,double,153700
8201,h2d,1229600,double,153700
8202,h2d,1229600,double,153700
8203,h2d,1229600,double,153700
8204,h2d,1229600,double,153700
8205,h2d,1229600,double,153700
8206,h2d,1229600,double,153700
8207,h2d,1229600,double,153700
8208,h2d,1229600,double,153700
8209,h2d,1229600,double,153700
8210,h2d,1229600,double,153700
8211,h2d,1229600,double,153700
8212,h2d,1229600,double,153700
8213,d2h,2048,double,256
8214,h2d,1229600,double,153700
8215,h2d,1229600,double,153700
8216,h2d,1229600,double,153700
8217,h2d,1229600,double,153700
8218,h2d,1229600,double,153700
8219,h2d,1229600,double,153700
8220,h2d,1229600,double,153700
8221,h2d,1229600,double,153700
8222,h2d,1229600,double,153700
8223,h2d,1229600,double,153700
8224,h2d,1229600,double,153700
8225,h2d,1229600,double,153700
8226,h2d,1229600,double,153700
8227,h2d,1229600,double,153700
8228,h2d,1229600,double,153700
8229,h2d,1229600,double,153700
8230,h2d,1229600,double,153700
8231,h2d,1229600,double,153700
8232,h2d,1229600,double,153700
8233,h2d,1229600,double,153700
8234,h2d,1229600,double,153700
8235,h2d,1229600,double,153700
8236,h2d,1229600,double,153700
8237,h2d,1229600,double,153700
8238,d2h,2048,double,256
8239,h2d,1229600,double,153700
8240,h2d,1229600,double,153700
8241,h2d,1229600,double,153700
8242,h2d,1229600,double,153700
8243,h2d,1229600,double,153700
8244,h2d,1229600,double,153700
8245,h2d,1229600,double,153700
8246,h2d,1229600,double,153700
8247,h2d,1229600,double,153700
8248,h2d,1229600,double,153700
8249,h2d,1229600,double,153700
8250,h2d,1229600,double,153700
8251,h2d,1229600,double,153700
8252,h2d,1229600,double,153700
8253,h2d,1229600,double,153700
8254,h2d,1229600,double,153700
8255,h2d,1229600,double,153700
8256,h2d,1229600,double,153700
8257,h2d,1229600,double,153700
8258,h2d,1229600,double,153700
8259,h2d,1229600,double,153700
8260,h2d,1229600,double,153700
8261,h2d,1229600,double,153700
8262,h2d,1229600,double,153700
8263,d2h,2048,double,256
8264,h2d,1229600,double,153700
8265,h2d,1229600,double,153700
8266,h2d,1229600,double,153700
8267,h2d,1229600,double,153700
8268,h2d,1229600,double,153700
8269,h2d,1229600,double,153700
8270,h2d,1229600,double,153700
8271,h2d,1229600,double,153700
8272,h2d,1229600,double,153700
8273,h2d,1229600,double,153700
8274,h2d,1229600,double,153700
8275,h2d,1229600,double,153700
8276,h2d,1229600,double,153700
8277,h2d,1229600,double,153700
8278,h2d,1229600,double,153700
8279,h2d,1229600,double,153700
8280,h2d,1229600,double,153700
8281,h2d,1229600,double,153700
8282,h2d,1229600,double,153700
8283,h2d,1229600,double,153700
8284,h2d,1229600,double,153700
8285,h2d,1229600,double,153700
8286,h2d,1229600,double,153700
8287,h2d,1229600,double,153700
8288,d2h,2048,double,256
8289,h2d,1229600,double,153700
8290,h2d,1229600,double,153700
8291,h2d,1229600,double,153700
8292,h2d,1229600,double,153700
8293,h2d,1229600,double,153700
8294,h2d,1229600,double,153700
8295,h2d,1229600,double,153700
8296,h2d,1229600,double,153700
8297,h2d,1229600,double,153700
8298,h2d,1229600,double,153700
8299,h2d,1229600,double,153700
8300,h2d,1229600,double,153700
8301,h2d,1229600,double,153700
8302,h2d,1229600,double,153700
8303,h2d,1229600,double,153700
8304,h2d,1229600,double,153700
8305,h2d,1229600,double,153700
8306,h2d,1229600,double,153700
8307,h2d,1229600,double,153700
8308,h2d,1229600,double,153700
8309,h2d,1229600,double,153700
8310,h2d,1229600,double,153700
8311,h2d,1229600,double,153700
8312,h2d,1229600,double,153700
8313,d2h,2048,double,256
8314,h2d,1229600,double,153700
8315,h2d,1229600,double,153700
8316,h2d,1229600,double,153700
8317,h2d,1229600,double,153700
8318,h2d,1229600,double,153700
8319,h2d,1229600,double,153700
8320,h2d,1229600,double,153700
8321,h2d,1229600,double,153700
8322,h2d,1229600,double,153700
8323,h2d,1229600,double,153700
8324,h2d,1229600,double,153700
8325,h2d,1229600,double,153700
8326,h2d,1229600,double,153700
8327,h2d,1229600,double,153700
8328,h2d,1229600,double,153700
8329,h2d,1229600,double,153700
8330,h2d,1229600,double,153700
8331,h2d,1229600,double,153700
8332,h2d,1229600,double,153700
8333,h2d,1229600,double,153700
8334,h2d,1229600,double,153700
8335,h2d,1229600,double,153700
8336,h2d,1229600,double,153700
8337,h2d,1229600,double,153700
8338,d2h,2048,double,256
8339,h2d,1229600,double,153700
8340,h2d,1229600,double,153700
8341,h2d,1229600,double,153700
8342,h2d,1229600,double,153700
8343,h2d,1229600,double,153700
8344,h2d,1229600,double,153700
8345,h2d,1229600,double,153700
8346,h2d,1229600,double,153700
8347,h2d,1229600,double,153700
8348,h2d,1229600,double,153700
8349,h2d,1229600,double,153700
8350,h2d,1229600,double,153700
8351,h2d,1229600,double,153700
8352,h2d,1229600,double,153700
8353,h2d,1229600,double,153700
8354,h2d,1229600,double,153700
8355,h2d,1229600,double,153700
8356,h2d,1229600,double,153700
8357,h2d,1229600,double,153700
8358,h2d,1229600,double,153700
8359,h2d,1229600,double,153700
8360,h2d,1229600,double,153700
8361,h2d,1229600,double,153700
8362,h2d,1229600,double,153700
8363,d2h,2048,double,256
8364,h2d,1229600,double,153700
8365,h2d,1229600,double,153700
8366,h2d,1229600,double,153700
8367,h2d,1229600,double,153700
8368,h2d,1229600,double,153700
8369,h2d,1229600,double,153700
8370,h2d,1229600,double,153700
8371,h2d,1229600,double,153700
8372,h2d,1229600,double,153700
8373,h2d,1229600,double,153700
8374,h2d,1229600,double,153700
8375,h2d,1229600,double,153700
8376,h2d,1229600,double,153700
8377,h2d,1229600,double,153700
8378,h2d,1229600,double,153700
8379,h2d,1229600,double,153700
8380,h2d,1229600,double,153700
8381,h2d,1229600,double,153700
8382,h2d,1229600,double,153700
8383,h2d,1229600,double,153700
8384,h2d,1229600,double,153700
8385,h2d,1229600,double,153700
8386,h2d,1229600,double,153700
8387,h2d,1229600,double,153700
8388,d2h,2048,double,256
8389,h2d,1229600,double,153700
8390,h2d,1229600,double,153700
8391,h2d,1229600,double,153700
8392,h2d,1229600,double,153700
8393,h2d,1229600,double,153700
8394,h2d,1229600,double,153700
8395,h2d,1229600,double,153700
8396,h2d,1229600,double,153700
8397,h2d,1229600,double,153700
8398,h2d,1229600,double,153700
8399,h2d,1229600,double,153700
8400,h2d,1229600,double,153700
8401,h2d,1229600,double,153700
8402,h2d,1229600,double,153700
8403,h2d,1229600,double,153700
8404,h2d,1229600,double,153700
8405,h2d,1229600,double,153700
8406,h2d,1229600,double,153700
8407,h2d,1229600,double,153700
8408,h2d,1229600,double,153700
8409,h2d,1229600,double,153700
8410,h2d,1229600,double,153700
8411,h2d,1229600,double,153700
8412,h2d,1229600,double,153700
8413,d2h,2048,double,256
8414,h2d,1229600,double,153700
8415,h2d,1229600,double,153700
8416,h2d,1229600,double,153700
8417,h2d,1229600,double,153700
8418,h2d,1229600,double,153700
8419,h2d,1229600,double,153700
8420,h2d,1229600,double,153700
8421,h2d,1229600,double,153700
8422,h2d,1229600,double,153700
8423,h2d,1229600,double,153700
8424,h2d,1229600,double,153700
8425,h2d,1229600,double,153700
8426,h2d,1229600,double,153700
8427,h2d,1229600,double,153700
8428,h2d,1229600,double,153700
8429,h2d,1229600,double,153700
8430,d2h,2048,double,256
8431,d2h,2048,double,256
8432,d2h,2048,double,256
8433,d2h,2048,double,256
8434,d2h,2048,double,256
8435,h2d,1229600,double,153700
8436,h2d,1229600,double,153700
8437,h2d,1229600,double,153700
8438,h2d,1229600,double,153700
8439,h2d,1229600,double,153700
8440,h2d,1229600,double,153700
8441,h2d,1229600,double,153700
8442,h2d,1229600,double,153700
8443,d2h,2048,double,256
8444,h2d,1229600,double,153700
8445,h2d,1229600,double,153700
8446,h2d,1229600,double,153700
8447,h2d,1229600,double,153700
8448,h2d,1229600,double,153700
8449,h2d,1229600,double,153700
8450,h2d,1229600,double,153700
8451,h2d,1229600,double,153700
8452,h2d,1229600,double,153700
8453,h2d,1229600,double,153700
8454,h2d,1229600,double,153700
8455,h2d,1229600,double,153700
8456,h2d,1229600,double,153700
8457,h2d,1229600,double,153700
8458,h2d,1229600,double,153700
8459,h2d,1229600,double,153700
8460,h2d,1229600,double,153700
8461,h2d,1229600,double,153700
8462,h2d,1229600,double,153700
8463,h2d,1229600,double,153700
8464,h2d,1229600,double,153700
8465,h2d,1229600,double,153700
8466,h2d,1229600,double,153700
8467,h2d,1229600,double,153700
8468,d2h,2048,double,256
8469,h2d,1229600,double,153700
8470,h2d,1229600,double,153700
8471,h2d,1229600,double,153700
8472,h2d,1229600,double,153700
8473,h2d,1229600,double,153700
8474,h2d,1229600,double,153700
8475,h2d,1229600,double,153700
8476,h2d,1229600,double,153700
8477,h2d,1229600,double,153700
8478,h2d,1229600,double,153700
8479,h2d,1229600,double,153700
8480,h2d,1229600,double,153700
8481,h2d,1229600,double,153700
8482,h2d,1229600,double,153700
8483,h2d,1229600,double,153700
8484,h2d,1229600,double,153700
8485,h2d,1229600,double,153700
8486,h2d,1229600,double,153700
8487,h2d,1229600,double,153700
8488,h2d,1229600,double,153700
8489,h2d,1229600,double,153700
8490,h2d,1229600,double,153700
8491,h2d,1229600,double,153700
8492,h2d,1229600,double,153700
8493,d2h,2048,double,256
8494,h2d,1229600,double,153700
8495,h2d,1229600,double,153700
8496,h2d,1229600,double,153700
8497,h2d,1229600,double,153700
8498,h2d,1229600,double,153700
8499,h2d,1229600,double,153700
8500,h2d,1229600,double,153700
8501,h2d,1229600,double,153700
8502,h2d,1229600,double,153700
8503,h2d,1229600,double,153700
8504,h2d,1229600,double,153700
8505,h2d,1229600,double,153700
8506,h2d,1229600,double,153700
8507,h2d,1229600,double,153700
8508,h2d,1229600,double,153700
8509,h2d,1229600,double,153700
8510,h2d,1229600,double,153700
8511,h2d,1229600,double,153700
8512,h2d,1229600,double,153700
8513,h2d,1229600,double,153700
8514,h2d,1229600,double,153700
8515,h2d,1229600,double,153700
8516,h2d,1229600,double,153700
8517,h2d,1229600,double,153700
8518,d2h,2048,double,256
8519,h2d,1229600,double,153700
8520,h2d,1229600,double,153700
8521,h2d,1229600,double,153700
8522,h2d,1229600,double,153700
8523,h2d,1229600,double,153700
8524,h2d,1229600,double,153700
8525,h2d,1229600,double,153700
8526,h2d,1229600,double,153700
8527,h2d,1229600,double,153700
8528,h2d,1229600,double,153700
8529,h2d,1229600,double,153700
8530,h2d,1229600,double,153700
8531,h2d,1229600,double,153700
8532,h2d,1229600,double,153700
8533,h2d,1229600,double,153700
8534,h2d,1229600,double,153700
8535,h2d,1229600,double,153700
8536,h2d,1229600,double,153700
8537,h2d,1229600,double,153700
8538,h2d,1229600,double,153700
8539,h2d,1229600,double,153700
8540,h2d,1229600,double,153700
8541,h2d,1229600,double,153700
8542,h2d,1229600,double,153700
8543,d2h,2048,double,256
8544,h2d,1229600,double,153700
8545,h2d,1229600,double,153700
8546,h2d,1229600,double,153700
8547,h2d,1229600,double,153700
8548,h2d,1229600,double,153700
8549,h2d,1229600,double,153700
8550,h2d,1229600,double,153700
8551,h2d,1229600,double,153700
8552,h2d,1229600,double,153700
8553,h2d,1229600,double,153700
8554,h2d,1229600,double,153700
8555,h2d,1229600,double,153700
8556,h2d,1229600,double,153700
8557,h2d,1229600,double,153700
8558,h2d,1229600,double,153700
8559,h2d,1229600,double,153700
8560,h2d,1229600,double,153700
8561,h2d,1229600,double,153700
8562,h2d,1229600,double,153700
8563,h2d,1229600,double,153700
8564,h2d,1229600,double,153700
8565,h2d,1229600,double,153700
8566,h2d,1229600,double,153700
8567,h2d,1229600,double,153700
8568,d2h,2048,double,256
8569,h2d,1229600,double,153700
8570,h2d,1229600,double,153700
8571,h2d,1229600,double,153700
8572,h2d,1229600,double,153700
8573,h2d,1229600,double,153700
8574,h2d,1229600,double,153700
8575,h2d,1229600,double,153700
8576,h2d,1229600,double,153700
8577,h2d,1229600,double,153700
8578,h2d,1229600,double,153700
8579,h2d,1229600,double,153700
8580,h2d,1229600,double,153700
8581,h2d,1229600,double,153700
8582,h2d,1229600,double,153700
8583,h2d,1229600,double,153700
8584,h2d,1229600,double,153700
8585,h2d,1229600,double,153700
8586,h2d,1229600,double,153700
8587,h2d,1229600,double,153700
8588,h2d,1229600,double,153700
8589,h2d,1229600,double,153700
8590,h2d,1229600,double,153700
8591,h2d,1229600,double,153700
8592,h2d,1229600,double,153700
8593,d2h,2048,double,256
8594,h2d,1229600,double,153700
8595,h2d,1229600,double,153700
8596,h2d,1229600,double,153700
8597,h2d,1229600,double,153700
8598,h2d,1229600,double,153700
8599,h2d,1229600,double,153700
8600,h2d,1229600,double,153700
8601,h2d,1229600,double,153700
8602,h2d,1229600,double,153700
8603,h2d,1229600,double,153700
8604,h2d,1229600,double,153700
8605,h2d,1229600,double,153700
8606,h2d,1229600,double,153700
8607,h2d,1229600,double,153700
8608,h2d,1229600,double,153700
8609,h2d,1229600,double,153700
8610,h2d,1229600,double,153700
8611,h2d,1229600,double,153700
8612,h2d,1229600,double,153700
8613,h2d,1229600,double,153700
8614,h2d,1229600,double,153700
8615,h2d,1229600,double,153700
8616,h2d,1229600,double,153700
8617,h2d,1229600,double,153700
8618,d2h,2048,double,256
8619,h2d,1229600,double,153700
8620,h2d,1229600,double,153700
8621,h2d,1229600,double,153700
8622,h2d,1229600,double,153700
8623,h2d,1229600,double,153700
8624,h2d,1229600,double,153700
8625,h2d,1229600,double,153700
8626,h2d,1229600,double,153700
8627,h2d,1229600,double,153700
8628,h2d,1229600,double,153700
8629,h2d,1229600,double,153700
8630,h2d,1229600,double,153700
8631,h2d,1229600,double,153700
8632,h2d,1229600,double,153700
8633,h2d,1229600,double,153700
8634,h2d,1229600,double,153700
8635,h2d,1229600,double,153700
8636,h2d,1229600,double,153700
8637,h2d,1229600,double,153700
8638,h2d,1229600,double,153700
8639,h2d,1229600,double,153700
8640,h2d,1229600,double,153700
8641,h2d,1229600,double,153700
8642,h2d,1229600,double,153700
8643,d2h,2048,double,256
8644,h2d,1229600,double,153700
8645,h2d,1229600,double,153700
8646,h2d,1229600,double,153700
8647,h2d,1229600,double,153700
8648,h2d,1229600,double,153700
8649,h2d,1229600,double,153700
8650,h2d,1229600,double,153700
8651,h2d,1229600,double,153700
8652,h2d,1229600,double,153700
8653,h2d,1229600,double,153700
8654,h2d,1229600,double,153700
8655,h2d,1229600,double,153700
8656,h2d,1229600,double,153700
8657,h2d,1229600,double,153700
8658,h2d,1229600,double,153700
8659,h2d,1229600,double,153700
8660,h2d,1229600,double,153700
8661,h2d,1229600,double,153700
8662,h2d,1229600,double,153700
8663,h2d,1229600,double,153700
8664,h2d,1229600,double,153700
8665,h2d,1229600,double,153700
8666,h2d,1229600,double,153700
8667,h2d,1229600,double,153700
8668,d2h,2048,double,256
8669,h2d,1229600,double,153700
8670,h2d,1229600,double,153700
8671,h2d,1229600,double,153700
8672,h2d,1229600,double,153700
8673,h2d,1229600,double,153700
8674,h2d,1229600,double,153700
8675,h2d,1229600,double,153700
8676,h2d,1229600,double,153700
8677,h2d,1229600,double,153700
8678,h2d,1229600,double,153700
8679,h2d,1229600,double,153700
8680,h2d,1229600,double,153700
8681,h2d,1229600,double,153700
8682,h2d,1229600,double,153700
8683,h2d,1229600,double,153700
8684,h2d,1229600,double,153700
8685,d2h,2048,double,256
8686,d2h,2048,double,256
8687,d2h,2048,double,256
8688,d2h,2048,double,256
8689,d2h,2048,double,256
8690,h2d,1229600,double,153700
8691,h2d,1229600,double,153700
8692,h2d,1229600,double,153700
8693,h2d,1229600,double,153700
8694,h2d,1229600,double,153700
8695,h2d,1229600,double,153700
8696,h2d,1229600,double,153700
8697,h2d,1229600,double,153700
8698,d2h,2048,double,256
8699,h2d,1229600,double,153700
8700,h2d,1229600,double,153700
8701,h2d,1229600,double,153700
8702,h2d,1229600,double,153700
8703,h2d,1229600,double,153700
8704,h2d,1229600,double,153700
8705,h2d,1229600,double,153700
8706,h2d,1229600,double,153700
8707,h2d,1229600,double,153700
8708,h2d,1229600,double,153700
8709,h2d,1229600,double,153700
8710,h2d,1229600,double,153700
8711,h2d,1229600,double,153700
8712,h2d,1229600,double,153700
8713,h2d,1229600,double,153700
8714,h2d,1229600,double,153700
8715,h2d,1229600,double,153700
8716,h2d,1229600,double,153700
8717,h2d,1229600,double,153700
8718,h2d,1229600,double,153700
8719,h2d,1229600,double,153700
8720,h2d,1229600,double,153700
8721,h2d,1229600,double,153700
8722,h2d,1229600,double,153700
8723,d2h,2048,double,256
8724,h2d,1229600,double,153700
8725,h2d,1229600,double,153700
8726,h2d,1229600,double,153700
8727,h2d,1229600,double,153700
8728,h2d,1229600,double,153700
8729,h2d,1229600,double,153700
8730,h2d,1229600,double,153700
8731,h2d,1229600,double,153700
8732,h2d,1229600,double,153700
8733,h2d,1229600,double,153700
8734,h2d,1229600,double,153700
8735,h2d,1229600,double,153700
8736,h2d,1229600,double,153700
8737,h2d,1229600,double,153700
8738,h2d,1229600,double,153700
8739,h2d,1229600,double,153700
8740,h2d,1229600,double,153700
8741,h2d,1229600,double,153700
8742,h2d,1229600,double,153700
8743,h2d,1229600,double,153700
8744,h2d,1229600,double,153700
8745,h2d,1229600,double,153700
8746,h2d,1229600,double,153700
8747,h2d,1229600,double,153700
8748,d2h,2048,double,256
8749,h2d,1229600,double,153700
8750,h2d,1229600,double,153700
8751,h2d,1229600,double,153700
8752,h2d,1229600,double,153700
8753,h2d,1229600,double,153700
8754,h2d,1229600,double,153700
8755,h2d,1229600,double,153700
8756,h2d,1229600,double,153700
8757,h2d,1229600,double,153700
8758,h2d,1229600,double,153700
8759,h2d,1229600,double,153700
8760,h2d,1229600,double,153700
8761,h2d,1229600,double,153700
8762,h2d,1229600,double,153700
8763,h2d,1229600,double,153700
8764,h2d,1229600,double,153700
8765,h2d,1229600,double,153700
8766,h2d,1229600,double,153700
8767,h2d,1229600,double,153700
8768,h2d,1229600,double,153700
8769,h2d,1229600,double,153700
8770,h2d,1229600,double,153700
8771,h2d,1229600,double,153700
8772,h2d,1229600,double,153700
8773,d2h,2048,double,256
8774,h2d,1229600,double,153700
8775,h2d,1229600,double,153700
8776,h2d,1229600,double,153700
8777,h2d,1229600,double,153700
8778,h2d,1229600,double,153700
8779,h2d,1229600,double,153700
8780,h2d,1229600,double,153700
8781,h2d,1229600,double,153700
8782,h2d,1229600,double,153700
8783,h2d,1229600,double,153700
8784,h2d,1229600,double,153700
8785,h2d,1229600,double,153700
8786,h2d,1229600,double,153700
8787,h2d,1229600,double,153700
8788,h2d,1229600,double,153700
8789,h2d,1229600,double,153700
8790,h2d,1229600,double,153700
8791,h2d,1229600,double,153700
8792,h2d,1229600,double,153700
8793,h2d,1229600,double,153700
8794,h2d,1229600,double,153700
8795,h2d,1229600,double,153700
8796,h2d,1229600,double,153700
8797,h2d,1229600,double,153700
8798,d2h,2048,double,256
8799,h2d,1229600,double,153700
8800,h2d,1229600,double,153700
8801,h2d,1229600,double,153700
8802,h2d,1229600,double,153700
8803,h2d,1229600,double,153700
8804,h2d,1229600,double,153700
8805,h2d,1229600,double,153700
8806,h2d,1229600,double,153700
8807,h2d,1229600,double,153700
8808,h2d,1229600,double,153700
8809,h2d,1229600,double,153700
8810,h2d,1229600,double,153700
8811,h2d,1229600,double,153700
8812,h2d,1229600,double,153700
8813,h2d,1229600,double,153700
8814,h2d,1229600,double,153700
8815,h2d,1229600,double,153700
8816,h2d,1229600,double,153700
8817,h2d,1229600,double,153700
8818,h2d,1229600,double,153700
8819,h2d,1229600,double,153700
8820,h2d,1229600,double,153700
8821,h2d,1229600,double,153700
8822,h2d,1229600,double,153700
8823,d2h,2048,double,256
8824,h2d,1229600,double,153700
8825,h2d,1229600,double,153700
8826,h2d,1229600,double,153700
8827,h2d,1229600,double,153700
8828,h2d,1229600,double,153700
8829,h2d,1229600,double,153700
8830,h2d,1229600,double,153700
8831,h2d,1229600,double,153700
8832,h2d,1229600,double,153700
8833,h2d,1229600,double,153700
8834,h2d,1229600,double,153700
8835,h2d,1229600,double,153700
8836,h2d,1229600,double,153700
8837,h2d,1229600,double,153700
8838,h2d,1229600,double,153700
8839,h2d,1229600,double,153700
8840,h2d,1229600,double,153700
8841,h2d,1229600,double,153700
8842,h2d,1229600,double,153700
8843,h2d,1229600,double,153700
8844,h2d,1229600,double,153700
8845,h2d,1229600,double,153700
8846,h2d,1229600,double,153700
8847,h2d,1229600,double,153700
8848,d2h,2048,double,256
8849,h2d,1229600,double,153700
8850,h2d,1229600,double,153700
8851,h2d,1229600,double,153700
8852,h2d,1229600,double,153700
8853,h2d,1229600,double,153700
8854,h2d,1229600,double,153700
8855,h2d,1229600,double,153700
8856,h2d,1229600,double,153700
8857,h2d,1229600,double,153700
8858,h2d,1229600,double,153700
8859,h2d,1229600,double,153700
8860,h2d,1229600,double,153700
8861,h2d,1229600,double,153700
8862,h2d,1229600,double,153700
8863,h2d,1229600,double,153700
8864,h2d,1229600,double,153700
8865,h2d,1229600,double,153700
8866,h2d,1229600,double,153700
8867,h2d,1229600,double,153700
8868,h2d,1229600,double,153700
8869,h2d,1229600,double,153700
8870,h2d,1229600,double,153700
8871,h2d,1229600,double,153700
8872,h2d,1229600,double,153700
8873,d2h,2048,double,256
8874,h2d,1229600,double,153700
8875,h2d,1229600,double,153700
8876,h2d,1229600,double,153700
8877,h2d,1229600,double,153700
8878,h2d,1229600,double,153700
8879,h2d,1229600,double,153700
8880,h2d,1229600,double,153700
8881,h2d,1229600,double,153700
8882,h2d,1229600,double,153700
8883,h2d,1229600,double,153700
8884,h2d,1229600,double,153700
8885,h2d,1229600,double,153700
8886,h2d,1229600,double,153700
8887,h2d,1229600,double,153700
8888,h2d,1229600,double,153700
8889,h2d,1229600,double,153700
8890,h2d,1229600,double,153700
8891,h2d,1229600,double,153700
8892,h2d,1229600,double,153700
8893,h2d,1229600,double,153700
8894,h2d,1229600,double,153700
8895,h2d,1229600,double,153700
8896,h2d,1229600,double,153700
8897,h2d,1229600,double,153700
8898,d2h,2048,double,256
8899,h2d,1229600,double,153700
8900,h2d,1229600,double,153700
8901,h2d,1229600,double,153700
8902,h2d,1229600,double,153700
8903,h2d,1229600,double,153700
8904,h2d,1229600,double,153700
8905,h2d,1229600,double,153700
8906,h2d,1229600,double,153700
8907,h2d,1229600,double,153700
8908,h2d,1229600,double,153700
8909,h2d,1229600,double,153700
8910,h2d,1229600,double,153700
8911,h2d,1229600,double,153700
8912,h2d,1229600,double,153700
8913,h2d,1229600,double,153700
8914,h2d,1229600,double,153700
8915,h2d,1229600,double,153700
8916,h2d,1229600,double,153700
8917,h2d,1229600,double,153700
8918,h2d,1229600,double,153700
8919,h2d,1229600,double,153700
8920,h2d,1229600,double,153700
8921,h2d,1229600,double,153700
8922,h2d,1229600,double,153700
8923,d2h,2048,double,256
8924,h2d,1229600,double,153700
8925,h2d,1229600,double,153700
8926,h2d,1229600,double,153700
8927,h2d,1229600,double,153700
8928,h2d,1229600,double,153700
8929,h2d,1229600,double,153700
8930,h2d,1229600,double,153700
8931,h2d,1229600,double,153700
8932,h2d,1229600,double,153700
8933,h2d,1229600,double,153700
8934,h2d,1229600,double,153700
8935,h2d,1229600,double,153700
8936,h2d,1229600,double,153700
8937,h2d,1229600,double,153700
8938,h2d,1229600,double,153700
8939,h2d,1229600,double,153700
8940,d2h,2048,double,256
8941,d2h,2048,double,256
8942,d2h,2048,double,256
8943,d2h,2048,double,256
8944,d2h,2048,double,256
8945,h2d,1229600,double,153700
8946,h2d,1229600,double,153700
8947,h2d,1229600,double,153700
8948,h2d,1229600,double,153700
8949,h2d,1229600,double,153700
8950,h2d,1229600,double,153700
8951,h2d,1229600,double,153700
8952,h2d,1229600,double,153700
8953,d2h,2048,double,256
8954,h2d,1229600,double,153700
8955,h2d,1229600,double,153700
8956,h2d,1229600,double,153700
8957,h2d,1229600,double,153700
8958,h2d,1229600,double,153700
8959,h2d,1229600,double,153700
8960,h2d,1229600,double,153700
8961,h2d,1229600,double,153700
8962,h2d,1229600,double,153700
8963,h2d,1229600,double,153700
8964,h2d,1229600,double,153700
8965,h2d,1229600,double,153700
8966,h2d,1229600,double,153700
8967,h2d,1229600,double,153700
8968,h2d,1229600,double,153700
8969,h2d,1229600,double,153700
8970,h2d,1229600,double,153700
8971,h2d,1229600,double,153700
8972,h2d,1229600,double,153700
8973,h2d,1229600,double,153700
8974,h2d,1229600,double,153700
8975,h2d,1229600,double,153700
8976,h2d,1229600,double,153700
8977,h2d,1229600,double,153700
8978,d2h,2048,double,256
8979,h2d,1229600,double,153700
8980,h2d,1229600,double,153700
8981,h2d,1229600,double,153700
8982,h2d,1229600,double,153700
8983,h2d,1229600,double,153700
8984,h2d,1229600,double,153700
8985,h2d,1229600,double,153700
8986,h2d,1229600,double,153700
8987,h2d,1229600,double,153700
8988,h2d,1229600,double,153700
8989,h2d,1229600,double,153700
8990,h2d,1229600,double,153700
8991,h2d,1229600,double,153700
8992,h2d,1229600,double,153700
8993,h2d,1229600,double,153700
8994,h2d,1229600,double,153700
8995,h2d,1229600,double,153700
8996,h2d,1229600,double,153700
8997,h2d,1229600,double,153700
8998,h2d,1229600,double,153700
8999,h2d,1229600,double,153700
9000,h2d,1229600,double,153700
9001,h2d,1229600,double,153700
9002,h2d,1229600,double,153700
9003,d2h,2048,double,256
9004,h2d,1229600,double,153700
9005,h2d,1229600,double,153700
9006,h2d,1229600,double,153700
9007,h2d,1229600,double,153700
9008,h2d,1229600,double,153700
9009,h2d,1229600,double,153700
9010,h2d,1229600,double,153700
9011,h2d,1229600,double,153700
9012,h2d,1229600,double,153700
9013,h2d,1229600,double,153700
9014,h2d,1229600,double,153700
9015,h2d,1229600,double,153700
9016,h2d,1229600,double,153700
9017,h2d,1229600,double,153700
9018,h2d,1229600,double,153700
9019,h2d,1229600,double,153700
9020,h2d,1229600,double,153700
9021,h2d,1229600,double,153700
9022,h2d,1229600,double,153700
9023,h2d,1229600,double,153700
9024,h2d,1229600,double,153700
9025,h2d,1229600,double,153700
9026,h2d,1229600,double,153700
9027,h2d,1229600,double,153700
9028,d2h,2048,double,256
9029,h2d,1229600,double,153700
9030,h2d,1229600,double,153700
9031,h2d,1229600,double,153700
9032,h2d,1229600,double,153700
9033,h2d,1229600,double,153700
9034,h2d,1229600,double,153700
9035,h2d,1229600,double,153700
9036,h2d,1229600,double,153700
9037,h2d,1229600,double,153700
9038,h2d,1229600,double,153700
9039,h2d,1229600,double,153700
9040,h2d,1229600,double,153700
9041,h2d,1229600,double,153700
9042,h2d,1229600,double,153700
9043,h2d,1229600,double,153700
9044,h2d,1229600,double,153700
9045,h2d,1229600,double,153700
9046,h2d,1229600,double,153700
9047,h2d,1229600,double,153700
9048,h2d,1229600,double,153700
9049,h2d,1229600,double,153700
9050,h2d,1229600,double,153700
9051,h2d,1229600,double,153700
9052,h2d,1229600,double,153700
9053,d2h,2048,double,256
9054,h2d,1229600,double,153700
9055,h2d,1229600,double,153700
9056,h2d,1229600,double,153700
9057,h2d,1229600,double,153700
9058,h2d,1229600,double,153700
9059,h2d,1229600,double,153700
9060,h2d,1229600,double,153700
9061,h2d,1229600,double,153700
9062,h2d,1229600,double,153700
9063,h2d,1229600,double,153700
9064,h2d,1229600,double,153700
9065,h2d,1229600,double,153700
9066,h2d,1229600,double,153700
9067,h2d,1229600,double,153700
9068,h2d,1229600,double,153700
9069,h2d,1229600,double,153700
9070,h2d,1229600,double,153700
9071,h2d,1229600,double,153700
9072,h2d,1229600,double,153700
9073,h2d,1229600,double,153700
9074,h2d,1229600,double,153700
9075,h2d,1229600,double,153700
9076,h2d,1229600,double,153700
9077,h2d,1229600,double,153700
9078,d2h,2048,double,256
9079,h2d,1229600,double,153700
9080,h2d,1229600,double,153700
9081,h2d,1229600,double,153700
9082,h2d,1229600,double,153700
9083,h2d,1229600,double,153700
9084,h2d,1229600,double,153700
9085,h2d,1229600,double,153700
9086,h2d,1229600,double,153700
9087,h2d,1229600,double,153700
9088,h2d,1229600,double,153700
9089,h2d,1229600,double,153700
9090,h2d,1229600,double,153700
9091,h2d,1229600,double,153700
9092,h2d,1229600,double,153700
9093,h2d,1229600,double,153700
9094,h2d,1229600,double,153700
9095,h2d,1229600,double,153700
9096,h2d,1229600,double,153700
9097,h2d,1229600,double,153700
9098,h2d,1229600,double,153700
9099,h2d,1229600,double,153700
9100,h2d,1229600,double,153700
9101,h2d,1229600,double,153700
9102,h2d,1229600,double,153700
9103,d2h,2048,double,256
9104,h2d,1229600,double,153700
9105,h2d,1229600,double,153700
9106,h2d,1229600,double,153700
9107,h2d,1229600,double,153700
9108,h2d,1229600,double,153700
9109,h2d,1229600,double,153700
9110,h2d,1229600,double,153700
9111,h2d,1229600,double,153700
9112,h2d,1229600,double,153700
9113,h2d,1229600,double,153700
9114,h2d,1229600,double,153700
9115,h2d,1229600,double,153700
9116,h2d,1229600,double,153700
9117,h2d,1229600,double,153700
9118,h2d,1229600,double,153700
9119,h2d,1229600,double,153700
9120,h2d,1229600,double,153700
9121,h2d,1229600,double,153700
9122,h2d,1229600,double,153700
9123,h2d,1229600,double,153700
9124,h2d,1229600,double,153700
9125,h2d,1229600,double,153700
9126,h2d,1229600,double,153700
9127,h2d,1229600,double,153700
9128,d2h,2048,double,256
9129,h2d,1229600,double,153700
9130,h2d,1229600,double,153700
9131,h2d,1229600,double,153700
9132,h2d,1229600,double,153700
9133,h2d,1229600,double,153700
9134,h2d,1229600,double,153700
9135,h2d,1229600,double,153700
9136,h2d,1229600,double,153700
9137,h2d,1229600,double,153700
9138,h2d,1229600,double,153700
9139,h2d,1229600,double,153700
9140,h2d,1229600,double,153700
9141,h2d,1229600,double,153700
9142,h2d,1229600,double,153700
9143,h2d,1229600,double,153700
9144,h2d,1229600,double,153700
9145,h2d,1229600,double,153700
9146,h2d,1229600,double,153700
9147,h2d,1229600,double,153700
9148,h2d,1229600,double,153700
9149,h2d,1229600,double,153700
9150,h2d,1229600,double,153700
9151,h2d,1229600,double,153700
9152,h2d,1229600,double,153700
9153,d2h,2048,double,256
9154,h2d,1229600,double,153700
9155,h2d,1229600,double,153700
9156,h2d,1229600,double,153700
9157,h2d,1229600,double,153700
9158,h2d,1229600,double,153700
9159,h2d,1229600,double,153700
9160,h2d,1229600,double,153700
9161,h2d,1229600,double,153700
9162,h2d,1229600,double,153700
9163,h2d,1229600,double,153700
9164,h2d,1229600,double,153700
9165,h2d,1229600,double,153700
9166,h2d,1229600,double,153700
9167,h2d,1229600,double,153700
9168,h2d,1229600,double,153700
9169,h2d,1229600,double,153700
9170,h2d,1229600,double,153700
9171,h2d,1229600,double,153700
9172,h2d,1229600,double,153700
9173,h2d,1229600,double,153700
9174,h2d,1229600,double,153700
9175,h2d,1229600,double,153700
9176,h2d,1229600,double,153700
9177,h2d,1229600,double,153700
9178,d2h,2048,double,256
9179,h2d,1229600,double,153700
9180,h2d,1229600,double,153700
9181,h2d,1229600,double,153700
9182,h2d,1229600,double,153700
9183,h2d,1229600,double,153700
9184,h2d,1229600,double,153700
9185,h2d,1229600,double,153700
9186,h2d,1229600,double,153700
9187,h2d,1229600,double,153700
9188,h2d,1229600,double,153700
9189,h2d,1229600,double,153700
9190,h2d,1229600,double,153700
9191,h2d,1229600,double,153700
9192,h2d,1229600,double,153700
9193,h2d,1229600,double,153700
9194,h2d,1229600,double,153700
9195,d2h,2048,double,256
9196,d2h,2048,double,256
9197,d2h,2048,double,256
9198,d2h,2048,double,256
9199,d2h,2048,double,256
9200,h2d,1229600,double,153700
9201,h2d,1229600,double,153700
9202,h2d,1229600,double,153700
9203,h2d,1229600,double,153700
9204,h2d,1229600,double,153700
9205,h2d,1229600,double,153700
9206,h2d,1229600,double,153700
9207,h2d,1229600,double,153700
9208,d2h,2048,double,256
9209,h2d,1229600,double,153700
9210,h2d,1229600,double,153700
9211,h2d,1229600,double,153700
9212,h2d,1229600,double,153700
9213,h2d,1229600,double,153700
9214,h2d,1229600,double,153700
9215,h2d,1229600,double,153700
9216,h2d,1229600,double,153700
9217,h2d,1229600,double,153700
9218,h2d,1229600,double,153700
9219,h2d,1229600,double,153700
9220,h2d,1229600,double,153700
9221,h2d,1229600,double,153700
9222,h2d,1229600,double,153700
9223,h2d,1229600,double,153700
9224,h2d,1229600,double,153700
9225,h2d,1229600,double,153700
9226,h2d,1229600,double,153700
9227,h2d,1229600,double,153700
9228,h2d,1229600,double,153700
9229,h2d,1229600,double,153700
9230,h2d,1229600,double,153700
9231,h2d,1229600,double,153700
9232,h2d,1229600,double,153700
9233,d2h,2048,double,256
9234,h2d,1229600,double,153700
9235,h2d,1229600,double,153700
9236,h2d,1229600,double,153700
9237,h2d,1229600,double,153700
9238,h2d,1229600,double,153700
9239,h2d,1229600,double,153700
9240,h2d,1229600,double,153700
9241,h2d,1229600,double,153700
9242,h2d,1229600,double,153700
9243,h2d,1229600,double,153700
9244,h2d,1229600,double,153700
9245,h2d,1229600,double,153700
9246,h2d,1229600,double,153700
9247,h2d,1229600,double,153700
9248,h2d,1229600,double,153700
9249,h2d,1229600,double,153700
9250,h2d,1229600,double,153700
9251,h2d,1229600,double,153700
9252,h2d,1229600,double,153700
9253,h2d,1229600,double,153700
9254,h2d,1229600,double,153700
9255,h2d,1229600,double,153700
9256,h2d,1229600,double,153700
9257,h2d,1229600,double,153700
9258,d2h,2048,double,256
9259,h2d,1229600,double,153700
9260,h2d,1229600,double,153700
9261,h2d,1229600,double,153700
9262,h2d,1229600,double,153700
9263,h2d,1229600,double,153700
9264,h2d,1229600,double,153700
9265,h2d,1229600,double,153700
9266,h2d,1229600,double,153700
9267,h2d,1229600,double,153700
9268,h2d,1229600,double,153700
9269,h2d,1229600,double,153700
9270,h2d,1229600,double,153700
9271,h2d,1229600,double,153700
9272,h2d,1229600,double,153700
9273,h2d,1229600,double,153700
9274,h2d,1229600,double,153700
9275,h2d,1229600,double,153700
9276,h2d,1229600,double,153700
9277,h2d,1229600,double,153700
9278,h2d,1229600,double,153700
9279,h2d,1229600,double,153700
9280,h2d,1229600,double,153700
9281,h2d,1229600,double,153700
9282,h2d,1229600,double,153700
9283,d2h,2048,double,256
9284,h2d,1229600,double,153700
9285,h2d,1229600,double,153700
9286,h2d,1229600,double,153700
9287,h2d,1229600,double,153700
9288,h2d,1229600,double,153700
9289,h2d,1229600,double,153700
9290,h2d,1229600,double,153700
9291,h2d,1229600,double,153700
9292,h2d,1229600,double,153700
9293,h2d,1229600,double,153700
9294,h2d,1229600,double,153700
9295,h2d,1229600,double,153700
9296,h2d,1229600,double,153700
9297,h2d,1229600,double,153700
9298,h2d,1229600,double,153700
9299,h2d,1229600,double,153700
9300,h2d,1229600,double,153700
9301,h2d,1229600,double,153700
9302,h2d,1229600,double,153700
9303,h2d,1229600,double,153700
9304,h2d,1229600,double,153700
9305,h2d,1229600,double,153700
9306,h2d,1229600,double,153700
9307,h2d,1229600,double,153700
9308,d2h,2048,double,256
9309,h2d,1229600,double,153700
9310,h2d,1229600,double,153700
9311,h2d,1229600,double,153700
9312,h2d,1229600,double,153700
9313,h2d,1229600,double,153700
9314,h2d,1229600,double,153700
9315,h2d,1229600,double,153700
9316,h2d,1229600,double,153700
9317,h2d,1229600,double,153700
9318,h2d,1229600,double,153700
9319,h2d,1229600,double,153700
9320,h2d,1229600,double,153700
9321,h2d,1229600,double,153700
9322,h2d,1229600,double,153700
9323,h2d,1229600,double,153700
9324,h2d,1229600,double,153700
9325,h2d,1229600,double,153700
9326,h2d,1229600,double,153700
9327,h2d,1229600,double,153700
9328,h2d,1229600,double,153700
9329,h2d,1229600,double,153700
9330,h2d,1229600,double,153700
9331,h2d,1229600,double,153700
9332,h2d,1229600,double,153700
9333,d2h,2048,double,256
9334,h2d,1229600,double,153700
9335,h2d,1229600,double,153700
9336,h2d,1229600,double,153700
9337,h2d,1229600,double,153700
9338,h2d,1229600,double,153700
9339,h2d,1229600,double,153700
9340,h2d,1229600,double,153700
9341,h2d,1229600,double,153700
9342,h2d,1229600,double,153700
9343,h2d,1229600,double,153700
9344,h2d,1229600,double,153700
9345,h2d,1229600,double,153700
9346,h2d,1229600,double,153700
9347,h2d,1229600,double,153700
9348,h2d,1229600,double,153700
9349,h2d,1229600,double,153700
9350,h2d,1229600,double,153700
9351,h2d,1229600,double,153700
9352,h2d,1229600,double,153700
9353,h2d,1229600,double,153700
9354,h2d,1229600,double,153700
9355,h2d,1229600,double,153700
9356,h2d,1229600,double,153700
9357,h2d,1229600,double,153700
9358,d2h,2048,double,256
9359,h2d,1229600,double,153700
9360,h2d,1229600,double,153700
9361,h2d,1229600,double,153700
9362,h2d,1229600,double,153700
9363,h2d,1229600,double,153700
9364,h2d,1229600,double,153700
9365,h2d,1229600,double,153700
9366,h2d,1229600,double,153700
9367,h2d,1229600,double,153700
9368,h2d,1229600,double,153700
9369,h2d,1229600,double,153700
9370,h2d,1229600,double,153700
9371,h2d,1229600,double,153700
9372,h2d,1229600,double,153700
9373,h2d,1229600,double,153700
9374,h2d,1229600,double,153700
9375,h2d,1229600,double,153700
9376,h2d,1229600,double,153700
9377,h2d,1229600,double,153700
9378,h2d,1229600,double,153700
9379,h2d,1229600,double,153700
9380,h2d,1229600,double,153700
9381,h2d,1229600,double,153700
9382,h2d,1229600,double,153700
9383,d2h,2048,double,256
9384,h2d,1229600,double,153700
9385,h2d,1229600,double,153700
9386,h2d,1229600,double,153700
9387,h2d,1229600,double,153700
9388,h2d,1229600,double,153700
9389,h2d,1229600,double,153700
9390,h2d,1229600,double,153700
9391,h2d,1229600,double,153700
9392,h2d,1229600,double,153700
9393,h2d,1229600,double,153700
9394,h2d,1229600,double,153700
9395,h2d,1229600,double,153700
9396,h2d,1229600,double,153700
9397,h2d,1229600,double,153700
9398,h2d,1229600,double,153700
9399,h2d,1229600,double,153700
9400,h2d,1229600,double,153700
9401,h2d,1229600,double,153700
9402,h2d,1229600,double,153700
9403,h2d,1229600,double,153700
9404,h2d,1229600,double,153700
9405,h2d,1229600,double,153700
9406,h2d,1229600,double,153700
9407,h2d,1229600,double,153700
9408,d2h,2048,double,256
9409,h2d,1229600,double,153700
9410,h2d,1229600,double,153700
9411,h2d,1229600,double,153700
9412,h2d,1229600,double,153700
9413,h2d,1229600,double,153700
9414,h2d,1229600,double,153700
9415,h2d,1229600,double,153700
9416,h2d,1229600,double,153700
9417,h2d,1229600,double,153700
9418,h2d,1229600,double,153700
9419,h2d,1229600,double,153700
9420,h2d,1229600,double,153700
9421,h2d,1229600,double,153700
9422,h2d,1229600,double,153700
9423,h2d,1229600,double,153700
9424,h2d,1229600,double,153700
9425,h2d,1229600,double,153700
9426,h2d,1229600,double,153700
9427,h2d,1229600,double,153700
9428,h2d,1229600,double,153700
9429,h2d,1229600,double,153700
9430,h2d,1229600,double,153700
9431,h2d,1229600,double,153700
9432,h2d,1229600,double,153700
9433,d2h,2048,double,256
9434,h2d,1229600,double,153700
9435,h2d,1229600,double,153700
9436,h2d,1229600,double,153700
9437,h2d,1229600,double,153700
9438,h2d,1229600,double,153700
9439,h2d,1229600,double,153700
9440,h2d,1229600,double,153700
9441,h2d,1229600,double,153700
9442,h2d,1229600,double,153700
9443,h2d,1229600,double,153700
9444,h2d,1229600,double,153700
9445,h2d,1229600,double,153700
9446,h2d,1229600,double,153700
9447,h2d,1229600,double,153700
9448,h2d,1229600,double,153700
9449,h2d,1229600,double,153700
9450,d2h,2048,double,256
9451,d2h,2048,double,256
9452,d2h,2048,double,256
9453,d2h,2048,double,256
9454,d2h,2048,double,256
9455,h2d,1229600,double,153700
9456,h2d,1229600,double,153700
9457,h2d,1229600,double,153700
9458,h2d,1229600,double,153700
9459,h2d,1229600,double,153700
9460,h2d,1229600,double,153700
9461,h2d,1229600,double,153700
9462,h2d,1229600,double,153700
9463,d2h,2048,double,256
9464,h2d,1229600,double,153700
9465,h2d,1229600,double,153700
9466,h2d,1229600,double,153700
9467,h2d,1229600,double,153700
9468,h2d,1229600,double,153700
9469,h2d,1229600,double,153700
9470,h2d,1229600,double,153700
9471,h2d,1229600,double,153700
9472,h2d,1229600,double,153700
9473,h2d,1229600,double,153700
9474,h2d,1229600,double,153700
9475,h2d,1229600,double,153700
9476,h2d,1229600,double,153700
9477,h2d,1229600,double,153700
9478,h2d,1229600,double,153700
9479,h2d,1229600,double,153700
9480,h2d,1229600,double,153700
9481,h2d,1229600,double,153700
9482,h2d,1229600,double,153700
9483,h2d,1229600,double,153700
9484,h2d,1229600,double,153700
9485,h2d,1229600,double,153700
9486,h2d,1229600,double,153700
9487,h2d,1229600,double,153700
9488,d2h,2048,double,256
9489,h2d,1229600,double,153700
9490,h2d,1229600,double,153700
9491,h2d,1229600,double,153700
9492,h2d,1229600,double,153700
9493,h2d,1229600,double,153700
9494,h2d,1229600,double,153700
9495,h2d,1229600,double,153700
9496,h2d,1229600,double,153700
9497,h2d,1229600,double,153700
9498,h2d,1229600,double,153700
9499,h2d,1229600,double,153700
9500,h2d,1229600,double,153700
9501,h2d,1229600,double,153700
9502,h2d,1229600,double,153700
9503,h2d,1229600,double,153700
9504,h2d,1229600,double,153700
9505,h2d,1229600,double,153700
9506,h2d,1229600,double,153700
9507,h2d,1229600,double,153700
9508,h2d,1229600,double,153700
9509,h2d,1229600,double,153700
9510,h2d,1229600,double,153700
9511,h2d,1229600,double,153700
9512,h2d,1229600,double,153700
9513,d2h,2048,double,256
9514,h2d,1229600,double,153700
9515,h2d,1229600,double,153700
9516,h2d,1229600,double,153700
9517,h2d,1229600,double,153700
9518,h2d,1229600,double,153700
9519,h2d,1229600,double,153700
9520,h2d,1229600,double,153700
9521,h2d,1229600,double,153700
9522,h2d,1229600,double,153700
9523,h2d,1229600,double,153700
9524,h2d,1229600,double,153700
9525,h2d,1229600,double,153700
9526,h2d,1229600,double,153700
9527,h2d,1229600,double,153700
9528,h2d,1229600,double,153700
9529,h2d,1229600,double,153700
9530,h2d,1229600,double,153700
9531,h2d,1229600,double,153700
9532,h2d,1229600,double,153700
9533,h2d,1229600,double,153700
9534,h2d,1229600,double,153700
9535,h2d,1229600,double,153700
9536,h2d,1229600,double,153700
9537,h2d,1229600,double,153700
9538,d2h,2048,double,256
9539,h2d,1229600,double,153700
9540,h2d,1229600,double,153700
9541,h2d,1229600,double,153700
9542,h2d,1229600,double,153700
9543,h2d,1229600,double,153700
9544,h2d,1229600,double,153700
9545,h2d,1229600,double,153700
9546,h2d,1229600,double,153700
9547,h2d,1229600,double,153700
9548,h2d,1229600,double,153700
9549,h2d,1229600,double,153700
9550,h2d,1229600,double,153700
9551,h2d,1229600,double,153700
9552,h2d,1229600,double,153700
9553,h2d,1229600,double,153700
9554,h2d,1229600,double,153700
9555,h2d,1229600,double,153700
9556,h2d,1229600,double,153700
9557,h2d,1229600,double,153700
9558,h2d,1229600,double,153700
9559,h2d,1229600,double,153700
9560,h2d,1229600,double,153700
9561,h2d,1229600,double,153700
9562,h2d,1229600,double,153700
9563,d2h,2048,double,256
9564,h2d,1229600,double,153700
9565,h2d,1229600,double,153700
9566,h2d,1229600,double,153700
9567,h2d,1229600,double,153700
9568,h2d,1229600,double,153700
9569,h2d,1229600,double,153700
9570,h2d,1229600,double,153700
9571,h2d,1229600,double,153700
9572,h2d,1229600,double,153700
9573,h2d,1229600,double,153700
9574,h2d,1229600,double,153700
9575,h2d,1229600,double,153700
9576,h2d,1229600,double,153700
9577,h2d,1229600,double,153700
9578,h2d,1229600,double,153700
9579,h2d,1229600,double,153700
9580,h2d,1229600,double,153700
9581,h2d,1229600,double,153700
9582,h2d,1229600,double,153700
9583,h2d,1229600,double,153700
9584,h2d,1229600,double,153700
9585,h2d,1229600,double,153700
9586,h2d,1229600,double,153700
9587,h2d,1229600,double,153700
9588,d2h,2048,double,256
9589,h2d,1229600,double,153700
9590,h2d,1229600,double,153700
9591,h2d,1229600,double,153700
9592,h2d,1229600,double,153700
9593,h2d,1229600,double,153700
9594,h2d,1229600,double,153700
9595,h2d,1229600,double,153700
9596,h2d,1229600,double,153700
9597,h2d,1229600,double,153700
9598,h2d,1229600,double,153700
9599,h2d,1229600,double,153700
9600,h2d,1229600,double,153700
9601,h2d,1229600,double,153700
9602,h2d,1229600,double,153700
9603,h2d,1229600,double,153700
9604,h2d,1229600,double,153700
9605,h2d,1229600,double,153700
9606,h2d,1229600,double,153700
9607,h2d,1229600,double,153700
9608,h2d,1229600,double,153700
9609,h2d,1229600,double,153700
9610,h2d,1229600,double,153700
9611,h2d,1229600,double,153700
9612,h2d,1229600,double,153700
9613,d2h,2048,double,256
9614,h2d,1229600,double,153700
9615,h2d,1229600,double,153700
9616,h2d,1229600,double,153700
9617,h2d,1229600,double,153700
9618,h2d,1229600,double,153700
9619,h2d,1229600,double,153700
9620,h2d,1229600,double,153700
9621,h2d,1229600,double,153700
9622,h2d,1229600,double,153700
9623,h2d,1229600,double,153700
9624,h2d,1229600,double,153700
9625,h2d,1229600,double,153700
9626,h2d,1229600,double,153700
9627,h2d,1229600,double,153700
9628,h2d,1229600,double,153700
9629,h2d,1229600,double,153700
9630,h2d,1229600,double,153700
9631,h2d,1229600,double,153700
9632,h2d,1229600,double,153700
9633,h2d,1229600,double,153700
9634,h2d,1229600,double,153700
9635,h2d,1229600,double,153700
9636,h2d,1229600,double,153700
9637,h2d,1229600,double,153700
9638,d2h,2048,double,256
9639,h2d,1229600,double,153700
9640,h2d,1229600,double,153700
9641,h2d,1229600,double,153700
9642,h2d,1229600,double,153700
9643,h2d,1229600,double,153700
9644,h2d,1229600,double,153700
9645,h2d,1229600,double,153700
9646,h2d,1229600,double,153700
9647,h2d,1229600,double,153700
9648,h2d,1229600,double,153700
9649,h2d,1229600,double,153700
9650,h2d,1229600,double,153700
9651,h2d,1229600,double,153700
9652,h2d,1229600,double,153700
9653,h2d,1229600,double,153700
9654,h2d,1229600,double,153700
9655,h2d,1229600,double,153700
9656,h2d,1229600,double,153700
9657,h2d,1229600,double,153700
9658,h2d,1229600,double,153700
9659,h2d,1229600,double,153700
9660,h2d,1229600,double,153700
9661,h2d,1229600,double,153700
9662,h2d,1229600,double,153700
9663,d2h,2048,double,256
9664,h2d,1229600,double,153700
9665,h2d,1229600,double,153700
9666,h2d,1229600,double,153700
9667,h2d,1229600,double,153700
9668,h2d,1229600,double,153700
9669,h2d,1229600,double,153700
9670,h2d,1229600,double,153700
9671,h2d,1229600,double,153700
9672,h2d,1229600,double,153700
9673,h2d,1229600,double,153700
9674,h2d,1229600,double,153700
9675,h2d,1229600,double,153700
9676,h2d,1229600,double,153700
9677,h2d,1229600,double,153700
9678,h2d,1229600,double,153700
9679,h2d,1229600,double,153700
9680,h2d,1229600,double,153700
9681,h2d,1229600,double,153700
9682,h2d,1229600,double,153700
9683,h2d,1229600,double,153700
9684,h2d,1229600,double,153700
9685,h2d,1229600,double,153700
9686,h2d,1229600,double,153700
9687,h2d,1229600,double,153700
9688,d2h,2048,double,256
9689,h2d,1229600,double,153700
9690,h2d,1229600,double,153700
9691,h2d,1229600,double,153700
9692,h2d,1229600,double,153700
9693,h2d,1229600,double,153700
9694,h2d,1229600,double,153700
9695,h2d,1229600,double,153700
9696,h2d,1229600,double,153700
9697,h2d,1229600,double,153700
9698,h2d,1229600,double,153700
9699,h2d,1229600,double,153700
9700,h2d,1229600,double,153700
9701,h2d,1229600,double,153700
9702,h2d,1229600,double,153700
9703,h2d,1229600,double,153700
9704,h2d,1229600,double,153700
9705,d2h,2048,double,256
9706,d2h,2048,double,256
9707,d2h,2048,double,256
9708,d2h,2048,double,256
9709,d2h,2048,double,256
9710,h2d,1229600,double,153700
9711,h2d,1229600,double,153700
9712,h2d,1229600,double,153700
9713,h2d,1229600,double,153700
9714,h2d,1229600,double,153700
9715,h2d,1229600,double,153700
9716,h2d,1229600,double,153700
9717,h2d,1229600,double,153700
9718,d2h,2048,double,256
9719,h2d,1229600,double,153700
9720,h2d,1229600,double,153700
9721,h2d,1229600,double,153700
9722,h2d,1229600,double,153700
9723,h2d,1229600,double,153700
9724,h2d,1229600,double,153700
9725,h2d,1229600,double,153700
9726,h2d,1229600,double,153700
9727,h2d,1229600,double,153700
9728,h2d,1229600,double,153700
9729,h2d,1229600,double,153700
9730,h2d,1229600,double,153700
9731,h2d,1229600,double,153700
9732,h2d,1229600,double,153700
9733,h2d,1229600,double,153700
9734,h2d,1229600,double,153700
9735,h2d,1229600,double,153700
9736,h2d,1229600,double,153700
9737,h2d,1229600,double,153700
9738,h2d,1229600,double,153700
9739,h2d,1229600,double,153700
9740,h2d,1229600,double,153700
9741,h2d,1229600,double,153700
9742,h2d,1229600,double,153700
9743,d2h,2048,double,256
9744,h2d,1229600,double,153700
9745,h2d,1229600,double,153700
9746,h2d,1229600,double,153700
9747,h2d,1229600,double,153700
9748,h2d,1229600,double,153700
9749,h2d,1229600,double,153700
9750,h2d,1229600,double,153700
9751,h2d,1229600,double,153700
9752,h2d,1229600,double,153700
9753,h2d,1229600,double,153700
9754,h2d,1229600,double,153700
9755,h2d,1229600,double,153700
9756,h2d,1229600,double,153700
9757,h2d,1229600,double,153700
9758,h2d,1229600,double,153700
9759,h2d,1229600,double,153700
9760,h2d,1229600,double,153700
9761,h2d,1229600,double,153700
9762,h2d,1229600,double,153700
9763,h2d,1229600,double,153700
9764,h2d,1229600,double,153700
9765,h2d,1229600,double,153700
9766,h2d,1229600,double,153700
9767,h2d,1229600,double,153700
9768,d2h,2048,double,256
9769,h2d,1229600,double,153700
9770,h2d,1229600,double,153700
9771,h2d,1229600,double,153700
9772,h2d,1229600,double,153700
9773,h2d,1229600,double,153700
9774,h2d,1229600,double,153700
9775,h2d,1229600,double,153700
9776,h2d,1229600,double,153700
9777,h2d,1229600,double,153700
9778,h2d,1229600,double,153700
9779,h2d,1229600,double,153700
9780,h2d,1229600,double,153700
9781,h2d,1229600,double,153700
9782,h2d,1229600,double,153700
9783,h2d,1229600,double,153700
9784,h2d,1229600,double,153700
9785,h2d,1229600,double,153700
9786,h2d,1229600,double,153700
9787,h2d,1229600,double,153700
9788,h2d,1229600,double,153700
9789,h2d,1229600,double,153700
9790,h2d,1229600,double,153700
9791,h2d,1229600,double,153700
9792,h2d,1229600,double,153700
9793,d2h,2048,double,256
9794,h2d,1229600,double,153700
9795,h2d,1229600,double,153700
9796,h2d,1229600,double,153700
9797,h2d,1229600,double,153700
9798,h2d,1229600,double,153700
9799,h2d,1229600,double,153700
9800,h2d,1229600,double,153700
9801,h2d,1229600,double,153700
9802,h2d,1229600,double,153700
9803,h2d,1229600,double,153700
9804,h2d,1229600,double,153700
9805,h2d,1229600,double,153700
9806,h2d,1229600,double,153700
9807,h2d,1229600,double,153700
9808,h2d,1229600,double,153700
9809,h2d,1229600,double,153700
9810,h2d,1229600,double,153700
9811,h2d,1229600,double,153700
9812,h2d,1229600,double,153700
9813,h2d,1229600,double,153700
9814,h2d,1229600,double,153700
9815,h2d,1229600,double,153700
9816,h2d,1229600,double,153700
9817,h2d,1229600,double,153700
9818,d2h,2048,double,256
9819,h2d,1229600,double,153700
9820,h2d,1229600,double,153700
9821,h2d,1229600,double,153700
9822,h2d,1229600,double,153700
9823,h2d,1229600,double,153700
9824,h2d,1229600,double,153700
9825,h2d,1229600,double,153700
9826,h2d,1229600,double,153700
9827,h2d,1229600,double,153700
9828,h2d,1229600,double,153700
9829,h2d,1229600,double,153700
9830,h2d,1229600,double,153700
9831,h2d,1229600,double,153700
9832,h2d,1229600,double,153700
9833,h2d,1229600,double,153700
9834,h2d,1229600,double,153700
9835,h2d,1229600,double,153700
9836,h2d,1229600,double,153700
9837,h2d,1229600,double,153700
9838,h2d,1229600,double,153700
9839,h2d,1229600,double,153700
9840,h2d,1229600,double,153700
9841,h2d,1229600,double,153700
9842,h2d,1229600,double,153700
9843,d2h,2048,double,256
9844,h2d,1229600,double,153700
9845,h2d,1229600,double,153700
9846,h2d,1229600,double,153700
9847,h2d,1229600,double,153700
9848,h2d,1229600,double,153700
9849,h2d,1229600,double,153700
9850,h2d,1229600,double,153700
9851,h2d,1229600,double,153700
9852,h2d,1229600,double,153700
9853,h2d,1229600,double,153700
9854,h2d,1229600,double,153700
9855,h2d,1229600,double,153700
9856,h2d,1229600,double,153700
9857,h2d,1229600,double,153700
9858,h2d,1229600,double,153700
9859,h2d,1229600,double,153700
9860,h2d,1229600,double,153700
9861,h2d,1229600,double,153700
9862,h2d,1229600,double,153700
9863,h2d,1229600,double,153700
9864,h2d,1229600,double,153700
9865,h2d,1229600,double,153700
9866,h2d,1229600,double,153700
9867,h2d,1229600,double,153700
9868,d2h,2048,double,256
9869,h2d,1229600,double,153700
9870,h2d,1229600,double,153700
9871,h2d,1229600,double,153700
9872,h2d,1229600,double,153700
9873,h2d,1229600,double,153700
9874,h2d,1229600,double,153700
9875,h2d,1229600,double,153700
9876,h2d,1229600,double,153700
9877,h2d,1229600,double,153700
9878,h2d,1229600,double,153700
9879,h2d,1229600,double,153700
9880,h2d,1229600,double,153700
9881,h2d,1229600,double,153700
9882,h2d,1229600,double,153700
9883,h2d,1229600,double,153700
9884,h2d,1229600,double,153700
9885,h2d,1229600,double,153700
9886,h2d,1229600,double,153700
9887,h2d,1229600,double,153700
9888,h2d,1229600,double,153700
9889,h2d,1229600,double,153700
9890,h2d,1229600,double,153700
9891,h2d,1229600,double,153700
9892,h2d,1229600,double,153700
9893,d2h,2048,double,256
9894,h2d,1229600,double,153700
9895,h2d,1229600,double,153700
9896,h2d,1229600,double,153700
9897,h2d,1229600,double,153700
9898,h2d,1229600,double,153700
9899,h2d,1229600,double,153700
9900,h2d,1229600,double,153700
9901,h2d,1229600,double,153700
9902,h2d,1229600,double,153700
9903,h2d,1229600,double,153700
9904,h2d,1229600,double,153700
9905,h2d,1229600,double,153700
9906,h2d,1229600,double,153700
9907,h2d,1229600,double,153700
9908,h2d,1229600,double,153700
9909,h2d,1229600,double,153700
9910,h2d,1229600,double,153700
9911,h2d,1229600,double,153700
9912,h2d,1229600,double,153700
9913,h2d,1229600,double,153700
9914,h2d,1229600,double,153700
9915,h2d,1229600,double,153700
9916,h2d,1229600,double,153700
9917,h2d,1229600,double,153700
9918,d2h,2048,double,256
9919,h2d,1229600,double,153700
9920,h2d,1229600,double,153700
9921,h2d,1229600,double,153700
9922,h2d,1229600,double,153700
9923,h2d,1229600,double,153700
9924,h2d,1229600,double,153700
9925,h2d,1229600,double,153700
9926,h2d,1229600,double,153700
9927,h2d,1229600,double,153700
9928,h2d,1229600,double,153700
9929,h2d,1229600,double,153700
9930,h2d,1229600,double,153700
9931,h2d,1229600,double,153700
9932,h2d,1229600,double,153700
9933,h2d,1229600,double,153700
9934,h2d,1229600,double,153700
9935,h2d,1229600,double,153700
9936,h2d,1229600,double,153700
9937,h2d,1229600,double,153700
9938,h2d,1229600,double,153700
9939,h2d,1229600,double,153700
9940,h2d,1229600,double,153700
9941,h2d,1229600,double,153700
9942,h2d,1229600,double,153700
9943,d2h,2048,double,256
9944,h2d,1229600,double,153700
9945,h2d,1229600,double,153700
9946,h2d,1229600,double,153700
9947,h2d,1229600,double,153700
9948,h2d,1229600,double,153700
9949,h2d,1229600,double,153700
9950,h2d,1229600,double,153700
9951,h2d,1229600,double,153700
9952,h2d,1229600,double,153700
9953,h2d,1229600,double,153700
9954,h2d,1229600,double,153700
9955,h2d,1229600,double,153700
9956,h2d,1229600,double,153700
9957,h2d,1229600,double,153700
9958,h2d,1229600,double,153700
9959,h2d,1229600,double,153700
9960,d2h,2048,double,256
9961,d2h,2048,double,256
9962,d2h,2048,double,256
9963,d2h,2048,double,256
9964,d2h,2048,double,256
9965,h2d,1229600,double,153700
9966,h2d,1229600,double,153700
9967,h2d,1229600,double,153700
9968,h2d,1229600,double,153700
9969,h2d,1229600,double,153700
9970,h2d,1229600,double,153700
9971,h2d,1229600,double,153700
9972,h2d,1229600,double,153700
9973,d2h,2048,double,256
9974,h2d,1229600,double,153700
9975,h2d,1229600,double,153700
9976,h2d,1229600,double,153700
9977,h2d,1229600,double,153700
9978,h2d,1229600,double,153700
9979,h2d,1229600,double,153700
9980,h2d,1229600,double,153700
9981,h2d,1229600,double,153700
9982,h2d,1229600,double,153700
9983,h2d,1229600,double,153700
9984,h2d,1229600,double,153700
9985,h2d,1229600,double,153700
9986,h2d,1229600,double,153700
9987,h2d,1229600,double,153700
9988,h2d,1229600,double,153700
9989,h2d,1229600,double,153700
9990,h2d,1229600,double,153700
9991,h2d,1229600,double,153700
9992,h2d,1229600,double,153700
9993,h2d,1229600,double,153700
9994,h2d,1229600,double,153700
9995,h2d,1229600,double,153700
9996,h2d,1229600,double,153700
9997,h2d,1229600,double,153700
9998,d2h,2048,double,256
9999,h2d,1229600,double,153700
10000,h2d,1229600,double,153700
10001,h2d,1229600,double,153700
10002,h2d,1229600,double,153700
10003,h2d,1229600,double,153700
10004,h2d,1229600,double,153700
10005,h2d,1229600,double,153700
10006,h2d,1229600,double,153700
10007,h2d,1229600,double,153700
10008,h2d,1229600,double,153700
10009,h2d,1229600,double,153700
10010,h2d,1229600,double,153700
10011,h2d,1229600,double,153700
10012,h2d,1229600,double,153700
10013,h2d,1229600,double,153700
10014,h2d,1229600,double,153700
10015,h2d,1229600,double,153700
10016,h2d,1229600,double,153700
10017,h2d,1229600,double,153700
10018,h2d,1229600,double,153700
10019,h2d,1229600,double,153700
10020,h2d,1229600,double,153700
10021,h2d,1229600,double,153700
10022,h2d,1229600,double,153700
10023,d2h,2048,double,256
10024,h2d,1229600,double,153700
10025,h2d,1229600,double,153700
10026,h2d,1229600,double,153700
10027,h2d,1229600,double,153700
10028,h2d,1229600,double,153700
10029,h2d,1229600,double,153700
10030,h2d,1229600,double,153700
10031,h2d,1229600,double,153700
10032,h2d,1229600,double,153700
10033,h2d,1229600,double,153700
10034,h2d,1229600,double,153700
10035,h2d,1229600,double,153700
10036,h2d,1229600,double,153700
10037,h2d,1229600,double,153700
10038,h2d,1229600,double,153700
10039,h2d,1229600,double,153700
10040,h2d,1229600,double,153700
10041,h2d,1229600,double,153700
10042,h2d,1229600,double,153700
10043,h2d,1229600,double,153700
10044,h2d,1229600,double,153700
10045,h2d,1229600,double,153700
10046,h2d,1229600,double,153700
10047,h2d,1229600,double,153700
10048,d2h,2048,double,256
10049,h2d,1229600,double,153700
10050,h2d,1229600,double,153700
10051,h2d,1229600,double,153700
10052,h2d,1229600,double,153700
10053,h2d,1229600,double,153700
10054,h2d,1229600,double,153700
10055,h2d,1229600,double,153700
10056,h2d,1229600,double,153700
10057,h2d,1229600,double,153700
10058,h2d,1229600,double,153700
10059,h2d,1229600,double,153700
10060,h2d,1229600,double,153700
10061,h2d,1229600,double,153700
10062,h2d,1229600,double,153700
10063,h2d,1229600,double,153700
10064,h2d,1229600,double,153700
10065,h2d,1229600,double,153700
10066,h2d,1229600,double,153700
10067,h2d,1229600,double,153700
10068,h2d,1229600,double,153700
10069,h2d,1229600,double,153700
10070,h2d,1229600,double,153700
10071,h2d,1229600,double,153700
10072,h2d,1229600,double,153700
10073,d2h,2048,double,256
10074,h2d,1229600,double,153700
10075,h2d,1229600,double,153700
10076,h2d,1229600,double,153700
10077,h2d,1229600,double,153700
10078,h2d,1229600,double,153700
10079,h2d,1229600,double,153700
10080,h2d,1229600,double,153700
10081,h2d,1229600,double,153700
10082,h2d,1229600,double,153700
10083,h2d,1229600,double,153700
10084,h2d,1229600,double,153700
10085,h2d,1229600,double,153700
10086,h2d,1229600,double,153700
10087,h2d,1229600,double,153700
10088,h2d,1229600,double,153700
10089,h2d,1229600,double,153700
10090,h2d,1229600,double,153700
10091,h2d,1229600,double,153700
10092,h2d,1229600,double,153700
10093,h2d,1229600,double,153700
10094,h2d,1229600,double,153700
10095,h2d,1229600,double,153700
10096,h2d,1229600,double,153700
10097,h2d,1229600,double,153700
10098,d2h,2048,double,256
10099,h2d,1229600,double,153700
10100,h2d,1229600,double,153700
10101,h2d,1229600,double,153700
10102,h2d,1229600,double,153700
10103,h2d,1229600,double,153700
10104,h2d,1229600,double,153700
10105,h2d,1229600,double,153700
10106,h2d,1229600,double,153700
10107,h2d,1229600,double,153700
10108,h2d,1229600,double,153700
10109,h2d,1229600,double,153700
10110,h2d,1229600,double,153700
10111,h2d,1229600,double,153700
10112,h2d,1229600,double,153700
10113,h2d,1229600,double,153700
10114,h2d,1229600,double,153700
10115,h2d,1229600,double,153700
10116,h2d,1229600,double,153700
10117,h2d,1229600,double,153700
10118,h2d,1229600,double,153700
10119,h2d,1229600,double,153700
10120,h2d,1229600,double,153700
10121,h2d,1229600,double,153700
10122,h2d,1229600,double,153700
10123,d2h,2048,double,256
10124,h2d,1229600,double,153700
10125,h2d,1229600,double,153700
10126,h2d,1229600,double,153700
10127,h2d,1229600,double,153700
10128,h2d,1229600,double,153700
10129,h2d,1229600,double,153700
10130,h2d,1229600,double,153700
10131,h2d,1229600,double,153700
10132,h2d,1229600,double,153700
10133,h2d,1229600,double,153700
10134,h2d,1229600,double,153700
10135,h2d,1229600,double,153700
10136,h2d,1229600,double,153700
10137,h2d,1229600,double,153700
10138,h2d,1229600,double,153700
10139,h2d,1229600,double,153700
10140,h2d,1229600,double,153700
10141,h2d,1229600,double,153700
10142,h2d,1229600,double,153700
10143,h2d,1229600,double,153700
10144,h2d,1229600,double,153700
10145,h2d,1229600,double,153700
10146,h2d,1229600,double,153700
10147,h2d,1229600,double,153700
10148,d2h,2048,double,256
10149,h2d,1229600,double,153700
10150,h2d,1229600,double,153700
10151,h2d,1229600,double,153700
10152,h2d,1229600,double,153700
10153,h2d,1229600,double,153700
10154,h2d,1229600,double,153700
10155,h2d,1229600,double,153700
10156,h2d,1229600,double,153700
10157,h2d,1229600,double,153700
10158,h2d,1229600,double,153700
10159,h2d,1229600,double,153700
10160,h2d,1229600,double,153700
10161,h2d,1229600,double,153700
10162,h2d,1229600,double,153700
10163,h2d,1229600,double,153700
10164,h2d,1229600,double,153700
10165,h2d,1229600,double,153700
10166,h2d,1229600,double,153700
10167,h2d,1229600,double,153700
10168,h2d,1229600,double,153700
10169,h2d,1229600,double,153700
10170,h2d,1229600,double,153700
10171,h2d,1229600,double,153700
10172,h2d,1229600,double,153700
10173,d2h,2048,double,256
10174,h2d,1229600,double,153700
10175,h2d,1229600,double,153700
10176,h2d,1229600,double,153700
10177,h2d,1229600,double,153700
10178,h2d,1229600,double,153700
10179,h2d,1229600,double,153700
10180,h2d,1229600,double,153700
10181,h2d,1229600,double,153700
10182,h2d,1229600,double,153700
10183,h2d,1229600,double,153700
10184,h2d,1229600,double,153700
10185,h2d,1229600,double,153700
10186,h2d,1229600,double,153700
10187,h2d,1229600,double,153700
10188,h2d,1229600,double,153700
10189,h2d,1229600,double,153700
10190,h2d,1229600,double,153700
10191,h2d,1229600,double,153700
10192,h2d,1229600,double,153700
10193,h2d,1229600,double,153700
10194,h2d,1229600,double,153700
10195,h2d,1229600,double,153700
10196,h2d,1229600,double,153700
10197,h2d,1229600,double,153700
10198,d2h,2048,double,256
10199,h2d,1229600,double,153700
10200,h2d,1229600,double,153700
10201,h2d,1229600,double,153700
10202,h2d,1229600,double,153700
10203,h2d,1229600,double,153700
10204,h2d,1229600,double,153700
10205,h2d,1229600,double,153700
10206,h2d,1229600,double,153700
10207,h2d,1229600,double,153700
10208,h2d,1229600,double,153700
10209,h2d,1229600,double,153700
10210,h2d,1229600,double,153700
10211,h2d,1229600,double,153700
10212,h2d,1229600,double,153700
10213,h2d,1229600,double,153700
10214,h2d,1229600,double,153700
10215,d2h,2048,double,256
10216,d2h,2048,double,256
10217,d2h,2048,double,256
10218,d2h,2048,double,256
10219,d2h,2048,double,256
10220,h2d,1229600,double,153700
10221,h2d,1229600,double,153700
10222,h2d,1229600,double,153700
10223,h2d,1229600,double,153700
10224,h2d,1229600,double,153700
10225,h2d,1229600,double,153700
10226,h2d,1229600,double,153700
10227,h2d,1229600,double,153700
10228,d2h,2048,double,256
10229,h2d,1229600,double,153700
10230,h2d,1229600,double,153700
10231,h2d,1229600,double,153700
10232,h2d,1229600,double,153700
10233,h2d,1229600,double,153700
10234,h2d,1229600,double,153700
10235,h2d,1229600,double,153700
10236,h2d,1229600,double,153700
10237,h2d,1229600,double,153700
10238,h2d,1229600,double,153700
10239,h2d,1229600,double,153700
10240,h2d,1229600,double,153700
10241,h2d,1229600,double,153700
10242,h2d,1229600,double,153700
10243,h2d,1229600,double,153700
10244,h2d,1229600,double,153700
10245,h2d,1229600,double,153700
10246,h2d,1229600,double,153700
10247,h2d,1229600,double,153700
10248,h2d,1229600,double,153700
10249,h2d,1229600,double,153700
10250,h2d,1229600,double,153700
10251,h2d,1229600,double,153700
10252,h2d,1229600,double,153700
10253,d2h,2048,double,256
10254,h2d,1229600,double,153700
10255,h2d,1229600,double,153700
10256,h2d,1229600,double,153700
10257,h2d,1229600,double,153700
10258,h2d,1229600,double,153700
10259,h2d,1229600,double,153700
10260,h2d,1229600,double,153700
10261,h2d,1229600,double,153700
10262,h2d,1229600,double,153700
10263,h2d,1229600,double,153700
10264,h2d,1229600,double,153700
10265,h2d,1229600,double,153700
10266,h2d,1229600,double,153700
10267,h2d,1229600,double,153700
10268,h2d,1229600,double,153700
10269,h2d,1229600,double,153700
10270,h2d,1229600,double,153700
10271,h2d,1229600,double,153700
10272,h2d,1229600,double,153700
10273,h2d,1229600,double,153700
10274,h2d,1229600,double,153700
10275,h2d,1229600,double,153700
10276,h2d,1229600,double,153700
10277,h2d,1229600,double,153700
10278,d2h,2048,double,256
10279,h2d,1229600,double,153700
10280,h2d,1229600,double,153700
10281,h2d,1229600,double,153700
10282,h2d,1229600,double,153700
10283,h2d,1229600,double,153700
10284,h2d,1229600,double,153700
10285,h2d,1229600,double,153700
10286,h2d,1229600,double,153700
10287,h2d,1229600,double,153700
10288,h2d,1229600,double,153700
10289,h2d,1229600,double,153700
10290,h2d,1229600,double,153700
10291,h2d,1229600,double,153700
10292,h2d,1229600,double,153700
10293,h2d,1229600,double,153700
10294,h2d,1229600,double,153700
10295,h2d,1229600,double,153700
10296,h2d,1229600,double,153700
10297,h2d,1229600,double,153700
10298,h2d,1229600,double,153700
10299,h2d,1229600,double,153700
10300,h2d,1229600,double,153700
10301,h2d,1229600,double,153700
10302,h2d,1229600,double,153700
10303,d2h,2048,double,256
10304,h2d,1229600,double,153700
10305,h2d,1229600,double,153700
10306,h2d,1229600,double,153700
10307,h2d,1229600,double,153700
10308,h2d,1229600,double,153700
10309,h2d,1229600,double,153700
10310,h2d,1229600,double,153700
10311,h2d,1229600,double,153700
10312,h2d,1229600,double,153700
10313,h2d,1229600,double,153700
10314,h2d,1229600,double,153700
10315,h2d,1229600,double,153700
10316,h2d,1229600,double,153700
10317,h2d,1229600,double,153700
10318,h2d,1229600,double,153700
10319,h2d,1229600,double,153700
10320,h2d,1229600,double,153700
10321,h2d,1229600,double,153700
10322,h2d,1229600,double,153700
10323,h2d,1229600,double,153700
10324,h2d,1229600,double,153700
10325,h2d,1229600,double,153700
10326,h2d,1229600,double,153700
10327,h2d,1229600,double,153700
10328,d2h,2048,double,256
10329,h2d,1229600,double,153700
10330,h2d,1229600,double,153700
10331,h2d,1229600,double,153700
10332,h2d,1229600,double,153700
10333,h2d,1229600,double,153700
10334,h2d,1229600,double,153700
10335,h2d,1229600,double,153700
10336,h2d,1229600,double,153700
10337,h2d,1229600,double,153700
10338,h2d,1229600,double,153700
10339,h2d,1229600,double,153700
10340,h2d,1229600,double,153700
10341,h2d,1229600,double,153700
10342,h2d,1229600,double,153700
10343,h2d,1229600,double,153700
10344,h2d,1229600,double,153700
10345,h2d,1229600,double,153700
10346,h2d,1229600,double,153700
10347,h2d,1229600,double,153700
10348,h2d,1229600,double,153700
10349,h2d,1229600,double,153700
10350,h2d,1229600,double,153700
10351,h2d,1229600,double,153700
10352,h2d,1229600,double,153700
10353,d2h,2048,double,256
10354,h2d,1229600,double,153700
10355,h2d,1229600,double,153700
10356,h2d,1229600,double,153700
10357,h2d,1229600,double,153700
10358,h2d,1229600,double,153700
10359,h2d,1229600,double,153700
10360,h2d,1229600,double,153700
10361,h2d,1229600,double,153700
10362,h2d,1229600,double,153700
10363,h2d,1229600,double,153700
10364,h2d,1229600,double,153700
10365,h2d,1229600,double,153700
10366,h2d,1229600,double,153700
10367,h2d,1229600,double,153700
10368,h2d,1229600,double,153700
10369,h2d,1229600,double,153700
10370,h2d,1229600,double,153700
10371,h2d,1229600,double,153700
10372,h2d,1229600,double,153700
10373,h2d,1229600,double,153700
10374,h2d,1229600,double,153700
10375,h2d,1229600,double,153700
10376,h2d,1229600,double,153700
10377,h2d,1229600,double,153700
10378,d2h,2048,double,256
10379,h2d,1229600,double,153700
10380,h2d,1229600,double,153700
10381,h2d,1229600,double,153700
10382,h2d,1229600,double,153700
10383,h2d,1229600,double,153700
10384,h2d,1229600,double,153700
10385,h2d,1229600,double,153700
10386,h2d,1229600,double,153700
10387,h2d,1229600,double,153700
10388,h2d,1229600,double,153700
10389,h2d,1229600,double,153700
10390,h2d,1229600,double,153700
10391,h2d,1229600,double,153700
10392,h2d,1229600,double,153700
10393,h2d,1229600,double,153700
10394,h2d,1229600,double,153700
10395,h2d,1229600,double,153700
10396,h2d,1229600,double,153700
10397,h2d,1229600,double,153700
10398,h2d,1229600,double,153700
10399,h2d,1229600,double,153700
10400,h2d,1229600,double,153700
10401,h2d,1229600,double,153700
10402,h2d,1229600,double,153700
10403,d2h,2048,double,256
10404,h2d,1229600,double,153700
10405,h2d,1229600,double,153700
10406,h2d,1229600,double,153700
10407,h2d,1229600,double,153700
10408,h2d,1229600,double,153700
10409,h2d,1229600,double,153700
10410,h2d,1229600,double,153700
10411,h2d,1229600,double,153700
10412,h2d,1229600,double,153700
10413,h2d,1229600,double,153700
10414,h2d,1229600,double,153700
10415,h2d,1229600,double,153700
10416,h2d,1229600,double,153700
10417,h2d,1229600,double,153700
10418,h2d,1229600,double,153700
10419,h2d,1229600,double,153700
10420,h2d,1229600,double,153700
10421,h2d,1229600,double,153700
10422,h2d,1229600,double,153700
10423,h2d,1229600,double,153700
10424,h2d,1229600,double,153700
10425,h2d,1229600,double,153700
10426,h2d,1229600,double,153700
10427,h2d,1229600,double,153700
10428,d2h,2048,double,256
10429,h2d,1229600,double,153700
10430,h2d,1229600,double,153700
10431,h2d,1229600,double,153700
10432,h2d,1229600,double,153700
10433,h2d,1229600,double,153700
10434,h2d,1229600,double,153700
10435,h2d,1229600,double,153700
10436,h2d,1229600,double,153700
10437,h2d,1229600,double,153700
10438,h2d,1229600,double,153700
10439,h2d,1229600,double,153700
10440,h2d,1229600,double,153700
10441,h2d,1229600,double,153700
10442,h2d,1229600,double,153700
10443,h2d,1229600,double,153700
10444,h2d,1229600,double,153700
10445,h2d,1229600,double,153700
10446,h2d,1229600,double,153700
10447,h2d,1229600,double,153700
10448,h2d,1229600,double,153700
10449,h2d,1229600,double,153700
10450,h2d,1229600,double,153700
10451,h2d,1229600,double,153700
10452,h2d,1229600,double,153700
10453,d2h,2048,double,256
10454,h2d,1229600,double,153700
10455,h2d,1229600,double,153700
10456,h2d,1229600,double,153700
10457,h2d,1229600,double,153700
10458,h2d,1229600,double,153700
10459,h2d,1229600,double,153700
10460,h2d,1229600,double,153700
10461,h2d,1229600,double,153700
10462,h2d,1229600,double,153700
10463,h2d,1229600,double,153700
10464,h2d,1229600,double,153700
10465,h2d,1229600,double,153700
10466,h2d,1229600,double,153700
10467,h2d,1229600,double,153700
10468,h2d,1229600,double,153700
10469,h2d,1229600,double,153700
10470,d2h,2048,double,256
10471,d2h,2048,double,256
10472,d2h,2048,double,256
10473,d2h,2048,double,256
10474,d2h,2048,double,256
10475,h2d,1229600,double,153700
10476,h2d,1229600,double,153700
10477,h2d,1229600,double,153700
10478,h2d,1229600,double,153700
10479,h2d,1229600,double,153700
10480,h2d,1229600,double,153700
10481,h2d,1229600,double,153700
10482,h2d,1229600,double,153700
10483,d2h,2048,double,256
10484,h2d,1229600,double,153700
10485,h2d,1229600,double,153700
10486,h2d,1229600,double,153700
10487,h2d,1229600,double,153700
10488,h2d,1229600,double,153700
10489,h2d,1229600,double,153700
10490,h2d,1229600,double,153700
10491,h2d,1229600,double,153700
10492,h2d,1229600,double,153700
10493,h2d,1229600,double,153700
10494,h2d,1229600,double,153700
10495,h2d,1229600,double,153700
10496,h2d,1229600,double,153700
10497,h2d,1229600,double,153700
10498,h2d,1229600,double,153700
10499,h2d,1229600,double,153700
10500,h2d,1229600,double,153700
10501,h2d,1229600,double,153700
10502,h2d,1229600,double,153700
10503,h2d,1229600,double,153700
10504,h2d,1229600,double,153700
10505,h2d,1229600,double,153700
10506,h2d,1229600,double,153700
10507,h2d,1229600,double,153700
10508,d2h,2048,double,256
10509,h2d,1229600,double,153700
10510,h2d,1229600,double,153700
10511,h2d,1229600,double,153700
10512,h2d,1229600,double,153700
10513,h2d,1229600,double,153700
10514,h2d,1229600,double,153700
10515,h2d,1229600,double,153700
10516,h2d,1229600,double,153700
10517,h2d,1229600,double,153700
10518,h2d,1229600,double,153700
10519,h2d,1229600,double,153700
10520,h2d,1229600,double,153700
10521,h2d,1229600,double,153700
10522,h2d,1229600,double,153700
10523,h2d,1229600,double,153700
10524,h2d,1229600,double,153700
10525,h2d,1229600,double,153700
10526,h2d,1229600,double,153700
10527,h2d,1229600,double,153700
10528,h2d,1229600,double,153700
10529,h2d,1229600,double,153700
10530,h2d,1229600,double,153700
10531,h2d,1229600,double,153700
10532,h2d,1229600,double,153700
10533,d2h,2048,double,256
10534,h2d,1229600,double,153700
10535,h2d,1229600,double,153700
10536,h2d,1229600,double,153700
10537,h2d,1229600,double,153700
10538,h2d,1229600,double,153700
10539,h2d,1229600,double,153700
10540,h2d,1229600,double,153700
10541,h2d,1229600,double,153700
10542,h2d,1229600,double,153700
10543,h2d,1229600,double,153700
10544,h2d,1229600,double,153700
10545,h2d,1229600,double,153700
10546,h2d,1229600,double,153700
10547,h2d,1229600,double,153700
10548,h2d,1229600,double,153700
10549,h2d,1229600,double,153700
10550,h2d,1229600,double,153700
10551,h2d,1229600,double,153700
10552,h2d,1229600,double,153700
10553,h2d,1229600,double,153700
10554,h2d,1229600,double,153700
10555,h2d,1229600,double,153700
10556,h2d,1229600,double,153700
10557,h2d,1229600,double,153700
10558,d2h,2048,double,256
10559,h2d,1229600,double,153700
10560,h2d,1229600,double,153700
10561,h2d,1229600,double,153700
10562,h2d,1229600,double,153700
10563,h2d,1229600,double,153700
10564,h2d,1229600,double,153700
10565,h2d,1229600,double,153700
10566,h2d,1229600,double,153700
10567,h2d,1229600,double,153700
10568,h2d,1229600,double,153700
10569,h2d,1229600,double,153700
10570,h2d,1229600,double,153700
10571,h2d,1229600,double,153700
10572,h2d,1229600,double,153700
10573,h2d,1229600,double,153700
10574,h2d,1229600,double,153700
10575,h2d,1229600,double,153700
10576,h2d,1229600,double,153700
10577,h2d,1229600,double,153700
10578,h2d,1229600,double,153700
10579,h2d,1229600,double,153700
10580,h2d,1229600,double,153700
10581,h2d,1229600,double,153700
10582,h2d,1229600,double,153700
10583,d2h,2048,double,256
10584,h2d,1229600,double,153700
10585,h2d,1229600,double,153700
10586,h2d,1229600,double,153700
10587,h2d,1229600,double,153700
10588,h2d,1229600,double,153700
10589,h2d,1229600,double,153700
10590,h2d,1229600,double,153700
10591,h2d,1229600,double,153700
10592,h2d,1229600,double,153700
10593,h2d,1229600,double,153700
10594,h2d,1229600,double,153700
10595,h2d,1229600,double,153700
10596,h2d,1229600,double,153700
10597,h2d,1229600,double,153700
10598,h2d,1229600,double,153700
10599,h2d,1229600,double,153700
10600,h2d,1229600,double,153700
10601,h2d,1229600,double,153700
10602,h2d,1229600,double,153700
10603,h2d,1229600,double,153700
10604,h2d,1229600,double,153700
10605,h2d,1229600,double,153700
10606,h2d,1229600,double,153700
10607,h2d,1229600,double,153700
10608,d2h,2048,double,256
10609,h2d,1229600,double,153700
10610,h2d,1229600,double,153700
10611,h2d,1229600,double,153700
10612,h2d,1229600,double,153700
10613,h2d,1229600,double,153700
10614,h2d,1229600,double,153700
10615,h2d,1229600,double,153700
10616,h2d,1229600,double,153700
10617,h2d,1229600,double,153700
10618,h2d,1229600,double,153700
10619,h2d,1229600,double,153700
10620,h2d,1229600,double,153700
10621,h2d,1229600,double,153700
10622,h2d,1229600,double,153700
10623,h2d,1229600,double,153700
10624,h2d,1229600,double,153700
10625,h2d,1229600,double,153700
10626,h2d,1229600,double,153700
10627,h2d,1229600,double,153700
10628,h2d,1229600,double,153700
10629,h2d,1229600,double,153700
10630,h2d,1229600,double,153700
10631,h2d,1229600,double,153700
10632,h2d,1229600,double,153700
10633,d2h,2048,double,256
10634,h2d,1229600,double,153700
10635,h2d,1229600,double,153700
10636,h2d,1229600,double,153700
10637,h2d,1229600,double,153700
10638,h2d,1229600,double,153700
10639,h2d,1229600,double,153700
10640,h2d,1229600,double,153700
10641,h2d,1229600,double,153700
10642,h2d,1229600,double,153700
10643,h2d,1229600,double,153700
10644,h2d,1229600,double,153700
10645,h2d,1229600,double,153700
10646,h2d,1229600,double,153700
10647,h2d,1229600,double,153700
10648,h2d,1229600,double,153700
10649,h2d,1229600,double,153700
10650,h2d,1229600,double,153700
10651,h2d,1229600,double,153700
10652,h2d,1229600,double,153700
10653,h2d,1229600,double,153700
10654,h2d,1229600,double,153700
10655,h2d,1229600,double,153700
10656,h2d,1229600,double,153700
10657,h2d,1229600,double,153700
10658,d2h,2048,double,256
10659,h2d,1229600,double,153700
10660,h2d,1229600,double,153700
10661,h2d,1229600,double,153700
10662,h2d,1229600,double,153700
10663,h2d,1229600,double,153700
10664,h2d,1229600,double,153700
10665,h2d,1229600,double,153700
10666,h2d,1229600,double,153700
10667,h2d,1229600,double,153700
10668,h2d,1229600,double,153700
10669,h2d,1229600,double,153700
10670,h2d,1229600,double,153700
10671,h2d,1229600,double,153700
10672,h2d,1229600,double,153700
10673,h2d,1229600,double,153700
10674,h2d,1229600,double,153700
10675,h2d,1229600,double,153700
10676,h2d,1229600,double,153700
10677,h2d,1229600,double,153700
10678,h2d,1229600,double,153700
10679,h2d,1229600,double,153700
10680,h2d,1229600,double,153700
10681,h2d,1229600,double,153700
10682,h2d,1229600,double,153700
10683,d2h,2048,double,256
10684,h2d,1229600,double,153700
10685,h2d,1229600,double,153700
10686,h2d,1229600,double,153700
10687,h2d,1229600,double,153700
10688,h2d,1229600,double,153700
10689,h2d,1229600,double,153700
10690,h2d,1229600,double,153700
10691,h2d,1229600,double,153700
10692,h2d,1229600,double,153700
10693,h2d,1229600,double,153700
10694,h2d,1229600,double,153700
10695,h2d,1229600,double,153700
10696,h2d,1229600,double,153700
10697,h2d,1229600,double,153700
10698,h2d,1229600,double,153700
10699,h2d,1229600,double,153700
10700,h2d,1229600,double,153700
10701,h2d,1229600,double,153700
10702,h2d,1229600,double,153700
10703,h2d,1229600,double,153700
10704,h2d,1229600,double,153700
10705,h2d,1229600,double,153700
10706,h2d,1229600,double,153700
10707,h2d,1229600,double,153700
10708,d2h,2048,double,256
10709,h2d,1229600,double,153700
10710,h2d,1229600,double,153700
10711,h2d,1229600,double,153700
10712,h2d,1229600,double,153700
10713,h2d,1229600,double,153700
10714,h2d,1229600,double,153700
10715,h2d,1229600,double,153700
10716,h2d,1229600,double,153700
10717,h2d,1229600,double,153700
10718,h2d,1229600,double,153700
10719,h2d,1229600,double,153700
10720,h2d,1229600,double,153700
10721,h2d,1229600,double,153700
10722,h2d,1229600,double,153700
10723,h2d,1229600,double,153700
10724,h2d,1229600,double,153700
10725,d2h,2048,double,256
10726,d2h,2048,double,256
10727,d2h,2048,double,256
10728,d2h,2048,double,256
10729,d2h,2048,double,256
10730,h2d,1229600,double,153700
10731,h2d,1229600,double,153700
10732,h2d,1229600,double,153700
10733,h2d,1229600,double,153700
10734,h2d,1229600,double,153700
10735,h2d,1229600,double,153700
10736,h2d,1229600,double,153700
10737,h2d,1229600,double,153700
10738,d2h,2048,double,256
10739,h2d,1229600,double,153700
10740,h2d,1229600,double,153700
10741,h2d,1229600,double,153700
10742,h2d,1229600,double,153700
10743,h2d,1229600,double,153700
10744,h2d,1229600,double,153700
10745,h2d,1229600,double,153700
10746,h2d,1229600,double,153700
10747,h2d,1229600,double,153700
10748,h2d,1229600,double,153700
10749,h2d,1229600,double,153700
10750,h2d,1229600,double,153700
10751,h2d,1229600,double,153700
10752,h2d,1229600,double,153700
10753,h2d,1229600,double,153700
10754,h2d,1229600,double,153700
10755,h2d,1229600,double,153700
10756,h2d,1229600,double,153700
10757,h2d,1229600,double,153700
10758,h2d,1229600,double,153700
10759,h2d,1229600,double,153700
10760,h2d,1229600,double,153700
10761,h2d,1229600,double,153700
10762,h2d,1229600,double,153700
10763,d2h,2048,double,256
10764,h2d,1229600,double,153700
10765,h2d,1229600,double,153700
10766,h2d,1229600,double,153700
10767,h2d,1229600,double,153700
10768,h2d,1229600,double,153700
10769,h2d,1229600,double,153700
10770,h2d,1229600,double,153700
10771,h2d,1229600,double,153700
10772,h2d,1229600,double,153700
10773,h2d,1229600,double,153700
10774,h2d,1229600,double,153700
10775,h2d,1229600,double,153700
10776,h2d,1229600,double,153700
10777,h2d,1229600,double,153700
10778,h2d,1229600,double,153700
10779,h2d,1229600,double,153700
10780,h2d,1229600,double,153700
10781,h2d,1229600,double,153700
10782,h2d,1229600,double,153700
10783,h2d,1229600,double,153700
10784,h2d,1229600,double,153700
10785,h2d,1229600,double,153700
10786,h2d,1229600,double,153700
10787,h2d,1229600,double,153700
10788,d2h,2048,double,256
10789,h2d,1229600,double,153700
10790,h2d,1229600,double,153700
10791,h2d,1229600,double,153700
10792,h2d,1229600,double,153700
10793,h2d,1229600,double,153700
10794,h2d,1229600,double,153700
10795,h2d,1229600,double,153700
10796,h2d,1229600,double,153700
10797,h2d,1229600,double,153700
10798,h2d,1229600,double,153700
10799,h2d,1229600,double,153700
10800,h2d,1229600,double,153700
10801,h2d,1229600,double,153700
10802,h2d,1229600,double,153700
10803,h2d,1229600,double,153700
10804,h2d,1229600,double,153700
10805,h2d,1229600,double,153700
10806,h2d,1229600,double,153700
10807,h2d,1229600,double,153700
10808,h2d,1229600,double,153700
10809,h2d,1229600,double,153700
10810,h2d,1229600,double,153700
10811,h2d,1229600,double,153700
10812,h2d,1229600,double,153700
10813,d2h,2048,double,256
10814,h2d,1229600,double,153700
10815,h2d,1229600,double,153700
10816,h2d,1229600,double,153700
10817,h2d,1229600,double,153700
10818,h2d,1229600,double,153700
10819,h2d,1229600,double,153700
10820,h2d,1229600,double,153700
10821,h2d,1229600,double,153700
10822,h2d,1229600,double,153700
10823,h2d,1229600,double,153700
10824,h2d,1229600,double,153700
10825,h2d,1229600,double,153700
10826,h2d,1229600,double,153700
10827,h2d,1229600,double,153700
10828,h2d,1229600,double,153700
10829,h2d,1229600,double,153700
10830,h2d,1229600,double,153700
10831,h2d,1229600,double,153700
10832,h2d,1229600,double,153700
10833,h2d,1229600,double,153700
10834,h2d,1229600,double,153700
10835,h2d,1229600,double,153700
10836,h2d,1229600,double,153700
10837,h2d,1229600,double,153700
10838,d2h,2048,double,256
10839,h2d,1229600,double,153700
10840,h2d,1229600,double,153700
10841,h2d,1229600,double,153700
10842,h2d,1229600,double,153700
10843,h2d,1229600,double,153700
10844,h2d,1229600,double,153700
10845,h2d,1229600,double,153700
10846,h2d,1229600,double,153700
10847,h2d,1229600,double,153700
10848,h2d,1229600,double,153700
10849,h2d,1229600,double,153700
10850,h2d,1229600,double,153700
10851,h2d,1229600,double,153700
10852,h2d,1229600,double,153700
10853,h2d,1229600,double,153700
10854,h2d,1229600,double,153700
10855,h2d,1229600,double,153700
10856,h2d,1229600,double,153700
10857,h2d,1229600,double,153700
10858,h2d,1229600,double,153700
10859,h2d,1229600,double,153700
10860,h2d,1229600,double,153700
10861,h2d,1229600,double,153700
10862,h2d,1229600,double,153700
10863,d2h,2048,double,256
10864,h2d,1229600,double,153700
10865,h2d,1229600,double,153700
10866,h2d,1229600,double,153700
10867,h2d,1229600,double,153700
10868,h2d,1229600,double,153700
10869,h2d,1229600,double,153700
10870,h2d,1229600,double,153700
10871,h2d,1229600,double,153700
10872,h2d,1229600,double,153700
10873,h2d,1229600,double,153700
10874,h2d,1229600,double,153700
10875,h2d,1229600,double,153700
10876,h2d,1229600,double,153700
10877,h2d,1229600,double,153700
10878,h2d,1229600,double,153700
10879,h2d,1229600,double,153700
10880,h2d,1229600,double,153700
10881,h2d,1229600,double,153700
10882,h2d,1229600,double,153700
10883,h2d,1229600,double,153700
10884,h2d,1229600,double,153700
10885,h2d,1229600,double,153700
10886,h2d,1229600,double,153700
10887,h2d,1229600,double,153700
10888,d2h,2048,double,256
10889,h2d,1229600,double,153700
10890,h2d,1229600,double,153700
10891,h2d,1229600,double,153700
10892,h2d,1229600,double,153700
10893,h2d,1229600,double,153700
10894,h2d,1229600,double,153700
10895,h2d,1229600,double,153700
10896,h2d,1229600,double,153700
10897,h2d,1229600,double,153700
10898,h2d,1229600,double,153700
10899,h2d,1229600,double,153700
10900,h2d,1229600,double,153700
10901,h2d,1229600,double,153700
10902,h2d,1229600,double,153700
10903,h2d,1229600,double,153700
10904,h2d,1229600,double,153700
10905,h2d,1229600,double,153700
10906,h2d,1229600,double,153700
10907,h2d,1229600,double,153700
10908,h2d,1229600,double,153700
10909,h2d,1229600,double,153700
10910,h2d,1229600,double,153700
10911,h2d,1229600,double,153700
10912,h2d,1229600,double,153700
10913,d2h,2048,double,256
10914,h2d,1229600,double,153700
10915,h2d,1229600,double,153700
10916,h2d,1229600,double,153700
10917,h2d,1229600,double,153700
10918,h2d,1229600,double,153700
10919,h2d,1229600,double,153700
10920,h2d,1229600,double,153700
10921,h2d,1229600,double,153700
10922,h2d,1229600,double,153700
10923,h2d,1229600,double,153700
10924,h2d,1229600,double,153700
10925,h2d,1229600,double,153700
10926,h2d,1229600,double,153700
10927,h2d,1229600,double,153700
10928,h2d,1229600,double,153700
10929,h2d,1229600,double,153700
10930,h2d,1229600,double,153700
10931,h2d,1229600,double,153700
10932,h2d,1229600,double,153700
10933,h2d,1229600,double,153700
10934,h2d,1229600,double,153700
10935,h2d,1229600,double,153700
10936,h2d,1229600,double,153700
10937,h2d,1229600,double,153700
10938,d2h,2048,double,256
10939,h2d,1229600,double,153700
10940,h2d,1229600,double,153700
10941,h2d,1229600,double,153700
10942,h2d,1229600,double,153700
10943,h2d,1229600,double,153700
10944,h2d,1229600,double,153700
10945,h2d,1229600,double,153700
10946,h2d,1229600,double,153700
10947,h2d,1229600,double,153700
10948,h2d,1229600,double,153700
10949,h2d,1229600,double,153700
10950,h2d,1229600,double,153700
10951,h2d,1229600,double,153700
10952,h2d,1229600,double,153700
10953,h2d,1229600,double,153700
10954,h2d,1229600,double,153700
10955,h2d,1229600,double,153700
10956,h2d,1229600,double,153700
10957,h2d,1229600,double,153700
10958,h2d,1229600,double,153700
10959,h2d,1229600,double,153700
10960,h2d,1229600,double,153700
10961,h2d,1229600,double,153700
10962,h2d,1229600,double,153700
10963,d2h,2048,double,256
10964,h2d,1229600,double,153700
10965,h2d,1229600,double,153700
10966,h2d,1229600,double,153700
10967,h2d,1229600,double,153700
10968,h2d,1229600,double,153700
10969,h2d,1229600,double,153700
10970,h2d,1229600,double,153700
10971,h2d,1229600,double,153700
10972,h2d,1229600,double,153700
10973,h2d,1229600,double,153700
10974,h2d,1229600,double,153700
10975,h2d,1229600,double,153700
10976,h2d,1229600,double,153700
10977,h2d,1229600,double,153700
10978,h2d,1229600,double,153700
10979,h2d,1229600,double,153700
10980,d2h,2048,double,256
10981,d2h,2048,double,256
10982,d2h,2048,double,256
10983,d2h,2048,double,256
10984,d2h,2048,double,256
10985,h2d,1229600,double,153700
10986,h2d,1229600,double,153700
10987,h2d,1229600,double,153700
10988,h2d,1229600,double,153700
10989,h2d,1229600,double,153700
10990,h2d,1229600,double,153700
10991,h2d,1229600,double,153700
10992,h2d,1229600,double,153700
10993,d2h,2048,double,256
10994,h2d,1229600,double,153700
10995,h2d,1229600,double,153700
10996,h2d,1229600,double,153700
10997,h2d,1229600,double,153700
10998,h2d,1229600,double,153700
10999,h2d,1229600,double,153700
11000,h2d,1229600,double,153700
11001,h2d,1229600,double,153700
11002,h2d,1229600,double,153700
11003,h2d,1229600,double,153700
11004,h2d,1229600,double,153700
11005,h2d,1229600,double,153700
11006,h2d,1229600,double,153700
11007,h2d,1229600,double,153700
11008,h2d,1229600,double,153700
11009,h2d,1229600,double,153700
11010,h2d,1229600,double,153700
11011,h2d,1229600,double,153700
11012,h2d,1229600,double,153700
11013,h2d,1229600,double,153700
11014,h2d,1229600,double,153700
11015,h2d,1229600,double,153700
11016,h2d,1229600,double,153700
11017,h2d,1229600,double,153700
11018,d2h,2048,double,256
11019,h2d,1229600,double,153700
11020,h2d,1229600,double,153700
11021,h2d,1229600,double,153700
11022,h2d,1229600,double,153700
11023,h2d,1229600,double,153700
11024,h2d,1229600,double,153700
11025,h2d,1229600,double,153700
11026,h2d,1229600,double,153700
11027,h2d,1229600,double,153700
11028,h2d,1229600,double,153700
11029,h2d,1229600,double,153700
11030,h2d,1229600,double,153700
11031,h2d,1229600,double,153700
11032,h2d,1229600,double,153700
11033,h2d,1229600,double,153700
11034,h2d,1229600,double,153700
11035,h2d,1229600,double,153700
11036,h2d,1229600,double,153700
11037,h2d,1229600,double,153700
11038,h2d,1229600,double,153700
11039,h2d,1229600,double,153700
11040,h2d,1229600,double,153700
11041,h2d,1229600,double,153700
11042,h2d,1229600,double,153700
11043,d2h,2048,double,256
11044,h2d,1229600,double,153700
11045,h2d,1229600,double,153700
11046,h2d,1229600,double,153700
11047,h2d,1229600,double,153700
11048,h2d,1229600,double,153700
11049,h2d,1229600,double,153700
11050,h2d,1229600,double,153700
11051,h2d,1229600,double,153700
11052,h2d,1229600,double,153700
11053,h2d,1229600,double,153700
11054,h2d,1229600,double,153700
11055,h2d,1229600,double,153700
11056,h2d,1229600,double,153700
11057,h2d,1229600,double,153700
11058,h2d,1229600,double,153700
11059,h2d,1229600,double,153700
11060,h2d,1229600,double,153700
11061,h2d,1229600,double,153700
11062,h2d,1229600,double,153700
11063,h2d,1229600,double,153700
11064,h2d,1229600,double,153700
11065,h2d,1229600,double,153700
11066,h2d,1229600,double,153700
11067,h2d,1229600,double,153700
11068,d2h,2048,double,256
11069,h2d,1229600,double,153700
11070,h2d,1229600,double,153700
11071,h2d,1229600,double,153700
11072,h2d,1229600,double,153700
11073,h2d,1229600,double,153700
11074,h2d,1229600,double,153700
11075,h2d,1229600,double,153700
11076,h2d,1229600,double,153700
11077,h2d,1229600,double,153700
11078,h2d,1229600,double,153700
11079,h2d,1229600,double,153700
11080,h2d,1229600,double,153700
11081,h2d,1229600,double,153700
11082,h2d,1229600,double,153700
11083,h2d,1229600,double,153700
11084,h2d,1229600,double,153700
11085,h2d,1229600,double,153700
11086,h2d,1229600,double,153700
11087,h2d,1229600,double,153700
11088,h2d,1229600,double,153700
11089,h2d,1229600,double,153700
11090,h2d,1229600,double,153700
11091,h2d,1229600,double,153700
11092,h2d,1229600,double,153700
11093,d2h,2048,double,256
11094,h2d,1229600,double,153700
11095,h2d,1229600,double,153700
11096,h2d,1229600,double,153700
11097,h2d,1229600,double,153700
11098,h2d,1229600,double,153700
11099,h2d,1229600,double,153700
11100,h2d,1229600,double,153700
11101,h2d,1229600,double,153700
11102,h2d,1229600,double,153700
11103,h2d,1229600,double,153700
11104,h2d,1229600,double,153700
11105,h2d,1229600,double,153700
11106,h2d,1229600,double,153700
11107,h2d,1229600,double,153700
11108,h2d,1229600,double,153700
11109,h2d,1229600,double,153700
11110,h2d,1229600,double,153700
11111,h2d,1229600,double,153700
11112,h2d,1229600,double,153700
11113,h2d,1229600,double,153700
11114,h2d,1229600,double,153700
11115,h2d,1229600,double,153700
11116,h2d,1229600,double,153700
11117,h2d,1229600,double,153700
11118,d2h,2048,double,256
11119,h2d,1229600,double,153700
11120,h2d,1229600,double,153700
11121,h2d,1229600,double,153700
11122,h2d,1229600,double,153700
11123,h2d,1229600,double,153700
11124,h2d,1229600,double,153700
11125,h2d,1229600,double,153700
11126,h2d,1229600,double,153700
11127,h2d,1229600,double,153700
11128,h2d,1229600,double,153700
11129,h2d,1229600,double,153700
11130,h2d,1229600,double,153700
11131,h2d,1229600,double,153700
11132,h2d,1229600,double,153700
11133,h2d,1229600,double,153700
11134,h2d,1229600,double,153700
11135,h2d,1229600,double,153700
11136,h2d,1229600,double,153700
11137,h2d,1229600,double,153700
11138,h2d,1229600,double,153700
11139,h2d,1229600,double,153700
11140,h2d,1229600,double,153700
11141,h2d,1229600,double,153700
11142,h2d,1229600,double,153700
11143,d2h,2048,double,256
11144,h2d,1229600,double,153700
11145,h2d,1229600,double,153700
11146,h2d,1229600,double,153700
11147,h2d,1229600,double,153700
11148,h2d,1229600,double,153700
11149,h2d,1229600,double,153700
11150,h2d,1229600,double,153700
11151,h2d,1229600,double,153700
11152,h2d,1229600,double,153700
11153,h2d,1229600,double,153700
11154,h2d,1229600,double,153700
11155,h2d,1229600,double,153700
11156,h2d,1229600,double,153700
11157,h2d,1229600,double,153700
11158,h2d,1229600,double,153700
11159,h2d,1229600,double,153700
11160,h2d,1229600,double,153700
11161,h2d,1229600,double,153700
11162,h2d,1229600,double,153700
11163,h2d,1229600,double,153700
11164,h2d,1229600,double,153700
11165,h2d,1229600,double,153700
11166,h2d,1229600,double,153700
11167,h2d,1229600,double,153700
11168,d2h,2048,double,256
11169,h2d,1229600,double,153700
11170,h2d,1229600,double,153700
11171,h2d,1229600,double,153700
11172,h2d,1229600,double,153700
11173,h2d,1229600,double,153700
11174,h2d,1229600,double,153700
11175,h2d,1229600,double,153700
11176,h2d,1229600,double,153700
11177,h2d,1229600,double,153700
11178,h2d,1229600,double,153700
11179,h2d,1229600,double,153700
11180,h2d,1229600,double,153700
11181,h2d,1229600,double,153700
11182,h2d,1229600,double,153700
11183,h2d,1229600,double,153700
11184,h2d,1229600,double,153700
11185,h2d,1229600,double,153700
11186,h2d,1229600,double,153700
11187,h2d,1229600,double,153700
11188,h2d,1229600,double,153700
11189,h2d,1229600,double,153700
11190,h2d,1229600,double,153700
11191,h2d,1229600,double,153700
11192,h2d,1229600,double,153700
11193,d2h,2048,double,256
11194,h2d,1229600,double,153700
11195,h2d,1229600,double,153700
11196,h2d,1229600,double,153700
11197,h2d,1229600,double,153700
11198,h2d,1229600,double,153700
11199,h2d,1229600,double,153700
11200,h2d,1229600,double,153700
11201,h2d,1229600,double,153700
11202,h2d,1229600,double,153700
11203,h2d,1229600,double,153700
11204,h2d,1229600,double,153700
11205,h2d,1229600,double,153700
11206,h2d,1229600,double,153700
11207,h2d,1229600,double,153700
11208,h2d,1229600,double,153700
11209,h2d,1229600,double,153700
11210,h2d,1229600,double,153700
11211,h2d,1229600,double,153700
11212,h2d,1229600,double,153700
11213,h2d,1229600,double,153700
11214,h2d,1229600,double,153700
11215,h2d,1229600,double,153700
11216,h2d,1229600,double,153700
11217,h2d,1229600,double,153700
11218,d2h,2048,double,256
11219,h2d,1229600,double,153700
11220,h2d,1229600,double,153700
11221,h2d,1229600,double,153700
11222,h2d,1229600,double,153700
11223,h2d,1229600,double,153700
11224,h2d,1229600,double,153700
11225,h2d,1229600,double,153700
11226,h2d,1229600,double,153700
11227,h2d,1229600,double,153700
11228,h2d,1229600,double,153700
11229,h2d,1229600,double,153700
11230,h2d,1229600,double,153700
11231,h2d,1229600,double,153700
11232,h2d,1229600,double,153700
11233,h2d,1229600,double,153700
11234,h2d,1229600,double,153700
11235,d2h,2048,double,256
11236,d2h,2048,double,256
11237,d2h,2048,double,256
11238,d2h,2048,double,256
11239,d2h,2048,double,256
11240,h2d,1229600,double,153700
11241,h2d,1229600,double,153700
11242,h2d,1229600,double,153700
11243,h2d,1229600,double,153700
11244,h2d,1229600,double,153700
11245,h2d,1229600,double,153700
11246,h2d,1229600,double,153700
11247,h2d,1229600,double,153700
11248,d2h,2048,double,256
11249,h2d,1229600,double,153700
11250,h2d,1229600,double,153700
11251,h2d,1229600,double,153700
11252,h2d,1229600,double,153700
11253,h2d,1229600,double,153700
11254,h2d,1229600,double,153700
11255,h2d,1229600,double,153700
11256,h2d,1229600,double,153700
11257,h2d,1229600,double,153700
11258,h2d,1229600,double,153700
11259,h2d,1229600,double,153700
11260,h2d,1229600,double,153700
11261,h2d,1229600,double,153700
11262,h2d,1229600,double,153700
11263,h2d,1229600,double,153700
11264,h2d,1229600,double,153700
11265,h2d,1229600,double,153700
11266,h2d,1229600,double,153700
11267,h2d,1229600,double,153700
11268,h2d,1229600,double,153700
11269,h2d,1229600,double,153700
11270,h2d,1229600,double,153700
11271,h2d,1229600,double,153700
11272,h2d,1229600,double,153700
11273,d2h,2048,double,256
11274,h2d,1229600,double,153700
11275,h2d,1229600,double,153700
11276,h2d,1229600,double,153700
11277,h2d,1229600,double,153700
11278,h2d,1229600,double,153700
11279,h2d,1229600,double,153700
11280,h2d,1229600,double,153700
11281,h2d,1229600,double,153700
11282,h2d,1229600,double,153700
11283,h2d,1229600,double,153700
11284,h2d,1229600,double,153700
11285,h2d,1229600,double,153700
11286,h2d,1229600,double,153700
11287,h2d,1229600,double,153700
11288,h2d,1229600,double,153700
11289,h2d,1229600,double,153700
11290,h2d,1229600,double,153700
11291,h2d,1229600,double,153700
11292,h2d,1229600,double,153700
11293,h2d,1229600,double,153700
11294,h2d,1229600,double,153700
11295,h2d,1229600,double,153700
11296,h2d,1229600,double,153700
11297,h2d,1229600,double,153700
11298,d2h,2048,double,256
11299,h2d,1229600,double,153700
11300,h2d,1229600,double,153700
11301,h2d,1229600,double,153700
11302,h2d,1229600,double,153700
11303,h2d,1229600,double,153700
11304,h2d,1229600,double,153700
11305,h2d,1229600,double,153700
11306,h2d,1229600,double,153700
11307,h2d,1229600,double,153700
11308,h2d,1229600,double,153700
11309,h2d,1229600,double,153700
11310,h2d,1229600,double,153700
11311,h2d,1229600,double,153700
11312,h2d,1229600,double,153700
11313,h2d,1229600,double,153700
11314,h2d,1229600,double,153700
11315,h2d,1229600,double,153700
11316,h2d,1229600,double,153700
11317,h2d,1229600,double,153700
11318,h2d,1229600,double,153700
11319,h2d,1229600,double,153700
11320,h2d,1229600,double,153700
11321,h2d,1229600,double,153700
11322,h2d,1229600,double,153700
11323,d2h,2048,double,256
11324,h2d,1229600,double,153700
11325,h2d,1229600,double,153700
11326,h2d,1229600,double,153700
11327,h2d,1229600,double,153700
11328,h2d,1229600,double,153700
11329,h2d,1229600,double,153700
11330,h2d,1229600,double,153700
11331,h2d,1229600,double,153700
11332,h2d,1229600,double,153700
11333,h2d,1229600,double,153700
11334,h2d,1229600,double,153700
11335,h2d,1229600,double,153700
11336,h2d,1229600,double,153700
11337,h2d,1229600,double,153700
11338,h2d,1229600,double,153700
11339,h2d,1229600,double,153700
11340,h2d,1229600,double,153700
11341,h2d,1229600,double,153700
11342,h2d,1229600,double,153700
11343,h2d,1229600,double,153700
11344,h2d,1229600,double,153700
11345,h2d,1229600,double,153700
11346,h2d,1229600,double,153700
11347,h2d,1229600,double,153700
11348,d2h,2048,double,256
11349,h2d,1229600,double,153700
11350,h2d,1229600,double,153700
11351,h2d,1229600,double,153700
11352,h2d,1229600,double,153700
11353,h2d,1229600,double,153700
11354,h2d,1229600,double,153700
11355,h2d,1229600,double,153700
11356,h2d,1229600,double,153700
11357,h2d,1229600,double,153700
11358,h2d,1229600,double,153700
11359,h2d,1229600,double,153700
11360,h2d,1229600,double,153700
11361,h2d,1229600,double,153700
11362,h2d,1229600,double,153700
11363,h2d,1229600,double,153700
11364,h2d,1229600,double,153700
11365,h2d,1229600,double,153700
11366,h2d,1229600,double,153700
11367,h2d,1229600,double,153700
11368,h2d,1229600,double,153700
11369,h2d,1229600,double,153700
11370,h2d,1229600,double,153700
11371,h2d,1229600,double,153700
11372,h2d,1229600,double,153700
11373,d2h,2048,double,256
11374,h2d,1229600,double,153700
11375,h2d,1229600,double,153700
11376,h2d,1229600,double,153700
11377,h2d,1229600,double,153700
11378,h2d,1229600,double,153700
11379,h2d,1229600,double,153700
11380,h2d,1229600,double,153700
11381,h2d,1229600,double,153700
11382,h2d,1229600,double,153700
11383,h2d,1229600,double,153700
11384,h2d,1229600,double,153700
11385,h2d,1229600,double,153700
11386,h2d,1229600,double,153700
11387,h2d,1229600,double,153700
11388,h2d,1229600,double,153700
11389,h2d,1229600,double,153700
11390,h2d,1229600,double,153700
11391,h2d,1229600,double,153700
11392,h2d,1229600,double,153700
11393,h2d,1229600,double,153700
11394,h2d,1229600,double,153700
11395,h2d,1229600,double,153700
11396,h2d,1229600,double,153700
11397,h2d,1229600,double,153700
11398,d2h,2048,double,256
11399,h2d,1229600,double,153700
11400,h2d,1229600,double,153700
11401,h2d,1229600,double,153700
11402,h2d,1229600,double,153700
11403,h2d,1229600,double,153700
11404,h2d,1229600,double,153700
11405,h2d,1229600,double,153700
11406,h2d,1229600,double,153700
11407,h2d,1229600,double,153700
11408,h2d,1229600,double,153700
11409,h2d,1229600,double,153700
11410,h2d,1229600,double,153700
11411,h2d,1229600,double,153700
11412,h2d,1229600,double,153700
11413,h2d,1229600,double,153700
11414,h2d,1229600,double,153700
11415,h2d,1229600,double,153700
11416,h2d,1229600,double,153700
11417,h2d,1229600,double,153700
11418,h2d,1229600,double,153700
11419,h2d,1229600,double,153700
11420,h2d,1229600,double,153700
11421,h2d,1229600,double,153700
11422,h2d,1229600,double,153700
11423,d2h,2048,double,256
11424,h2d,1229600,double,153700
11425,h2d,1229600,double,153700
11426,h2d,1229600,double,153700
11427,h2d,1229600,double,153700
11428,h2d,1229600,double,153700
11429,h2d,1229600,double,153700
11430,h2d,1229600,double,153700
11431,h2d,1229600,double,153700
11432,h2d,1229600,double,153700
11433,h2d,1229600,double,153700
11434,h2d,1229600,double,153700
11435,h2d,1229600,double,153700
11436,h2d,1229600,double,153700
11437,h2d,1229600,double,153700
11438,h2d,1229600,double,153700
11439,h2d,1229600,double,153700
11440,h2d,1229600,double,153700
11441,h2d,1229600,double,153700
11442,h2d,1229600,double,153700
11443,h2d,1229600,double,153700
11444,h2d,1229600,double,153700
11445,h2d,1229600,double,153700
11446,h2d,1229600,double,153700
11447,h2d,1229600,double,153700
11448,d2h,2048,double,256
11449,h2d,1229600,double,153700
11450,h2d,1229600,double,153700
11451,h2d,1229600,double,153700
11452,h2d,1229600,double,153700
11453,h2d,1229600,double,153700
11454,h2d,1229600,double,153700
11455,h2d,1229600,double,153700
11456,h2d,1229600,double,153700
11457,h2d,1229600,double,153700
11458,h2d,1229600,double,153700
11459,h2d,1229600,double,153700
11460,h2d,1229600,double,153700
11461,h2d,1229600,double,153700
11462,h2d,1229600,double,153700
11463,h2d,1229600,double,153700
11464,h2d,1229600,double,153700
11465,h2d,1229600,double,153700
11466,h2d,1229600,double,153700
11467,h2d,1229600,double,153700
11468,h2d,1229600,double,153700
11469,h2d,1229600,double,153700
11470,h2d,1229600,double,153700
11471,h2d,1229600,double,153700
11472,h2d,1229600,double,153700
11473,d2h,2048,double,256
11474,h2d,1229600,double,153700
11475,h2d,1229600,double,153700
11476,h2d,1229600,double,153700
11477,h2d,1229600,double,153700
11478,h2d,1229600,double,153700
11479,h2d,1229600,double,153700
11480,h2d,1229600,double,153700
11481,h2d,1229600,double,153700
11482,h2d,1229600,double,153700
11483,h2d,1229600,double,153700
11484,h2d,1229600,double,153700
11485,h2d,1229600,double,153700
11486,h2d,1229600,double,153700
11487,h2d,1229600,double,153700
11488,h2d,1229600,double,153700
11489,h2d,1229600,double,153700
11490,d2h,2048,double,256
11491,d2h,2048,double,256
11492,d2h,2048,double,256
11493,d2h,2048,double,256
11494,d2h,2048,double,256
11495,h2d,1229600,double,153700
11496,h2d,1229600,double,153700
11497,h2d,1229600,double,153700
11498,h2d,1229600,double,153700
11499,h2d,1229600,double,153700
11500,h2d,1229600,double,153700
11501,h2d,1229600,double,153700
11502,h2d,1229600,double,153700
11503,d2h,2048,double,256
11504,h2d,1229600,double,153700
11505,h2d,1229600,double,153700
11506,h2d,1229600,double,153700
11507,h2d,1229600,double,153700
11508,h2d,1229600,double,153700
11509,h2d,1229600,double,153700
11510,h2d,1229600,double,153700
11511,h2d,1229600,double,153700
11512,h2d,1229600,double,153700
11513,h2d,1229600,double,153700
11514,h2d,1229600,double,153700
11515,h2d,1229600,double,153700
11516,h2d,1229600,double,153700
11517,h2d,1229600,double,153700
11518,h2d,1229600,double,153700
11519,h2d,1229600,double,153700
11520,h2d,1229600,double,153700
11521,h2d,1229600,double,153700
11522,h2d,1229600,double,153700
11523,h2d,1229600,double,153700
11524,h2d,1229600,double,153700
11525,h2d,1229600,double,153700
11526,h2d,1229600,double,153700
11527,h2d,1229600,double,153700
11528,d2h,2048,double,256
11529,h2d,1229600,double,153700
11530,h2d,1229600,double,153700
11531,h2d,1229600,double,153700
11532,h2d,1229600,double,153700
11533,h2d,1229600,double,153700
11534,h2d,1229600,double,153700
11535,h2d,1229600,double,153700
11536,h2d,1229600,double,153700
11537,h2d,1229600,double,153700
11538,h2d,1229600,double,153700
11539,h2d,1229600,double,153700
11540,h2d,1229600,double,153700
11541,h2d,1229600,double,153700
11542,h2d,1229600,double,153700
11543,h2d,1229600,double,153700
11544,h2d,1229600,double,153700
11545,h2d,1229600,double,153700
11546,h2d,1229600,double,153700
11547,h2d,1229600,double,153700
11548,h2d,1229600,double,153700
11549,h2d,1229600,double,153700
11550,h2d,1229600,double,153700
11551,h2d,1229600,double,153700
11552,h2d,1229600,double,153700
11553,d2h,2048,double,256
11554,h2d,1229600,double,153700
11555,h2d,1229600,double,153700
11556,h2d,1229600,double,153700
11557,h2d,1229600,double,153700
11558,h2d,1229600,double,153700
11559,h2d,1229600,double,153700
11560,h2d,1229600,double,153700
11561,h2d,1229600,double,153700
11562,h2d,1229600,double,153700
11563,h2d,1229600,double,153700
11564,h2d,1229600,double,153700
11565,h2d,1229600,double,153700
11566,h2d,1229600,double,153700
11567,h2d,1229600,double,153700
11568,h2d,1229600,double,153700
11569,h2d,1229600,double,153700
11570,h2d,1229600,double,153700
11571,h2d,1229600,double,153700
11572,h2d,1229600,double,153700
11573,h2d,1229600,double,153700
11574,h2d,1229600,double,153700
11575,h2d,1229600,double,153700
11576,h2d,1229600,double,153700
11577,h2d,1229600,double,153700
11578,d2h,2048,double,256
11579,h2d,1229600,double,153700
11580,h2d,1229600,double,153700
11581,h2d,1229600,double,153700
11582,h2d,1229600,double,153700
11583,h2d,1229600,double,153700
11584,h2d,1229600,double,153700
11585,h2d,1229600,double,153700
11586,h2d,1229600,double,153700
11587,h2d,1229600,double,153700
11588,h2d,1229600,double,153700
11589,h2d,1229600,double,153700
11590,h2d,1229600,double,153700
11591,h2d,1229600,double,153700
11592,h2d,1229600,double,153700
11593,h2d,1229600,double,153700
11594,h2d,1229600,double,153700
11595,h2d,1229600,double,153700
11596,h2d,1229600,double,153700
11597,h2d,1229600,double,153700
11598,h2d,1229600,double,153700
11599,h2d,1229600,double,153700
11600,h2d,1229600,double,153700
11601,h2d,1229600,double,153700
11602,h2d,1229600,double,153700
11603,d2h,2048,double,256
11604,h2d,1229600,double,153700
11605,h2d,1229600,double,153700
11606,h2d,1229600,double,153700
11607,h2d,1229600,double,153700
11608,h2d,1229600,double,153700
11609,h2d,1229600,double,153700
11610,h2d,1229600,double,153700
11611,h2d,1229600,double,153700
11612,h2d,1229600,double,153700
11613,h2d,1229600,double,153700
11614,h2d,1229600,double,153700
11615,h2d,1229600,double,153700
11616,h2d,1229600,double,153700
11617,h2d,1229600,double,153700
11618,h2d,1229600,double,153700
11619,h2d,1229600,double,153700
11620,h2d,1229600,double,153700
11621,h2d,1229600,double,153700
11622,h2d,1229600,double,153700
11623,h2d,1229600,double,153700
11624,h2d,1229600,double,153700
11625,h2d,1229600,double,153700
11626,h2d,1229600,double,153700
11627,h2d,1229600,double,153700
11628,d2h,2048,double,256
11629,h2d,1229600,double,153700
11630,h2d,1229600,double,153700
11631,h2d,1229600,double,153700
11632,h2d,1229600,double,153700
11633,h2d,1229600,double,153700
11634,h2d,1229600,double,153700
11635,h2d,1229600,double,153700
11636,h2d,1229600,double,153700
11637,h2d,1229600,double,153700
11638,h2d,1229600,double,153700
11639,h2d,1229600,double,153700
11640,h2d,1229600,double,153700
11641,h2d,1229600,double,153700
11642,h2d,1229600,double,153700
11643,h2d,1229600,double,153700
11644,h2d,1229600,double,153700
11645,h2d,1229600,double,153700
11646,h2d,1229600,double,153700
11647,h2d,1229600,double,153700
11648,h2d,1229600,double,153700
11649,h2d,1229600,double,153700
11650,h2d,1229600,double,153700
11651,h2d,1229600,double,153700
11652,h2d,1229600,double,153700
11653,d2h,2048,double,256
11654,h2d,1229600,double,153700
11655,h2d,1229600,double,153700
11656,h2d,1229600,double,153700
11657,h2d,1229600,double,153700
11658,h2d,1229600,double,153700
11659,h2d,1229600,double,153700
11660,h2d,1229600,double,153700
11661,h2d,1229600,double,153700
11662,h2d,1229600,double,153700
11663,h2d,1229600,double,153700
11664,h2d,1229600,double,153700
11665,h2d,1229600,double,153700
11666,h2d,1229600,double,153700
11667,h2d,1229600,double,153700
11668,h2d,1229600,double,153700
11669,h2d,1229600,double,153700
11670,h2d,1229600,double,153700
11671,h2d,1229600,double,153700
11672,h2d,1229600,double,153700
11673,h2d,1229600,double,153700
11674,h2d,1229600,double,153700
11675,h2d,1229600,double,153700
11676,h2d,1229600,double,153700
11677,h2d,1229600,double,153700
11678,d2h,2048,double,256
11679,h2d,1229600,double,153700
11680,h2d,1229600,double,153700
11681,h2d,1229600,double,153700
11682,h2d,1229600,double,153700
11683,h2d,1229600,double,153700
11684,h2d,1229600,double,153700
11685,h2d,1229600,double,153700
11686,h2d,1229600,double,153700
11687,h2d,1229600,double,153700
11688,h2d,1229600,double,153700
11689,h2d,1229600,double,153700
11690,h2d,1229600,double,153700
11691,h2d,1229600,double,153700
11692,h2d,1229600,double,153700
11693,h2d,1229600,double,153700
11694,h2d,1229600,double,153700
11695,h2d,1229600,double,153700
11696,h2d,1229600,double,153700
11697,h2d,1229600,double,153700
11698,h2d,1229600,double,153700
11699,h2d,1229600,double,153700
11700,h2d,1229600,double,153700
11701,h2d,1229600,double,153700
11702,h2d,1229600,double,153700
11703,d2h,2048,double,256
11704,h2d,1229600,double,153700
11705,h2d,1229600,double,153700
11706,h2d,1229600,double,153700
11707,h2d,1229600,double,153700
11708,h2d,1229600,double,153700
11709,h2d,1229600,double,153700
11710,h2d,1229600,double,153700
11711,h2d,1229600,double,153700
11712,h2d,1229600,double,153700
11713,h2d,1229600,double,153700
11714,h2d,1229600,double,153700
11715,h2d,1229600,double,153700
11716,h2d,1229600,double,153700
11717,h2d,1229600,double,153700
11718,h2d,1229600,double,153700
11719,h2d,1229600,double,153700
11720,h2d,1229600,double,153700
11721,h2d,1229600,double,153700
11722,h2d,1229600,double,153700
11723,h2d,1229600,double,153700
11724,h2d,1229600,double,153700
11725,h2d,1229600,double,153700
11726,h2d,1229600,double,153700
11727,h2d,1229600,double,153700
11728,d2h,2048,double,256
11729,h2d,1229600,double,153700
11730,h2d,1229600,double,153700
11731,h2d,1229600,double,153700
11732,h2d,1229600,double,153700
11733,h2d,1229600,double,153700
11734,h2d,1229600,double,153700
11735,h2d,1229600,double,153700
11736,h2d,1229600,double,153700
11737,h2d,1229600,double,153700
11738,h2d,1229600,double,153700
11739,h2d,1229600,double,153700
11740,h2d,1229600,double,153700
11741,h2d,1229600,double,153700
11742,h2d,1229600,double,153700
11743,h2d,1229600,double,153700
11744,h2d,1229600,double,153700
11745,d2h,2048,double,256
11746,d2h,2048,double,256
11747,d2h,2048,double,256
11748,d2h,2048,double,256
11749,d2h,2048,double,256
11750,h2d,1229600,double,153700
11751,h2d,1229600,double,153700
11752,h2d,1229600,double,153700
11753,h2d,1229600,double,153700
11754,h2d,1229600,double,153700
11755,h2d,1229600,double,153700
11756,h2d,1229600,double,153700
11757,h2d,1229600,double,153700
11758,d2h,2048,double,256
11759,h2d,1229600,double,153700
11760,h2d,1229600,double,153700
11761,h2d,1229600,double,153700
11762,h2d,1229600,double,153700
11763,h2d,1229600,double,153700
11764,h2d,1229600,double,153700
11765,h2d,1229600,double,153700
11766,h2d,1229600,double,153700
11767,h2d,1229600,double,153700
11768,h2d,1229600,double,153700
11769,h2d,1229600,double,153700
11770,h2d,1229600,double,153700
11771,h2d,1229600,double,153700
11772,h2d,1229600,double,153700
11773,h2d,1229600,double,153700
11774,h2d,1229600,double,153700
11775,h2d,1229600,double,153700
11776,h2d,1229600,double,153700
11777,h2d,1229600,double,153700
11778,h2d,1229600,double,153700
11779,h2d,1229600,double,153700
11780,h2d,1229600,double,153700
11781,h2d,1229600,double,153700
11782,h2d,1229600,double,153700
11783,d2h,2048,double,256
11784,h2d,1229600,double,153700
11785,h2d,1229600,double,153700
11786,h2d,1229600,double,153700
11787,h2d,1229600,double,153700
11788,h2d,1229600,double,153700
11789,h2d,1229600,double,153700
11790,h2d,1229600,double,153700
11791,h2d,1229600,double,153700
11792,h2d,1229600,double,153700
11793,h2d,1229600,double,153700
11794,h2d,1229600,double,153700
11795,h2d,1229600,double,153700
11796,h2d,1229600,double,153700
11797,h2d,1229600,double,153700
11798,h2d,1229600,double,153700
11799,h2d,1229600,double,153700
11800,h2d,1229600,double,153700
11801,h2d,1229600,double,153700
11802,h2d,1229600,double,153700
11803,h2d,1229600,double,153700
11804,h2d,1229600,double,153700
11805,h2d,1229600,double,153700
11806,h2d,1229600,double,153700
11807,h2d,1229600,double,153700
11808,d2h,2048,double,256
11809,h2d,1229600,double,153700
11810,h2d,1229600,double,153700
11811,h2d,1229600,double,153700
11812,h2d,1229600,double,153700
11813,h2d,1229600,double,153700
11814,h2d,1229600,double,153700
11815,h2d,1229600,double,153700
11816,h2d,1229600,double,153700
11817,h2d,1229600,double,153700
11818,h2d,1229600,double,153700
11819,h2d,1229600,double,153700
11820,h2d,1229600,double,153700
11821,h2d,1229600,double,153700
11822,h2d,1229600,double,153700
11823,h2d,1229600,double,153700
11824,h2d,1229600,double,153700
11825,h2d,1229600,double,153700
11826,h2d,1229600,double,153700
11827,h2d,1229600,double,153700
11828,h2d,1229600,double,153700
11829,h2d,1229600,double,153700
11830,h2d,1229600,double,153700
11831,h2d,1229600,double,153700
11832,h2d,1229600,double,153700
11833,d2h,2048,double,256
11834,h2d,1229600,double,153700
11835,h2d,1229600,double,153700
11836,h2d,1229600,double,153700
11837,h2d,1229600,double,153700
11838,h2d,1229600,double,153700
11839,h2d,1229600,double,153700
11840,h2d,1229600,double,153700
11841,h2d,1229600,double,153700
11842,h2d,1229600,double,153700
11843,h2d,1229600,double,153700
11844,h2d,1229600,double,153700
11845,h2d,1229600,double,153700
11846,h2d,1229600,double,153700
11847,h2d,1229600,double,153700
11848,h2d,1229600,double,153700
11849,h2d,1229600,double,153700
11850,h2d,1229600,double,153700
11851,h2d,1229600,double,153700
11852,h2d,1229600,double,153700
11853,h2d,1229600,double,153700
11854,h2d,1229600,double,153700
11855,h2d,1229600,double,153700
11856,h2d,1229600,double,153700
11857,h2d,1229600,double,153700
11858,d2h,2048,double,256
11859,h2d,1229600,double,153700
11860,h2d,1229600,double,153700
11861,h2d,1229600,double,153700
11862,h2d,1229600,double,153700
11863,h2d,1229600,double,153700
11864,h2d,1229600,double,153700
11865,h2d,1229600,double,153700
11866,h2d,1229600,double,153700
11867,h2d,1229600,double,153700
11868,h2d,1229600,double,153700
11869,h2d,1229600,double,153700
11870,h2d,1229600,double,153700
11871,h2d,1229600,double,153700
11872,h2d,1229600,double,153700
11873,h2d,1229600,double,153700
11874,h2d,1229600,double,153700
11875,h2d,1229600,double,153700
11876,h2d,1229600,double,153700
11877,h2d,1229600,double,153700
11878,h2d,1229600,double,153700
11879,h2d,1229600,double,153700
11880,h2d,1229600,double,153700
11881,h2d,1229600,double,153700
11882,h2d,1229600,double,153700
11883,d2h,2048,double,256
11884,h2d,1229600,double,153700
11885,h2d,1229600,double,153700
11886,h2d,1229600,double,153700
11887,h2d,1229600,double,153700
11888,h2d,1229600,double,153700
11889,h2d,1229600,double,153700
11890,h2d,1229600,double,153700
11891,h2d,1229600,double,153700
11892,h2d,1229600,double,153700
11893,h2d,1229600,double,153700
11894,h2d,1229600,double,153700
11895,h2d,1229600,double,153700
11896,h2d,1229600,double,153700
11897,h2d,1229600,double,153700
11898,h2d,1229600,double,153700
11899,h2d,1229600,double,153700
11900,h2d,1229600,double,153700
11901,h2d,1229600,double,153700
11902,h2d,1229600,double,153700
11903,h2d,1229600,double,153700
11904,h2d,1229600,double,153700
11905,h2d,1229600,double,153700
11906,h2d,1229600,double,153700
11907,h2d,1229600,double,153700
11908,d2h,2048,double,256
11909,h2d,1229600,double,153700
11910,h2d,1229600,double,153700
11911,h2d,1229600,double,153700
11912,h2d,1229600,double,153700
11913,h2d,1229600,double,153700
11914,h2d,1229600,double,153700
11915,h2d,1229600,double,153700
11916,h2d,1229600,double,153700
11917,h2d,1229600,double,153700
11918,h2d,1229600,double,153700
11919,h2d,1229600,double,153700
11920,h2d,1229600,double,153700
11921,h2d,1229600,double,153700
11922,h2d,1229600,double,153700
11923,h2d,1229600,double,153700
11924,h2d,1229600,double,153700
11925,h2d,1229600,double,153700
11926,h2d,1229600,double,153700
11927,h2d,1229600,double,153700
11928,h2d,1229600,double,153700
11929,h2d,1229600,double,153700
11930,h2d,1229600,double,153700
11931,h2d,1229600,double,153700
11932,h2d,1229600,double,153700
11933,d2h,2048,double,256
11934,h2d,1229600,double,153700
11935,h2d,1229600,double,153700
11936,h2d,1229600,double,153700
11937,h2d,1229600,double,153700
11938,h2d,1229600,double,153700
11939,h2d,1229600,double,153700
11940,h2d,1229600,double,153700
11941,h2d,1229600,double,153700
11942,h2d,1229600,double,153700
11943,h2d,1229600,double,153700
11944,h2d,1229600,double,153700
11945,h2d,1229600,double,153700
11946,h2d,1229600,double,153700
11947,h2d,1229600,double,153700
11948,h2d,1229600,double,153700
11949,h2d,1229600,double,153700
11950,h2d,1229600,double,153700
11951,h2d,1229600,double,153700
11952,h2d,1229600,double,153700
11953,h2d,1229600,double,153700
11954,h2d,1229600,double,153700
11955,h2d,1229600,double,153700
11956,h2d,1229600,double,153700
11957,h2d,1229600,double,153700
11958,d2h,2048,double,256
11959,h2d,1229600,double,153700
11960,h2d,1229600,double,153700
11961,h2d,1229600,double,153700
11962,h2d,1229600,double,153700
11963,h2d,1229600,double,153700
11964,h2d,1229600,double,153700
11965,h2d,1229600,double,153700
11966,h2d,1229600,double,153700
11967,h2d,1229600,double,153700
11968,h2d,1229600,double,153700
11969,h2d,1229600,double,153700
11970,h2d,1229600,double,153700
11971,h2d,1229600,double,153700
11972,h2d,1229600,double,153700
11973,h2d,1229600,double,153700
11974,h2d,1229600,double,153700
11975,h2d,1229600,double,153700
11976,h2d,1229600,double,153700
11977,h2d,1229600,double,153700
11978,h2d,1229600,double,153700
11979,h2d,1229600,double,153700
11980,h2d,1229600,double,153700
11981,h2d,1229600,double,153700
11982,h2d,1229600,double,153700
11983,d2h,2048,double,256
11984,h2d,1229600,double,153700
11985,h2d,1229600,double,153700
11986,h2d,1229600,double,153700
11987,h2d,1229600,double,153700
11988,h2d,1229600,double,153700
11989,h2d,1229600,double,153700
11990,h2d,1229600,double,153700
11991,h2d,1229600,double,153700
11992,h2d,1229600,double,153700
11993,h2d,1229600,double,153700
11994,h2d,1229600,double,153700
11995,h2d,1229600,double,153700
11996,h2d,1229600,double,153700
11997,h2d,1229600,double,153700
11998,h2d,1229600,double,153700
11999,h2d,1229600,double,153700
12000,d2h,2048,double,256
12001,d2h,2048,double,256
12002,d2h,2048,double,256
12003,d2h,2048,double,256
12004,d2h,2048,double,256
12005,h2d,1229600,double,153700
12006,h2d,1229600,double,153700
12007,h2d,1229600,double,153700
12008,h2d,1229600,double,153700
12009,h2d,1229600,double,153700
12010,h2d,1229600,double,153700
12011,h2d,1229600,double,153700
12012,h2d,1229600,double,153700
12013,d2h,2048,double,256
12014,h2d,1229600,double,153700
12015,h2d,1229600,double,153700
12016,h2d,1229600,double,153700
12017,h2d,1229600,double,153700
12018,h2d,1229600,double,153700
12019,h2d,1229600,double,153700
12020,h2d,1229600,double,153700
12021,h2d,1229600,double,153700
12022,h2d,1229600,double,153700
12023,h2d,1229600,double,153700
12024,h2d,1229600,double,153700
12025,h2d,1229600,double,153700
12026,h2d,1229600,double,153700
12027,h2d,1229600,double,153700
12028,h2d,1229600,double,153700
12029,h2d,1229600,double,153700
12030,h2d,1229600,double,153700
12031,h2d,1229600,double,153700
12032,h2d,1229600,double,153700
12033,h2d,1229600,double,153700
12034,h2d,1229600,double,153700
12035,h2d,1229600,double,153700
12036,h2d,1229600,double,153700
12037,h2d,1229600,double,153700
12038,d2h,2048,double,256
12039,h2d,1229600,double,153700
12040,h2d,1229600,double,153700
12041,h2d,1229600,double,153700
12042,h2d,1229600,double,153700
12043,h2d,1229600,double,153700
12044,h2d,1229600,double,153700
12045,h2d,1229600,double,153700
12046,h2d,1229600,double,153700
12047,h2d,1229600,double,153700
12048,h2d,1229600,double,153700
12049,h2d,1229600,double,153700
12050,h2d,1229600,double,153700
12051,h2d,1229600,double,153700
12052,h2d,1229600,double,153700
12053,h2d,1229600,double,153700
12054,h2d,1229600,double,153700
12055,h2d,1229600,double,153700
12056,h2d,1229600,double,153700
12057,h2d,1229600,double,153700
12058,h2d,1229600,double,153700
12059,h2d,1229600,double,153700
12060,h2d,1229600,double,153700
12061,h2d,1229600,double,153700
12062,h2d,1229600,double,153700
12063,d2h,2048,double,256
12064,h2d,1229600,double,153700
12065,h2d,1229600,double,153700
12066,h2d,1229600,double,153700
12067,h2d,1229600,double,153700
12068,h2d,1229600,double,153700
12069,h2d,1229600,double,153700
12070,h2d,1229600,double,153700
12071,h2d,1229600,double,153700
12072,h2d,1229600,double,153700
12073,h2d,1229600,double,153700
12074,h2d,1229600,double,153700
12075,h2d,1229600,double,153700
12076,h2d,1229600,double,153700
12077,h2d,1229600,double,153700
12078,h2d,1229600,double,153700
12079,h2d,1229600,double,153700
12080,h2d,1229600,double,153700
12081,h2d,1229600,double,153700
12082,h2d,1229600,double,153700
12083,h2d,1229600,double,153700
12084,h2d,1229600,double,153700
12085,h2d,1229600,double,153700
12086,h2d,1229600,double,153700
12087,h2d,1229600,double,153700
12088,d2h,2048,double,256
12089,h2d,1229600,double,153700
12090,h2d,1229600,double,153700
12091,h2d,1229600,double,153700
12092,h2d,1229600,double,153700
12093,h2d,1229600,double,153700
12094,h2d,1229600,double,153700
12095,h2d,1229600,double,153700
12096,h2d,1229600,double,153700
12097,h2d,1229600,double,153700
12098,h2d,1229600,double,153700
12099,h2d,1229600,double,153700
12100,h2d,1229600,double,153700
12101,h2d,1229600,double,153700
12102,h2d,1229600,double,153700
12103,h2d,1229600,double,153700
12104,h2d,1229600,double,153700
12105,h2d,1229600,double,153700
12106,h2d,1229600,double,153700
12107,h2d,1229600,double,153700
12108,h2d,1229600,double,153700
12109,h2d,1229600,double,153700
12110,h2d,1229600,double,153700
12111,h2d,1229600,double,153700
12112,h2d,1229600,double,153700
12113,d2h,2048,double,256
12114,h2d,1229600,double,153700
12115,h2d,1229600,double,153700
12116,h2d,1229600,double,153700
12117,h2d,1229600,double,153700
12118,h2d,1229600,double,153700
12119,h2d,1229600,double,153700
12120,h2d,1229600,double,153700
12121,h2d,1229600,double,153700
12122,h2d,1229600,double,153700
12123,h2d,1229600,double,153700
12124,h2d,1229600,double,153700
12125,h2d,1229600,double,153700
12126,h2d,1229600,double,153700
12127,h2d,1229600,double,153700
12128,h2d,1229600,double,153700
12129,h2d,1229600,double,153700
12130,h2d,1229600,double,153700
12131,h2d,1229600,double,153700
12132,h2d,1229600,double,153700
12133,h2d,1229600,double,153700
12134,h2d,1229600,double,153700
12135,h2d,1229600,double,153700
12136,h2d,1229600,double,153700
12137,h2d,1229600,double,153700
12138,d2h,2048,double,256
12139,h2d,1229600,double,153700
12140,h2d,1229600,double,153700
12141,h2d,1229600,double,153700
12142,h2d,1229600,double,153700
12143,h2d,1229600,double,153700
12144,h2d,1229600,double,153700
12145,h2d,1229600,double,153700
12146,h2d,1229600,double,153700
12147,h2d,1229600,double,153700
12148,h2d,1229600,double,153700
12149,h2d,1229600,double,153700
12150,h2d,1229600,double,153700
12151,h2d,1229600,double,153700
12152,h2d,1229600,double,153700
12153,h2d,1229600,double,153700
12154,h2d,1229600,double,153700
12155,h2d,1229600,double,153700
12156,h2d,1229600,double,153700
12157,h2d,1229600,double,153700
12158,h2d,1229600,double,153700
12159,h2d,1229600,double,153700
12160,h2d,1229600,double,153700
12161,h2d,1229600,double,153700
12162,h2d,1229600,double,153700
12163,d2h,2048,double,256
12164,h2d,1229600,double,153700
12165,h2d,1229600,double,153700
12166,h2d,1229600,double,153700
12167,h2d,1229600,double,153700
12168,h2d,1229600,double,153700
12169,h2d,1229600,double,153700
12170,h2d,1229600,double,153700
12171,h2d,1229600,double,153700
12172,h2d,1229600,double,153700
12173,h2d,1229600,double,153700
12174,h2d,1229600,double,153700
12175,h2d,1229600,double,153700
12176,h2d,1229600,double,153700
12177,h2d,1229600,double,153700
12178,h2d,1229600,double,153700
12179,h2d,1229600,double,153700
12180,h2d,1229600,double,153700
12181,h2d,1229600,double,153700
12182,h2d,1229600,double,153700
12183,h2d,1229600,double,153700
12184,h2d,1229600,double,153700
12185,h2d,1229600,double,153700
12186,h2d,1229600,double,153700
12187,h2d,1229600,double,153700
12188,d2h,2048,double,256
12189,h2d,1229600,double,153700
12190,h2d,1229600,double,153700
12191,h2d,1229600,double,153700
12192,h2d,1229600,double,153700
12193,h2d,1229600,double,153700
12194,h2d,1229600,double,153700
12195,h2d,1229600,double,153700
12196,h2d,1229600,double,153700
12197,h2d,1229600,double,153700
12198,h2d,1229600,double,153700
12199,h2d,1229600,double,153700
12200,h2d,1229600,double,153700
12201,h2d,1229600,double,153700
12202,h2d,1229600,double,153700
12203,h2d,1229600,double,153700
12204,h2d,1229600,double,153700
12205,h2d,1229600,double,153700
12206,h2d,1229600,double,153700
12207,h2d,1229600,double,153700
12208,h2d,1229600,double,153700
12209,h2d,1229600,double,153700
12210,h2d,1229600,double,153700
12211,h2d,1229600,double,153700
12212,h2d,1229600,double,153700
12213,d2h,2048,double,256
12214,h2d,1229600,double,153700
12215,h2d,1229600,double,153700
12216,h2d,1229600,double,153700
12217,h2d,1229600,double,153700
12218,h2d,1229600,double,153700
12219,h2d,1229600,double,153700
12220,h2d,1229600,double,153700
12221,h2d,1229600,double,153700
12222,h2d,1229600,double,153700
12223,h2d,1229600,double,153700
12224,h2d,1229600,double,153700
12225,h2d,1229600,double,153700
12226,h2d,1229600,double,153700
12227,h2d,1229600,double,153700
12228,h2d,1229600,double,153700
12229,h2d,1229600,double,153700
12230,h2d,1229600,double,153700
12231,h2d,1229600,double,153700
12232,h2d,1229600,double,153700
12233,h2d,1229600,double,153700
12234,h2d,1229600,double,153700
12235,h2d,1229600,double,153700
12236,h2d,1229600,double,153700
12237,h2d,1229600,double,153700
12238,d2h,2048,double,256
12239,h2d,1229600,double,153700
12240,h2d,1229600,double,153700
12241,h2d,1229600,double,153700
12242,h2d,1229600,double,153700
12243,h2d,1229600,double,153700
12244,h2d,1229600,double,153700
12245,h2d,1229600,double,153700
12246,h2d,1229600,double,153700
12247,h2d,1229600,double,153700
12248,h2d,1229600,double,153700
12249,h2d,1229600,double,153700
12250,h2d,1229600,double,153700
12251,h2d,1229600,double,153700
12252,h2d,1229600,double,153700
12253,h2d,1229600,double,153700
12254,h2d,1229600,double,153700
12255,d2h,2048,double,256
12256,d2h,2048,double,256
12257,d2h,2048,double,256
12258,d2h,2048,double,256
12259,d2h,2048,double,256
12260,h2d,1229600,double,153700
12261,h2d,1229600,double,153700
12262,h2d,1229600,double,153700
12263,h2d,1229600,double,153700
12264,h2d,1229600,double,153700
12265,h2d,1229600,double,153700
12266,h2d,1229600,double,153700
12267,h2d,1229600,double,153700
12268,d2h,2048,double,256
12269,h2d,1229600,double,153700
12270,h2d,1229600,double,153700
12271,h2d,1229600,double,153700
12272,h2d,1229600,double,153700
12273,h2d,1229600,double,153700
12274,h2d,1229600,double,153700
12275,h2d,1229600,double,153700
12276,h2d,1229600,double,153700
12277,h2d,1229600,double,153700
12278,h2d,1229600,double,153700
12279,h2d,1229600,double,153700
12280,h2d,1229600,double,153700
12281,h2d,1229600,double,153700
12282,h2d,1229600,double,153700
12283,h2d,1229600,double,153700
12284,h2d,1229600,double,153700
12285,h2d,1229600,double,153700
12286,h2d,1229600,double,153700
12287,h2d,1229600,double,153700
12288,h2d,1229600,double,153700
12289,h2d,1229600,double,153700
12290,h2d,1229600,double,153700
12291,h2d,1229600,double,153700
12292,h2d,1229600,double,153700
12293,d2h,2048,double,256
12294,h2d,1229600,double,153700
12295,h2d,1229600,double,153700
12296,h2d,1229600,double,153700
12297,h2d,1229600,double,153700
12298,h2d,1229600,double,153700
12299,h2d,1229600,double,153700
12300,h2d,1229600,double,153700
12301,h2d,1229600,double,153700
12302,h2d,1229600,double,153700
12303,h2d,1229600,double,153700
12304,h2d,1229600,double,153700
12305,h2d,1229600,double,153700
12306,h2d,1229600,double,153700
12307,h2d,1229600,double,153700
12308,h2d,1229600,double,153700
12309,h2d,1229600,double,153700
12310,h2d,1229600,double,153700
12311,h2d,1229600,double,153700
12312,h2d,1229600,double,153700
12313,h2d,1229600,double,153700
12314,h2d,1229600,double,153700
12315,h2d,1229600,double,153700
12316,h2d,1229600,double,153700
12317,h2d,1229600,double,153700
12318,d2h,2048,double,256
12319,h2d,1229600,double,153700
12320,h2d,1229600,double,153700
12321,h2d,1229600,double,153700
12322,h2d,1229600,double,153700
12323,h2d,1229600,double,153700
12324,h2d,1229600,double,153700
12325,h2d,1229600,double,153700
12326,h2d,1229600,double,153700
12327,h2d,1229600,double,153700
12328,h2d,1229600,double,153700
12329,h2d,1229600,double,153700
12330,h2d,1229600,double,153700
12331,h2d,1229600,double,153700
12332,h2d,1229600,double,153700
12333,h2d,1229600,double,153700
12334,h2d,1229600,double,153700
12335,h2d,1229600,double,153700
12336,h2d,1229600,double,153700
12337,h2d,1229600,double,153700
12338,h2d,1229600,double,153700
12339,h2d,1229600,double,153700
12340,h2d,1229600,double,153700
12341,h2d,1229600,double,153700
12342,h2d,1229600,double,153700
12343,d2h,2048,double,256
12344,h2d,1229600,double,153700
12345,h2d,1229600,double,153700
12346,h2d,1229600,double,153700
12347,h2d,1229600,double,153700
12348,h2d,1229600,double,153700
12349,h2d,1229600,double,153700
12350,h2d,1229600,double,153700
12351,h2d,1229600,double,153700
12352,h2d,1229600,double,153700
12353,h2d,1229600,double,153700
12354,h2d,1229600,double,153700
12355,h2d,1229600,double,153700
12356,h2d,1229600,double,153700
12357,h2d,1229600,double,153700
12358,h2d,1229600,double,153700
12359,h2d,1229600,double,153700
12360,h2d,1229600,double,153700
12361,h2d,1229600,double,153700
12362,h2d,1229600,double,153700
12363,h2d,1229600,double,153700
12364,h2d,1229600,double,153700
12365,h2d,1229600,double,153700
12366,h2d,1229600,double,153700
12367,h2d,1229600,double,153700
12368,d2h,2048,double,256
12369,h2d,1229600,double,153700
12370,h2d,1229600,double,153700
12371,h2d,1229600,double,153700
12372,h2d,1229600,double,153700
12373,h2d,1229600,double,153700
12374,h2d,1229600,double,153700
12375,h2d,1229600,double,153700
12376,h2d,1229600,double,153700
12377,h2d,1229600,double,153700
12378,h2d,1229600,double,153700
12379,h2d,1229600,double,153700
12380,h2d,1229600,double,153700
12381,h2d,1229600,double,153700
12382,h2d,1229600,double,153700
12383,h2d,1229600,double,153700
12384,h2d,1229600,double,153700
12385,h2d,1229600,double,153700
12386,h2d,1229600,double,153700
12387,h2d,1229600,double,153700
12388,h2d,1229600,double,153700
12389,h2d,1229600,double,153700
12390,h2d,1229600,double,153700
12391,h2d,1229600,double,153700
12392,h2d,1229600,double,153700
12393,d2h,2048,double,256
12394,h2d,1229600,double,153700
12395,h2d,1229600,double,153700
12396,h2d,1229600,double,153700
12397,h2d,1229600,double,153700
12398,h2d,1229600,double,153700
12399,h2d,1229600,double,153700
12400,h2d,1229600,double,153700
12401,h2d,1229600,double,153700
12402,h2d,1229600,double,153700
12403,h2d,1229600,double,153700
12404,h2d,1229600,double,153700
12405,h2d,1229600,double,153700
12406,h2d,1229600,double,153700
12407,h2d,1229600,double,153700
12408,h2d,1229600,double,153700
12409,h2d,1229600,double,153700
12410,h2d,1229600,double,153700
12411,h2d,1229600,double,153700
12412,h2d,1229600,double,153700
12413,h2d,1229600,double,153700
12414,h2d,1229600,double,153700
12415,h2d,1229600,double,153700
12416,h2d,1229600,double,153700
12417,h2d,1229600,double,153700
12418,d2h,2048,double,256
12419,h2d,1229600,double,153700
12420,h2d,1229600,double,153700
12421,h2d,1229600,double,153700
12422,h2d,1229600,double,153700
12423,h2d,1229600,double,153700
12424,h2d,1229600,double,153700
12425,h2d,1229600,double,153700
12426,h2d,1229600,double,153700
12427,h2d,1229600,double,153700
12428,h2d,1229600,double,153700
12429,h2d,1229600,double,153700
12430,h2d,1229600,double,153700
12431,h2d,1229600,double,153700
12432,h2d,1229600,double,153700
12433,h2d,1229600,double,153700
12434,h2d,1229600,double,153700
12435,h2d,1229600,double,153700
12436,h2d,1229600,double,153700
12437,h2d,1229600,double,153700
12438,h2d,1229600,double,153700
12439,h2d,1229600,double,153700
12440,h2d,1229600,double,153700
12441,h2d,1229600,double,153700
12442,h2d,1229600,double,153700
12443,d2h,2048,double,256
12444,h2d,1229600,double,153700
12445,h2d,1229600,double,153700
12446,h2d,1229600,double,153700
12447,h2d,1229600,double,153700
12448,h2d,1229600,double,153700
12449,h2d,1229600,double,153700
12450,h2d,1229600,double,153700
12451,h2d,1229600,double,153700
12452,h2d,1229600,double,153700
12453,h2d,1229600,double,153700
12454,h2d,1229600,double,153700
12455,h2d,1229600,double,153700
12456,h2d,1229600,double,153700
12457,h2d,1229600,double,153700
12458,h2d,1229600,double,153700
12459,h2d,1229600,double,153700
12460,h2d,1229600,double,153700
12461,h2d,1229600,double,153700
12462,h2d,1229600,double,153700
12463,h2d,1229600,double,153700
12464,h2d,1229600,double,153700
12465,h2d,1229600,double,153700
12466,h2d,1229600,double,153700
12467,h2d,1229600,double,153700
12468,d2h,2048,double,256
12469,h2d,1229600,double,153700
12470,h2d,1229600,double,153700
12471,h2d,1229600,double,153700
12472,h2d,1229600,double,153700
12473,h2d,1229600,double,153700
12474,h2d,1229600,double,153700
12475,h2d,1229600,double,153700
12476,h2d,1229600,double,153700
12477,h2d,1229600,double,153700
12478,h2d,1229600,double,153700
12479,h2d,1229600,double,153700
12480,h2d,1229600,double,153700
12481,h2d,1229600,double,153700
12482,h2d,1229600,double,153700
12483,h2d,1229600,double,153700
12484,h2d,1229600,double,153700
12485,h2d,1229600,double,153700
12486,h2d,1229600,double,153700
12487,h2d,1229600,double,153700
12488,h2d,1229600,double,153700
12489,h2d,1229600,double,153700
12490,h2d,1229600,double,153700
12491,h2d,1229600,double,153700
12492,h2d,1229600,double,153700
12493,d2h,2048,double,256
12494,h2d,1229600,double,153700
12495,h2d,1229600,double,153700
12496,h2d,1229600,double,153700
12497,h2d,1229600,double,153700
12498,h2d,1229600,double,153700
12499,h2d,1229600,double,153700
12500,h2d,1229600,double,153700
12501,h2d,1229600,double,153700
12502,h2d,1229600,double,153700
12503,h2d,1229600,double,153700
12504,h2d,1229600,double,153700
12505,h2d,1229600,double,153700
12506,h2d,1229600,double,153700
12507,h2d,1229600,double,153700
12508,h2d,1229600,double,153700
12509,h2d,1229600,double,153700
12510,d2h,2048,double,256
12511,d2h,2048,double,256
12512,d2h,2048,double,256
12513,d2h,2048,double,256
12514,d2h,2048,double,256
12515,h2d,1229600,double,153700
12516,h2d,1229600,double,153700
12517,h2d,1229600,double,153700
12518,h2d,1229600,double,153700
12519,h2d,1229600,double,153700
12520,h2d,1229600,double,153700
12521,h2d,1229600,double,153700
12522,h2d,1229600,double,153700
12523,d2h,2048,double,256
12524,h2d,1229600,double,153700
12525,h2d,1229600,double,153700
12526,h2d,1229600,double,153700
12527,h2d,1229600,double,153700
12528,h2d,1229600,double,153700
12529,h2d,1229600,double,153700
12530,h2d,1229600,double,153700
12531,h2d,1229600,double,153700
12532,h2d,1229600,double,153700
12533,h2d,1229600,double,153700
12534,h2d,1229600,double,153700
12535,h2d,1229600,double,153700
12536,h2d,1229600,double,153700
12537,h2d,1229600,double,153700
12538,h2d,1229600,double,153700
12539,h2d,1229600,double,153700
12540,h2d,1229600,double,153700
12541,h2d,1229600,double,153700
12542,h2d,1229600,double,153700
12543,h2d,1229600,double,153700
12544,h2d,1229600,double,153700
12545,h2d,1229600,double,153700
12546,h2d,1229600,double,153700
12547,h2d,1229600,double,153700
12548,d2h,2048,double,256
12549,h2d,1229600,double,153700
12550,h2d,1229600,double,153700
12551,h2d,1229600,double,153700
12552,h2d,1229600,double,153700
12553,h2d,1229600,double,153700
12554,h2d,1229600,double,153700
12555,h2d,1229600,double,153700
12556,h2d,1229600,double,153700
12557,h2d,1229600,double,153700
12558,h2d,1229600,double,153700
12559,h2d,1229600,double,153700
12560,h2d,1229600,double,153700
12561,h2d,1229600,double,153700
12562,h2d,1229600,double,153700
12563,h2d,1229600,double,153700
12564,h2d,1229600,double,153700
12565,h2d,1229600,double,153700
12566,h2d,1229600,double,153700
12567,h2d,1229600,double,153700
12568,h2d,1229600,double,153700
12569,h2d,1229600,double,153700
12570,h2d,1229600,double,153700
12571,h2d,1229600,double,153700
12572,h2d,1229600,double,153700
12573,d2h,2048,double,256
12574,h2d,1229600,double,153700
12575,h2d,1229600,double,153700
12576,h2d,1229600,double,153700
12577,h2d,1229600,double,153700
12578,h2d,1229600,double,153700
12579,h2d,1229600,double,153700
12580,h2d,1229600,double,153700
12581,h2d,1229600,double,153700
12582,h2d,1229600,double,153700
12583,h2d,1229600,double,153700
12584,h2d,1229600,double,153700
12585,h2d,1229600,double,153700
12586,h2d,1229600,double,153700
12587,h2d,1229600,double,153700
12588,h2d,1229600,double,153700
12589,h2d,1229600,double,153700
12590,h2d,1229600,double,153700
12591,h2d,1229600,double,153700
12592,h2d,1229600,double,153700
12593,h2d,1229600,double,153700
12594,h2d,1229600,double,153700
12595,h2d,1229600,double,153700
12596,h2d,1229600,double,153700
12597,h2d,1229600,double,153700
12598,d2h,2048,double,256
12599,h2d,1229600,double,153700
12600,h2d,1229600,double,153700
12601,h2d,1229600,double,153700
12602,h2d,1229600,double,153700
12603,h2d,1229600,double,153700
12604,h2d,1229600,double,153700
12605,h2d,1229600,double,153700
12606,h2d,1229600,double,153700
12607,h2d,1229600,double,153700
12608,h2d,1229600,double,153700
12609,h2d,1229600,double,153700
12610,h2d,1229600,double,153700
12611,h2d,1229600,double,153700
12612,h2d,1229600,double,153700
12613,h2d,1229600,double,153700
12614,h2d,1229600,double,153700
12615,h2d,1229600,double,153700
12616,h2d,1229600,double,153700
12617,h2d,1229600,double,153700
12618,h2d,1229600,double,153700
12619,h2d,1229600,double,153700
12620,h2d,1229600,double,153700
12621,h2d,1229600,double,153700
12622,h2d,1229600,double,153700
12623,d2h,2048,double,256
12624,h2d,1229600,double,153700
12625,h2d,1229600,double,153700
12626,h2d,1229600,double,153700
12627,h2d,1229600,double,153700
12628,h2d,1229600,double,153700
12629,h2d,1229600,double,153700
12630,h2d,1229600,double,153700
12631,h2d,1229600,double,153700
12632,h2d,1229600,double,153700
12633,h2d,1229600,double,153700
12634,h2d,1229600,double,153700
12635,h2d,1229600,double,153700
12636,h2d,1229600,double,153700
12637,h2d,1229600,double,153700
12638,h2d,1229600,double,153700
12639,h2d,1229600,double,153700
12640,h2d,1229600,double,153700
12641,h2d,1229600,double,153700
12642,h2d,1229600,double,153700
12643,h2d,1229600,double,153700
12644,h2d,1229600,double,153700
12645,h2d,1229600,double,153700
12646,h2d,1229600,double,153700
12647,h2d,1229600,double,153700
12648,d2h,2048,double,256
12649,h2d,1229600,double,153700
12650,h2d,1229600,double,153700
12651,h2d,1229600,double,153700
12652,h2d,1229600,double,153700
12653,h2d,1229600,double,153700
12654,h2d,1229600,double,153700
12655,h2d,1229600,double,153700
12656,h2d,1229600,double,153700
12657,h2d,1229600,double,153700
12658,h2d,1229600,double,153700
12659,h2d,1229600,double,153700
12660,h2d,1229600,double,153700
12661,h2d,1229600,double,153700
12662,h2d,1229600,double,153700
12663,h2d,1229600,double,153700
12664,h2d,1229600,double,153700
12665,h2d,1229600,double,153700
12666,h2d,1229600,double,153700
12667,h2d,1229600,double,153700
12668,h2d,1229600,double,153700
12669,h2d,1229600,double,153700
12670,h2d,1229600,double,153700
12671,h2d,1229600,double,153700
12672,h2d,1229600,double,153700
12673,d2h,2048,double,256
12674,h2d,1229600,double,153700
12675,h2d,1229600,double,153700
12676,h2d,1229600,double,153700
12677,h2d,1229600,double,153700
12678,h2d,1229600,double,153700
12679,h2d,1229600,double,153700
12680,h2d,1229600,double,153700
12681,h2d,1229600,double,153700
12682,h2d,1229600,double,153700
12683,h2d,1229600,double,153700
12684,h2d,1229600,double,153700
12685,h2d,1229600,double,153700
12686,h2d,1229600,double,153700
12687,h2d,1229600,double,153700
12688,h2d,1229600,double,153700
12689,h2d,1229600,double,153700
12690,h2d,1229600,double,153700
12691,h2d,1229600,double,153700
12692,h2d,1229600,double,153700
12693,h2d,1229600,double,153700
12694,h2d,1229600,double,153700
12695,h2d,1229600,double,153700
12696,h2d,1229600,double,153700
12697,h2d,1229600,double,153700
12698,d2h,2048,double,256
12699,h2d,1229600,double,153700
12700,h2d,1229600,double,153700
12701,h2d,1229600,double,153700
12702,h2d,1229600,double,153700
12703,h2d,1229600,double,153700
12704,h2d,1229600,double,153700
12705,h2d,1229600,double,153700
12706,h2d,1229600,double,153700
12707,h2d,1229600,double,153700
12708,h2d,1229600,double,153700
12709,h2d,1229600,double,153700
12710,h2d,1229600,double,153700
12711,h2d,1229600,double,153700
12712,h2d,1229600,double,153700
12713,h2d,1229600,double,153700
12714,h2d,1229600,double,153700
12715,h2d,1229600,double,153700
12716,h2d,1229600,double,153700
12717,h2d,1229600,double,153700
12718,h2d,1229600,double,153700
12719,h2d,1229600,double,153700
12720,h2d,1229600,double,153700
12721,h2d,1229600,double,153700
12722,h2d,1229600,double,153700
12723,d2h,2048,double,256
12724,h2d,1229600,double,153700
12725,h2d,1229600,double,153700
12726,h2d,1229600,double,153700
12727,h2d,1229600,double,153700
12728,h2d,1229600,double,153700
12729,h2d,1229600,double,153700
12730,h2d,1229600,double,153700
12731,h2d,1229600,double,153700
12732,h2d,1229600,double,153700
12733,h2d,1229600,double,153700
12734,h2d,1229600,double,153700
12735,h2d,1229600,double,153700
12736,h2d,1229600,double,153700
12737,h2d,1229600,double,153700
12738,h2d,1229600,double,153700
12739,h2d,1229600,double,153700
12740,h2d,1229600,double,153700
12741,h2d,1229600,double,153700
12742,h2d,1229600,double,153700
12743,h2d,1229600,double,153700
12744,h2d,1229600,double,153700
12745,h2d,1229600,double,153700
12746,h2d,1229600,double,153700
12747,h2d,1229600,double,153700
12748,d2h,2048,double,256
12749,h2d,1229600,double,153700
12750,h2d,1229600,double,153700
12751,h2d,1229600,double,153700
12752,h2d,1229600,double,153700
12753,h2d,1229600,double,153700
12754,h2d,1229600,double,153700
12755,h2d,1229600,double,153700
12756,h2d,1229600,double,153700
12757,h2d,1229600,double,153700
12758,h2d,1229600,double,153700
12759,h2d,1229600,double,153700
12760,h2d,1229600,double,153700
12761,h2d,1229600,double,153700
12762,h2d,1229600,double,153700
12763,h2d,1229600,double,153700
12764,h2d,1229600,double,153700
12765,d2h,2048,double,256
12766,d2h,2048,double,256
12767,d2h,2048,double,256
12768,d2h,2048,double,256
12769,d2h,2048,double,256
12770,h2d,1229600,double,153700
12771,h2d,1229600,double,153700
12772,h2d,1229600,double,153700
12773,h2d,1229600,double,153700
12774,h2d,1229600,double,153700
12775,h2d,1229600,double,153700
12776,h2d,1229600,double,153700
12777,h2d,1229600,double,153700
12778,d2h,2048,double,256
12779,h2d,1229600,double,153700
12780,h2d,1229600,double,153700
12781,h2d,1229600,double,153700
12782,h2d,1229600,double,153700
12783,h2d,1229600,double,153700
12784,h2d,1229600,double,153700
12785,h2d,1229600,double,153700
12786,h2d,1229600,double,153700
12787,h2d,1229600,double,153700
12788,h2d,1229600,double,153700
12789,h2d,1229600,double,153700
12790,h2d,1229600,double,153700
12791,h2d,1229600,double,153700
12792,h2d,1229600,double,153700
12793,h2d,1229600,double,153700
12794,h2d,1229600,double,153700
12795,h2d,1229600,double,153700
12796,h2d,1229600,double,153700
12797,h2d,1229600,double,153700
12798,h2d,1229600,double,153700
12799,h2d,1229600,double,153700
12800,h2d,1229600,double,153700
12801,h2d,1229600,double,153700
12802,h2d,1229600,double,153700
12803,d2h,2048,double,256
12804,h2d,1229600,double,153700
12805,h2d,1229600,double,153700
12806,h2d,1229600,double,153700
12807,h2d,1229600,double,153700
12808,h2d,1229600,double,153700
12809,h2d,1229600,double,153700
12810,h2d,1229600,double,153700
12811,h2d,1229600,double,153700
12812,h2d,1229600,double,153700
12813,h2d,1229600,double,153700
12814,h2d,1229600,double,153700
12815,h2d,1229600,double,153700
12816,h2d,1229600,double,153700
12817,h2d,1229600,double,153700
12818,h2d,1229600,double,153700
12819,h2d,1229600,double,153700
12820,h2d,1229600,double,153700
12821,h2d,1229600,double,153700
12822,h2d,1229600,double,153700
12823,h2d,1229600,double,153700
12824,h2d,1229600,double,153700
12825,h2d,1229600,double,153700
12826,h2d,1229600,double,153700
12827,h2d,1229600,double,153700
12828,d2h,2048,double,256
12829,h2d,1229600,double,153700
12830,h2d,1229600,double,153700
12831,h2d,1229600,double,153700
12832,h2d,1229600,double,153700
12833,h2d,1229600,double,153700
12834,h2d,1229600,double,153700
12835,h2d,1229600,double,153700
12836,h2d,1229600,double,153700
12837,h2d,1229600,double,153700
12838,h2d,1229600,double,153700
12839,h2d,1229600,double,153700
12840,h2d,1229600,double,153700
12841,h2d,1229600,double,153700
12842,h2d,1229600,double,153700
12843,h2d,1229600,double,153700
12844,h2d,1229600,double,153700
12845,h2d,1229600,double,153700
12846,h2d,1229600,double,153700
12847,h2d,1229600,double,153700
12848,h2d,1229600,double,153700
12849,h2d,1229600,double,153700
12850,h2d,1229600,double,153700
12851,h2d,1229600,double,153700
12852,h2d,1229600,double,153700
12853,d2h,2048,double,256
12854,h2d,1229600,double,153700
12855,h2d,1229600,double,153700
12856,h2d,1229600,double,153700
12857,h2d,1229600,double,153700
12858,h2d,1229600,double,153700
12859,h2d,1229600,double,153700
12860,h2d,1229600,double,153700
12861,h2d,1229600,double,153700
12862,h2d,1229600,double,153700
12863,h2d,1229600,double,153700
12864,h2d,1229600,double,153700
12865,h2d,1229600,double,153700
12866,h2d,1229600,double,153700
12867,h2d,1229600,double,153700
12868,h2d,1229600,double,153700
12869,h2d,1229600,double,153700
12870,h2d,1229600,double,153700
12871,h2d,1229600,double,153700
12872,h2d,1229600,double,153700
12873,h2d,1229600,double,153700
12874,h2d,1229600,double,153700
12875,h2d,1229600,double,153700
12876,h2d,1229600,double,153700
12877,h2d,1229600,double,153700
12878,d2h,2048,double,256
12879,h2d,1229600,double,153700
12880,h2d,1229600,double,153700
12881,h2d,1229600,double,153700
12882,h2d,1229600,double,153700
12883,h2d,1229600,double,153700
12884,h2d,1229600,double,153700
12885,h2d,1229600,double,153700
12886,h2d,1229600,double,153700
12887,h2d,1229600,double,153700
12888,h2d,1229600,double,153700
12889,h2d,1229600,double,153700
12890,h2d,1229600,double,153700
12891,h2d,1229600,double,153700
12892,h2d,1229600,double,153700
12893,h2d,1229600,double,153700
12894,h2d,1229600,double,153700
12895,h2d,1229600,double,153700
12896,h2d,1229600,double,153700
12897,h2d,1229600,double,153700
12898,h2d,1229600,double,153700
12899,h2d,1229600,double,153700
12900,h2d,1229600,double,153700
12901,h2d,1229600,double,153700
12902,h2d,1229600,double,153700
12903,d2h,2048,double,256
12904,h2d,1229600,double,153700
12905,h2d,1229600,double,153700
12906,h2d,1229600,double,153700
12907,h2d,1229600,double,153700
12908,h2d,1229600,double,153700
12909,h2d,1229600,double,153700
12910,h2d,1229600,double,153700
12911,h2d,1229600,double,153700
12912,h2d,1229600,double,153700
12913,h2d,1229600,double,153700
12914,h2d,1229600,double,153700
12915,h2d,1229600,double,153700
12916,h2d,1229600,double,153700
12917,h2d,1229600,double,153700
12918,h2d,1229600,double,153700
12919,h2d,1229600,double,153700
12920,h2d,1229600,double,153700
12921,h2d,1229600,double,153700
12922,h2d,1229600,double,153700
12923,h2d,1229600,double,153700
12924,h2d,1229600,double,153700
12925,h2d,1229600,double,153700
12926,h2d,1229600,double,153700
12927,h2d,1229600,double,153700
12928,d2h,2048,double,256
12929,h2d,1229600,double,153700
12930,h2d,1229600,double,153700
12931,h2d,1229600,double,153700
12932,h2d,1229600,double,153700
12933,h2d,1229600,double,153700
12934,h2d,1229600,double,153700
12935,h2d,1229600,double,153700
12936,h2d,1229600,double,153700
12937,h2d,1229600,double,153700
12938,h2d,1229600,double,153700
12939,h2d,1229600,double,153700
12940,h2d,1229600,double,153700
12941,h2d,1229600,double,153700
12942,h2d,1229600,double,153700
12943,h2d,1229600,double,153700
12944,h2d,1229600,double,153700
12945,h2d,1229600,double,153700
12946,h2d,1229600,double,153700
12947,h2d,1229600,double,153700
12948,h2d,1229600,double,153700
12949,h2d,1229600,double,153700
12950,h2d,1229600,double,153700
12951,h2d,1229600,double,153700
12952,h2d,1229600,double,153700
12953,d2h,2048,double,256
12954,h2d,1229600,double,153700
12955,h2d,1229600,double,153700
12956,h2d,1229600,double,153700
12957,h2d,1229600,double,153700
12958,h2d,1229600,double,153700
12959,h2d,1229600,double,153700
12960,h2d,1229600,double,153700
12961,h2d,1229600,double,153700
12962,h2d,1229600,double,153700
12963,h2d,1229600,double,153700
12964,h2d,1229600,double,153700
12965,h2d,1229600,double,153700
12966,h2d,1229600,double,153700
12967,h2d,1229600,double,153700
12968,h2d,1229600,double,153700
12969,h2d,1229600,double,153700
12970,h2d,1229600,double,153700
12971,h2d,1229600,double,153700
12972,h2d,1229600,double,153700
12973,h2d,1229600,double,153700
12974,h2d,1229600,double,153700
12975,h2d,1229600,double,153700
12976,h2d,1229600,double,153700
12977,h2d,1229600,double,153700
12978,d2h,2048,double,256
12979,h2d,1229600,double,153700
12980,h2d,1229600,double,153700
12981,h2d,1229600,double,153700
12982,h2d,1229600,double,153700
12983,h2d,1229600,double,153700
12984,h2d,1229600,double,153700
12985,h2d,1229600,double,153700
12986,h2d,1229600,double,153700
12987,h2d,1229600,double,153700
12988,h2d,1229600,double,153700
12989,h2d,1229600,double,153700
12990,h2d,1229600,double,153700
12991,h2d,1229600,double,153700
12992,h2d,1229600,double,153700
12993,h2d,1229600,double,153700
12994,h2d,1229600,double,153700
12995,h2d,1229600,double,153700
12996,h2d,1229600,double,153700
12997,h2d,1229600,double,153700
12998,h2d,1229600,double,153700
12999,h2d,1229600,double,153700
13000,h2d,1229600,double,153700
13001,h2d,1229600,double,153700
13002,h2d,1229600,double,153700
13003,d2h,2048,double,256
13004,h2d,1229600,double,153700
13005,h2d,1229600,double,153700
13006,h2d,1229600,double,153700
13007,h2d,1229600,double,153700
13008,h2d,1229600,double,153700
13009,h2d,1229600,double,153700
13010,h2d,1229600,double,153700
13011,h2d,1229600,double,153700
13012,h2d,1229600,double,153700
13013,h2d,1229600,double,153700
13014,h2d,1229600,double,153700
13015,h2d,1229600,double,153700
13016,h2d,1229600,double,153700
13017,h2d,1229600,double,153700
13018,h2d,1229600,double,153700
13019,h2d,1229600,double,153700
13020,d2h,2048,double,256
13021,d2h,2048,double,256
13022,d2h,2048,double,256
13023,d2h,2048,double,256
13024,d2h,2048,double,256
13025,h2d,1229600,double,153700
13026,h2d,1229600,double,153700
13027,h2d,1229600,double,153700
13028,h2d,1229600,double,153700
13029,h2d,1229600,double,153700
13030,h2d,1229600,double,153700
13031,h2d,1229600,double,153700
13032,h2d,1229600,double,153700
13033,d2h,2048,double,256
13034,h2d,1229600,double,153700
13035,h2d,1229600,double,153700
13036,h2d,1229600,double,153700
13037,h2d,1229600,double,153700
13038,h2d,1229600,double,153700
13039,h2d,1229600,double,153700
13040,h2d,1229600,double,153700
13041,h2d,1229600,double,153700
13042,h2d,1229600,double,153700
13043,h2d,1229600,double,153700
13044,h2d,1229600,double,153700
13045,h2d,1229600,double,153700
13046,h2d,1229600,double,153700
13047,h2d,1229600,double,153700
13048,h2d,1229600,double,153700
13049,h2d,1229600,double,153700
13050,h2d,1229600,double,153700
13051,h2d,1229600,double,153700
13052,h2d,1229600,double,153700
13053,h2d,1229600,double,153700
13054,h2d,1229600,double,153700
13055,h2d,1229600,double,153700
13056,h2d,1229600,double,153700
13057,h2d,1229600,double,153700
13058,d2h,2048,double,256
13059,h2d,1229600,double,153700
13060,h2d,1229600,double,153700
13061,h2d,1229600,double,153700
13062,h2d,1229600,double,153700
13063,h2d,1229600,double,153700
13064,h2d,1229600,double,153700
13065,h2d,1229600,double,153700
13066,h2d,1229600,double,153700
13067,h2d,1229600,double,153700
13068,h2d,1229600,double,153700
13069,h2d,1229600,double,153700
13070,h2d,1229600,double,153700
13071,h2d,1229600,double,153700
13072,h2d,1229600,double,153700
13073,h2d,1229600,double,153700
13074,h2d,1229600,double,153700
13075,h2d,1229600,double,153700
13076,h2d,1229600,double,153700
13077,h2d,1229600,double,153700
13078,h2d,1229600,double,153700
13079,h2d,1229600,double,153700
13080,h2d,1229600,double,153700
13081,h2d,1229600,double,153700
13082,h2d,1229600,double,153700
13083,d2h,2048,double,256
13084,h2d,1229600,double,153700
13085,h2d,1229600,double,153700
13086,h2d,1229600,double,153700
13087,h2d,1229600,double,153700
13088,h2d,1229600,double,153700
13089,h2d,1229600,double,153700
13090,h2d,1229600,double,153700
13091,h2d,1229600,double,153700
13092,h2d,1229600,double,153700
13093,h2d,1229600,double,153700
13094,h2d,1229600,double,153700
13095,h2d,1229600,double,153700
13096,h2d,1229600,double,153700
13097,h2d,1229600,double,153700
13098,h2d,1229600,double,153700
13099,h2d,1229600,double,153700
13100,h2d,1229600,double,153700
13101,h2d,1229600,double,153700
13102,h2d,1229600,double,153700
13103,h2d,1229600,double,153700
13104,h2d,1229600,double,153700
13105,h2d,1229600,double,153700
13106,h2d,1229600,double,153700
13107,h2d,1229600,double,153700
13108,d2h,2048,double,256
13109,h2d,1229600,double,153700
13110,h2d,1229600,double,153700
13111,h2d,1229600,double,153700
13112,h2d,1229600,double,153700
13113,h2d,1229600,double,153700
13114,h2d,1229600,double,153700
13115,h2d,1229600,double,153700
13116,h2d,1229600,double,153700
13117,h2d,1229600,double,153700
13118,h2d,1229600,double,153700
13119,h2d,1229600,double,153700
13120,h2d,1229600,double,153700
13121,h2d,1229600,double,153700
13122,h2d,1229600,double,153700
13123,h2d,1229600,double,153700
13124,h2d,1229600,double,153700
13125,h2d,1229600,double,153700
13126,h2d,1229600,double,153700
13127,h2d,1229600,double,153700
13128,h2d,1229600,double,153700
13129,h2d,1229600,double,153700
13130,h2d,1229600,double,153700
13131,h2d,1229600,double,153700
13132,h2d,1229600,double,153700
13133,d2h,2048,double,256
13134,h2d,1229600,double,153700
13135,h2d,1229600,double,153700
13136,h2d,1229600,double,153700
13137,h2d,1229600,double,153700
13138,h2d,1229600,double,153700
13139,h2d,1229600,double,153700
13140,h2d,1229600,double,153700
13141,h2d,1229600,double,153700
13142,h2d,1229600,double,153700
13143,h2d,1229600,double,153700
13144,h2d,1229600,double,153700
13145,h2d,1229600,double,153700
13146,h2d,1229600,double,153700
13147,h2d,1229600,double,153700
13148,h2d,1229600,double,153700
13149,h2d,1229600,double,153700
13150,h2d,1229600,double,153700
13151,h2d,1229600,double,153700
13152,h2d,1229600,double,153700
13153,h2d,1229600,double,153700
13154,h2d,1229600,double,153700
13155,h2d,1229600,double,153700
13156,h2d,1229600,double,153700
13157,h2d,1229600,double,153700
13158,d2h,2048,double,256
13159,h2d,1229600,double,153700
13160,h2d,1229600,double,153700
13161,h2d,1229600,double,153700
13162,h2d,1229600,double,153700
13163,h2d,1229600,double,153700
13164,h2d,1229600,double,153700
13165,h2d,1229600,double,153700
13166,h2d,1229600,double,153700
13167,h2d,1229600,double,153700
13168,h2d,1229600,double,153700
13169,h2d,1229600,double,153700
13170,h2d,1229600,double,153700
13171,h2d,1229600,double,153700
13172,h2d,1229600,double,153700
13173,h2d,1229600,double,153700
13174,h2d,1229600,double,153700
13175,h2d,1229600,double,153700
13176,h2d,1229600,double,153700
13177,h2d,1229600,double,153700
13178,h2d,1229600,double,153700
13179,h2d,1229600,double,153700
13180,h2d,1229600,double,153700
13181,h2d,1229600,double,153700
13182,h2d,1229600,double,153700
13183,d2h,2048,double,256
13184,h2d,1229600,double,153700
13185,h2d,1229600,double,153700
13186,h2d,1229600,double,153700
13187,h2d,1229600,double,153700
13188,h2d,1229600,double,153700
13189,h2d,1229600,double,153700
13190,h2d,1229600,double,153700
13191,h2d,1229600,double,153700
13192,h2d,1229600,double,153700
13193,h2d,1229600,double,153700
13194,h2d,1229600,double,153700
13195,h2d,1229600,double,153700
13196,h2d,1229600,double,153700
13197,h2d,1229600,double,153700
13198,h2d,1229600,double,153700
13199,h2d,1229600,double,153700
13200,h2d,1229600,double,153700
13201,h2d,1229600,double,153700
13202,h2d,1229600,double,153700
13203,h2d,1229600,double,153700
13204,h2d,1229600,double,153700
13205,h2d,1229600,double,153700
13206,h2d,1229600,double,153700
13207,h2d,1229600,double,153700
13208,d2h,2048,double,256
13209,h2d,1229600,double,153700
13210,h2d,1229600,double,153700
13211,h2d,1229600,double,153700
13212,h2d,1229600,double,153700
13213,h2d,1229600,double,153700
13214,h2d,1229600,double,153700
13215,h2d,1229600,double,153700
13216,h2d,1229600,double,153700
13217,h2d,1229600,double,153700
13218,h2d,1229600,double,153700
13219,h2d,1229600,double,153700
13220,h2d,1229600,double,153700
13221,h2d,1229600,double,153700
13222,h2d,1229600,double,153700
13223,h2d,1229600,double,153700
13224,h2d,1229600,double,153700
13225,h2d,1229600,double,153700
13226,h2d,1229600,double,153700
13227,h2d,1229600,double,153700
13228,h2d,1229600,double,153700
13229,h2d,1229600,double,153700
13230,h2d,1229600,double,153700
13231,h2d,1229600,double,153700
13232,h2d,1229600,double,153700
13233,d2h,2048,double,256
13234,h2d,1229600,double,153700
13235,h2d,1229600,double,153700
13236,h2d,1229600,double,153700
13237,h2d,1229600,double,153700
13238,h2d,1229600,double,153700
13239,h2d,1229600,double,153700
13240,h2d,1229600,double,153700
13241,h2d,1229600,double,153700
13242,h2d,1229600,double,153700
13243,h2d,1229600,double,153700
13244,h2d,1229600,double,153700
13245,h2d,1229600,double,153700
13246,h2d,1229600,double,153700
13247,h2d,1229600,double,153700
13248,h2d,1229600,double,153700
13249,h2d,1229600,double,153700
13250,h2d,1229600,double,153700
13251,h2d,1229600,double,153700
13252,h2d,1229600,double,153700
13253,h2d,1229600,double,153700
13254,h2d,1229600,double,153700
13255,h2d,1229600,double,153700
13256,h2d,1229600,double,153700
13257,h2d,1229600,double,153700
13258,d2h,2048,double,256
13259,h2d,1229600,double,153700
13260,h2d,1229600,double,153700
13261,h2d,1229600,double,153700
13262,h2d,1229600,double,153700
13263,h2d,1229600,double,153700
13264,h2d,1229600,double,153700
13265,h2d,1229600,double,153700
13266,h2d,1229600,double,153700
13267,h2d,1229600,double,153700
13268,h2d,1229600,double,153700
13269,h2d,1229600,double,153700
13270,h2d,1229600,double,153700
13271,h2d,1229600,double,153700
13272,h2d,1229600,double,153700
13273,h2d,1229600,double,153700
13274,h2d,1229600,double,153700
13275,d2h,2048,double,256
13276,d2h,2048,double,256
13277,d2h,2048,double,256
13278,d2h,2048,double,256
13279,d2h,2048,double,256
13280,h2d,1229600,double,153700
13281,h2d,1229600,double,153700
13282,h2d,1229600,double,153700
13283,h2d,1229600,double,153700
13284,h2d,1229600,double,153700
13285,h2d,1229600,double,153700
13286,h2d,1229600,double,153700
13287,h2d,1229600,double,153700
13288,d2h,2048,double,256
13289,h2d,1229600,double,153700
13290,h2d,1229600,double,153700
13291,h2d,1229600,double,153700
13292,h2d,1229600,double,153700
13293,h2d,1229600,double,153700
13294,h2d,1229600,double,153700
13295,h2d,1229600,double,153700
13296,h2d,1229600,double,153700
13297,h2d,1229600,double,153700
13298,h2d,1229600,double,153700
13299,h2d,1229600,double,153700
13300,h2d,1229600,double,153700
13301,h2d,1229600,double,153700
13302,h2d,1229600,double,153700
13303,h2d,1229600,double,153700
13304,h2d,1229600,double,153700
13305,h2d,1229600,double,153700
13306,h2d,1229600,double,153700
13307,h2d,1229600,double,153700
13308,h2d,1229600,double,153700
13309,h2d,1229600,double,153700
13310,h2d,1229600,double,153700
13311,h2d,1229600,double,153700
13312,h2d,1229600,double,153700
13313,d2h,2048,double,256
13314,h2d,1229600,double,153700
13315,h2d,1229600,double,153700
13316,h2d,1229600,double,153700
13317,h2d,1229600,double,153700
13318,h2d,1229600,double,153700
13319,h2d,1229600,double,153700
13320,h2d,1229600,double,153700
13321,h2d,1229600,double,153700
13322,h2d,1229600,double,153700
13323,h2d,1229600,double,153700
13324,h2d,1229600,double,153700
13325,h2d,1229600,double,153700
13326,h2d,1229600,double,153700
13327,h2d,1229600,double,153700
13328,h2d,1229600,double,153700
13329,h2d,1229600,double,153700
13330,h2d,1229600,double,153700
13331,h2d,1229600,double,153700
13332,h2d,1229600,double,153700
13333,h2d,1229600,double,153700
13334,h2d,1229600,double,153700
13335,h2d,1229600,double,153700
13336,h2d,1229600,double,153700
13337,h2d,1229600,double,153700
13338,d2h,2048,double,256
13339,h2d,1229600,double,153700
13340,h2d,1229600,double,153700
13341,h2d,1229600,double,153700
13342,h2d,1229600,double,153700
13343,h2d,1229600,double,153700
13344,h2d,1229600,double,153700
13345,h2d,1229600,double,153700
13346,h2d,1229600,double,153700
13347,h2d,1229600,double,153700
13348,h2d,1229600,double,153700
13349,h2d,1229600,double,153700
13350,h2d,1229600,double,153700
13351,h2d,1229600,double,153700
13352,h2d,1229600,double,153700
13353,h2d,1229600,double,153700
13354,h2d,1229600,double,153700
13355,h2d,1229600,double,153700
13356,h2d,1229600,double,153700
13357,h2d,1229600,double,153700
13358,h2d,1229600,double,153700
13359,h2d,1229600,double,153700
13360,h2d,1229600,double,153700
13361,h2d,1229600,double,153700
13362,h2d,1229600,double,153700
13363,d2h,2048,double,256
13364,h2d,1229600,double,153700
13365,h2d,1229600,double,153700
13366,h2d,1229600,double,153700
13367,h2d,1229600,double,153700
13368,h2d,1229600,double,153700
13369,h2d,1229600,double,153700
13370,h2d,1229600,double,153700
13371,h2d,1229600,double,153700
13372,h2d,1229600,double,153700
13373,h2d,1229600,double,153700
13374,h2d,1229600,double,153700
13375,h2d,1229600,double,153700
13376,h2d,1229600,double,153700
13377,h2d,1229600,double,153700
13378,h2d,1229600,double,153700
13379,h2d,1229600,double,153700
13380,h2d,1229600,double,153700
13381,h2d,1229600,double,153700
13382,h2d,1229600,double,153700
13383,h2d,1229600,double,153700
13384,h2d,1229600,double,153700
13385,h2d,1229600,double,153700
13386,h2d,1229600,double,153700
13387,h2d,1229600,double,153700
13388,d2h,2048,double,256
13389,h2d,1229600,double,153700
13390,h2d,1229600,double,153700
13391,h2d,1229600,double,153700
13392,h2d,1229600,double,153700
13393,h2d,1229600,double,153700
13394,h2d,1229600,double,153700
13395,h2d,1229600,double,153700
13396,h2d,1229600,double,153700
13397,h2d,1229600,double,153700
13398,h2d,1229600,double,153700
13399,h2d,1229600,double,153700
13400,h2d,1229600,double,153700
13401,h2d,1229600,double,153700
13402,h2d,1229600,double,153700
13403,h2d,1229600,double,153700
13404,h2d,1229600,double,153700
13405,h2d,1229600,double,153700
13406,h2d,1229600,double,153700
13407,h2d,1229600,double,153700
13408,h2d,1229600,double,153700
13409,h2d,1229600,double,153700
13410,h2d,1229600,double,153700
13411,h2d,1229600,double,153700
13412,h2d,1229600,double,153700
13413,d2h,2048,double,256
13414,h2d,1229600,double,153700
13415,h2d,1229600,double,153700
13416,h2d,1229600,double,153700
13417,h2d,1229600,double,153700
13418,h2d,1229600,double,153700
13419,h2d,1229600,double,153700
13420,h2d,1229600,double,153700
13421,h2d,1229600,double,153700
13422,h2d,1229600,double,153700
13423,h2d,1229600,double,153700
13424,h2d,1229600,double,153700
13425,h2d,1229600,double,153700
13426,h2d,1229600,double,153700
13427,h2d,1229600,double,153700
13428,h2d,1229600,double,153700
13429,h2d,1229600,double,153700
13430,h2d,1229600,double,153700
13431,h2d,1229600,double,153700
13432,h2d,1229600,double,153700
13433,h2d,1229600,double,153700
13434,h2d,1229600,double,153700
13435,h2d,1229600,double,153700
13436,h2d,1229600,double,153700
13437,h2d,1229600,double,153700
13438,d2h,2048,double,256
13439,h2d,1229600,double,153700
13440,h2d,1229600,double,153700
13441,h2d,1229600,double,153700
13442,h2d,1229600,double,153700
13443,h2d,1229600,double,153700
13444,h2d,1229600,double,153700
13445,h2d,1229600,double,153700
13446,h2d,1229600,double,153700
13447,h2d,1229600,double,153700
13448,h2d,1229600,double,153700
13449,h2d,1229600,double,153700
13450,h2d,1229600,double,153700
13451,h2d,1229600,double,153700
13452,h2d,1229600,double,153700
13453,h2d,1229600,double,153700
13454,h2d,1229600,double,153700
13455,h2d,1229600,double,153700
13456,h2d,1229600,double,153700
13457,h2d,1229600,double,153700
13458,h2d,1229600,double,153700
13459,h2d,1229600,double,153700
13460,h2d,1229600,double,153700
13461,h2d,1229600,double,153700
13462,h2d,1229600,double,153700
13463,d2h,2048,double,256
13464,h2d,1229600,double,153700
13465,h2d,1229600,double,153700
13466,h2d,1229600,double,153700
13467,h2d,1229600,double,153700
13468,h2d,1229600,double,153700
13469,h2d,1229600,double,153700
13470,h2d,1229600,double,153700
13471,h2d,1229600,double,153700
13472,h2d,1229600,double,153700
13473,h2d,1229600,double,153700
13474,h2d,1229600,double,153700
13475,h2d,1229600,double,153700
13476,h2d,1229600,double,153700
13477,h2d,1229600,double,153700
13478,h2d,1229600,double,153700
13479,h2d,1229600,double,153700
13480,h2d,1229600,double,153700
13481,h2d,1229600,double,153700
13482,h2d,1229600,double,153700
13483,h2d,1229600,double,153700
13484,h2d,1229600,double,153700
13485,h2d,1229600,double,153700
13486,h2d,1229600,double,153700
13487,h2d,1229600,double,153700
13488,d2h,2048,double,256
13489,h2d,1229600,double,153700
13490,h2d,1229600,double,153700
13491,h2d,1229600,double,153700
13492,h2d,1229600,double,153700
13493,h2d,1229600,double,153700
13494,h2d,1229600,double,153700
13495,h2d,1229600,double,153700
13496,h2d,1229600,double,153700
13497,h2d,1229600,double,153700
13498,h2d,1229600,double,153700
13499,h2d,1229600,double,153700
13500,h2d,1229600,double,153700
13501,h2d,1229600,double,153700
13502,h2d,1229600,double,153700
13503,h2d,1229600,double,153700
13504,h2d,1229600,double,153700
13505,h2d,1229600,double,153700
13506,h2d,1229600,double,153700
13507,h2d,1229600,double,153700
13508,h2d,1229600,double,153700
13509,h2d,1229600,double,153700
13510,h2d,1229600,double,153700
13511,h2d,1229600,double,153700
13512,h2d,1229600,double,153700
13513,d2h,2048,double,256
13514,h2d,1229600,double,153700
13515,h2d,1229600,double,153700
13516,h2d,1229600,double,153700
13517,h2d,1229600,double,153700
13518,h2d,1229600,double,153700
13519,h2d,1229600,double,153700
13520,h2d,1229600,double,153700
13521,h2d,1229600,double,153700
13522,h2d,1229600,double,153700
13523,h2d,1229600,double,153700
13524,h2d,1229600,double,153700
13525,h2d,1229600,double,153700
13526,h2d,1229600,double,153700
13527,h2d,1229600,double,153700
13528,h2d,1229600,double,153700
13529,h2d,1229600,double,153700
13530,d2h,2048,double,256
13531,d2h,2048,double,256
13532,d2h,2048,double,256
13533,d2h,2048,double,256
13534,d2h,2048,double,256
13535,h2d,1229600,double,153700
13536,h2d,1229600,double,153700
13537,h2d,1229600,double,153700
13538,h2d,1229600,double,153700
13539,h2d,1229600,double,153700
13540,h2d,1229600,double,153700
13541,h2d,1229600,double,153700
13542,h2d,1229600,double,153700
13543,d2h,2048,double,256
13544,h2d,1229600,double,153700
13545,h2d,1229600,double,153700
13546,h2d,1229600,double,153700
13547,h2d,1229600,double,153700
13548,h2d,1229600,double,153700
13549,h2d,1229600,double,153700
13550,h2d,1229600,double,153700
13551,h2d,1229600,double,153700
13552,h2d,1229600,double,153700
13553,h2d,1229600,double,153700
13554,h2d,1229600,double,153700
13555,h2d,1229600,double,153700
13556,h2d,1229600,double,153700
13557,h2d,1229600,double,153700
13558,h2d,1229600,double,153700
13559,h2d,1229600,double,153700
13560,h2d,1229600,double,153700
13561,h2d,1229600,double,153700
13562,h2d,1229600,double,153700
13563,h2d,1229600,double,153700
13564,h2d,1229600,double,153700
13565,h2d,1229600,double,153700
13566,h2d,1229600,double,153700
13567,h2d,1229600,double,153700
13568,d2h,2048,double,256
13569,h2d,1229600,double,153700
13570,h2d,1229600,double,153700
13571,h2d,1229600,double,153700
13572,h2d,1229600,double,153700
13573,h2d,1229600,double,153700
13574,h2d,1229600,double,153700
13575,h2d,1229600,double,153700
13576,h2d,1229600,double,153700
13577,h2d,1229600,double,153700
13578,h2d,1229600,double,153700
13579,h2d,1229600,double,153700
13580,h2d,1229600,double,153700
13581,h2d,1229600,double,153700
13582,h2d,1229600,double,153700
13583,h2d,1229600,double,153700
13584,h2d,1229600,double,153700
13585,h2d,1229600,double,153700
13586,h2d,1229600,double,153700
13587,h2d,1229600,double,153700
13588,h2d,1229600,double,153700
13589,h2d,1229600,double,153700
13590,h2d,1229600,double,153700
13591,h2d,1229600,double,153700
13592,h2d,1229600,double,153700
13593,d2h,2048,double,256
13594,h2d,1229600,double,153700
13595,h2d,1229600,double,153700
13596,h2d,1229600,double,153700
13597,h2d,1229600,double,153700
13598,h2d,1229600,double,153700
13599,h2d,1229600,double,153700
13600,h2d,1229600,double,153700
13601,h2d,1229600,double,153700
13602,h2d,1229600,double,153700
13603,h2d,1229600,double,153700
13604,h2d,1229600,double,153700
13605,h2d,1229600,double,153700
13606,h2d,1229600,double,153700
13607,h2d,1229600,double,153700
13608,h2d,1229600,double,153700
13609,h2d,1229600,double,153700
13610,h2d,1229600,double,153700
13611,h2d,1229600,double,153700
13612,h2d,1229600,double,153700
13613,h2d,1229600,double,153700
13614,h2d,1229600,double,153700
13615,h2d,1229600,double,153700
13616,h2d,1229600,double,153700
13617,h2d,1229600,double,153700
13618,d2h,2048,double,256
13619,h2d,1229600,double,153700
13620,h2d,1229600,double,153700
13621,h2d,1229600,double,153700
13622,h2d,1229600,double,153700
13623,h2d,1229600,double,153700
13624,h2d,1229600,double,153700
13625,h2d,1229600,double,153700
13626,h2d,1229600,double,153700
13627,h2d,1229600,double,153700
13628,h2d,1229600,double,153700
13629,h2d,1229600,double,153700
13630,h2d,1229600,double,153700
13631,h2d,1229600,double,153700
13632,h2d,1229600,double,153700
13633,h2d,1229600,double,153700
13634,h2d,1229600,double,153700
13635,h2d,1229600,double,153700
13636,h2d,1229600,double,153700
13637,h2d,1229600,double,153700
13638,h2d,1229600,double,153700
13639,h2d,1229600,double,153700
13640,h2d,1229600,double,153700
13641,h2d,1229600,double,153700
13642,h2d,1229600,double,153700
13643,d2h,2048,double,256
13644,h2d,1229600,double,153700
13645,h2d,1229600,double,153700
13646,h2d,1229600,double,153700
13647,h2d,1229600,double,153700
13648,h2d,1229600,double,153700
13649,h2d,1229600,double,153700
13650,h2d,1229600,double,153700
13651,h2d,1229600,double,153700
13652,h2d,1229600,double,153700
13653,h2d,1229600,double,153700
13654,h2d,1229600,double,153700
13655,h2d,1229600,double,153700
13656,h2d,1229600,double,153700
13657,h2d,1229600,double,153700
13658,h2d,1229600,double,153700
13659,h2d,1229600,double,153700
13660,h2d,1229600,double,153700
13661,h2d,1229600,double,153700
13662,h2d,1229600,double,153700
13663,h2d,1229600,double,153700
13664,h2d,1229600,double,153700
13665,h2d,1229600,double,153700
13666,h2d,1229600,double,153700
13667,h2d,1229600,double,153700
13668,d2h,2048,double,256
13669,h2d,1229600,double,153700
13670,h2d,1229600,double,153700
13671,h2d,1229600,double,153700
13672,h2d,1229600,double,153700
13673,h2d,1229600,double,153700
13674,h2d,1229600,double,153700
13675,h2d,1229600,double,153700
13676,h2d,1229600,double,153700
13677,h2d,1229600,double,153700
13678,h2d,1229600,double,153700
13679,h2d,1229600,double,153700
13680,h2d,1229600,double,153700
13681,h2d,1229600,double,153700
13682,h2d,1229600,double,153700
13683,h2d,1229600,double,153700
13684,h2d,1229600,double,153700
13685,h2d,1229600,double,153700
13686,h2d,1229600,double,153700
13687,h2d,1229600,double,153700
13688,h2d,1229600,double,153700
13689,h2d,1229600,double,153700
13690,h2d,1229600,double,153700
13691,h2d,1229600,double,153700
13692,h2d,1229600,double,153700
13693,d2h,2048,double,256
13694,h2d,1229600,double,153700
13695,h2d,1229600,double,153700
13696,h2d,1229600,double,153700
13697,h2d,1229600,double,153700
13698,h2d,1229600,double,153700
13699,h2d,1229600,double,153700
13700,h2d,1229600,double,153700
13701,h2d,1229600,double,153700
13702,h2d,1229600,double,153700
13703,h2d,1229600,double,153700
13704,h2d,1229600,double,153700
13705,h2d,1229600,double,153700
13706,h2d,1229600,double,153700
13707,h2d,1229600,double,153700
13708,h2d,1229600,double,153700
13709,h2d,1229600,double,153700
13710,h2d,1229600,double,153700
13711,h2d,1229600,double,153700
13712,h2d,1229600,double,153700
13713,h2d,1229600,double,153700
13714,h2d,1229600,double,153700
13715,h2d,1229600,double,153700
13716,h2d,1229600,double,153700
13717,h2d,1229600,double,153700
13718,d2h,2048,double,256
13719,h2d,1229600,double,153700
13720,h2d,1229600,double,153700
13721,h2d,1229600,double,153700
13722,h2d,1229600,double,153700
13723,h2d,1229600,double,153700
13724,h2d,1229600,double,153700
13725,h2d,1229600,double,153700
13726,h2d,1229600,double,153700
13727,h2d,1229600,double,153700
13728,h2d,1229600,double,153700
13729,h2d,1229600,double,153700
13730,h2d,1229600,double,153700
13731,h2d,1229600,double,153700
13732,h2d,1229600,double,153700
13733,h2d,1229600,double,153700
13734,h2d,1229600,double,153700
13735,h2d,1229600,double,153700
13736,h2d,1229600,double,153700
13737,h2d,1229600,double,153700
13738,h2d,1229600,double,153700
13739,h2d,1229600,double,153700
13740,h2d,1229600,double,153700
13741,h2d,1229600,double,153700
13742,h2d,1229600,double,153700
13743,d2h,2048,double,256
13744,h2d,1229600,double,153700
13745,h2d,1229600,double,153700
13746,h2d,1229600,double,153700
13747,h2d,1229600,double,153700
13748,h2d,1229600,double,153700
13749,h2d,1229600,double,153700
13750,h2d,1229600,double,153700
13751,h2d,1229600,double,153700
13752,h2d,1229600,double,153700
13753,h2d,1229600,double,153700
13754,h2d,1229600,double,153700
13755,h2d,1229600,double,153700
13756,h2d,1229600,double,153700
13757,h2d,1229600,double,153700
13758,h2d,1229600,double,153700
13759,h2d,1229600,double,153700
13760,h2d,1229600,double,153700
13761,h2d,1229600,double,153700
13762,h2d,1229600,double,153700
13763,h2d,1229600,double,153700
13764,h2d,1229600,double,153700
13765,h2d,1229600,double,153700
13766,h2d,1229600,double,153700
13767,h2d,1229600,double,153700
13768,d2h,2048,double,256
13769,h2d,1229600,double,153700
13770,h2d,1229600,double,153700
13771,h2d,1229600,double,153700
13772,h2d,1229600,double,153700
13773,h2d,1229600,double,153700
13774,h2d,1229600,double,153700
13775,h2d,1229600,double,153700
13776,h2d,1229600,double,153700
13777,h2d,1229600,double,153700
13778,h2d,1229600,double,153700
13779,h2d,1229600,double,153700
13780,h2d,1229600,double,153700
13781,h2d,1229600,double,153700
13782,h2d,1229600,double,153700
13783,h2d,1229600,double,153700
13784,h2d,1229600,double,153700
13785,d2h,2048,double,256
13786,d2h,2048,double,256
13787,d2h,2048,double,256
13788,d2h,2048,double,256
13789,d2h,2048,double,256
13790,h2d,1229600,double,153700
13791,h2d,1229600,double,153700
13792,h2d,1229600,double,153700
13793,h2d,1229600,double,153700
13794,h2d,1229600,double,153700
13795,h2d,1229600,double,153700
13796,h2d,1229600,double,153700
13797,h2d,1229600,double,153700
13798,d2h,2048,double,256
13799,h2d,1229600,double,153700
13800,h2d,1229600,double,153700
13801,h2d,1229600,double,153700
13802,h2d,1229600,double,153700
13803,h2d,1229600,double,153700
13804,h2d,1229600,double,153700
13805,h2d,1229600,double,153700
13806,h2d,1229600,double,153700
13807,h2d,1229600,double,153700
13808,h2d,1229600,double,153700
13809,h2d,1229600,double,153700
13810,h2d,1229600,double,153700
13811,h2d,1229600,double,153700
13812,h2d,1229600,double,153700
13813,h2d,1229600,double,153700
13814,h2d,1229600,double,153700
13815,h2d,1229600,double,153700
13816,h2d,1229600,double,153700
13817,h2d,1229600,double,153700
13818,h2d,1229600,double,153700
13819,h2d,1229600,double,153700
13820,h2d,1229600,double,153700
13821,h2d,1229600,double,153700
13822,h2d,1229600,double,153700
13823,d2h,2048,double,256
13824,h2d,1229600,double,153700
13825,h2d,1229600,double,153700
13826,h2d,1229600,double,153700
13827,h2d,1229600,double,153700
13828,h2d,1229600,double,153700
13829,h2d,1229600,double,153700
13830,h2d,1229600,double,153700
13831,h2d,1229600,double,153700
13832,h2d,1229600,double,153700
13833,h2d,1229600,double,153700
13834,h2d,1229600,double,153700
13835,h2d,1229600,double,153700
13836,h2d,1229600,double,153700
13837,h2d,1229600,double,153700
13838,h2d,1229600,double,153700
13839,h2d,1229600,double,153700
13840,h2d,1229600,double,153700
13841,h2d,1229600,double,153700
13842,h2d,1229600,double,153700
13843,h2d,1229600,double,153700
13844,h2d,1229600,double,153700
13845,h2d,1229600,double,153700
13846,h2d,1229600,double,153700
13847,h2d,1229600,double,153700
13848,d2h,2048,double,256
13849,h2d,1229600,double,153700
13850,h2d,1229600,double,153700
13851,h2d,1229600,double,153700
13852,h2d,1229600,double,153700
13853,h2d,1229600,double,153700
13854,h2d,1229600,double,153700
13855,h2d,1229600,double,153700
13856,h2d,1229600,double,153700
13857,h2d,1229600,double,153700
13858,h2d,1229600,double,153700
13859,h2d,1229600,double,153700
13860,h2d,1229600,double,153700
13861,h2d,1229600,double,153700
13862,h2d,1229600,double,153700
13863,h2d,1229600,double,153700
13864,h2d,1229600,double,153700
13865,h2d,1229600,double,153700
13866,h2d,1229600,double,153700
13867,h2d,1229600,double,153700
13868,h2d,1229600,double,153700
13869,h2d,1229600,double,153700
13870,h2d,1229600,double,153700
13871,h2d,1229600,double,153700
13872,h2d,1229600,double,153700
13873,d2h,2048,double,256
13874,h2d,1229600,double,153700
13875,h2d,1229600,double,153700
13876,h2d,1229600,double,153700
13877,h2d,1229600,double,153700
13878,h2d,1229600,double,153700
13879,h2d,1229600,double,153700
13880,h2d,1229600,double,153700
13881,h2d,1229600,double,153700
13882,h2d,1229600,double,153700
13883,h2d,1229600,double,153700
13884,h2d,1229600,double,153700
13885,h2d,1229600,double,153700
13886,h2d,1229600,double,153700
13887,h2d,1229600,double,153700
13888,h2d,1229600,double,153700
13889,h2d,1229600,double,153700
13890,h2d,1229600,double,153700
13891,h2d,1229600,double,153700
13892,h2d,1229600,double,153700
13893,h2d,1229600,double,153700
13894,h2d,1229600,double,153700
13895,h2d,1229600,double,153700
13896,h2d,1229600,double,153700
13897,h2d,1229600,double,153700
13898,d2h,2048,double,256
13899,h2d,1229600,double,153700
13900,h2d,1229600,double,153700
13901,h2d,1229600,double,153700
13902,h2d,1229600,double,153700
13903,h2d,1229600,double,153700
13904,h2d,1229600,double,153700
13905,h2d,1229600,double,153700
13906,h2d,1229600,double,153700
13907,h2d,1229600,double,153700
13908,h2d,1229600,double,153700
13909,h2d,1229600,double,153700
13910,h2d,1229600,double,153700
13911,h2d,1229600,double,153700
13912,h2d,1229600,double,153700
13913,h2d,1229600,double,153700
13914,h2d,1229600,double,153700
13915,h2d,1229600,double,153700
13916,h2d,1229600,double,153700
13917,h2d,1229600,double,153700
13918,h2d,1229600,double,153700
13919,h2d,1229600,double,153700
13920,h2d,1229600,double,153700
13921,h2d,1229600,double,153700
13922,h2d,1229600,double,153700
13923,d2h,2048,double,256
13924,h2d,1229600,double,153700
13925,h2d,1229600,double,153700
13926,h2d,1229600,double,153700
13927,h2d,1229600,double,153700
13928,h2d,1229600,double,153700
13929,h2d,1229600,double,153700
13930,h2d,1229600,double,153700
13931,h2d,1229600,double,153700
13932,h2d,1229600,double,153700
13933,h2d,1229600,double,153700
13934,h2d,1229600,double,153700
13935,h2d,1229600,double,153700
13936,h2d,1229600,double,153700
13937,h2d,1229600,double,153700
13938,h2d,1229600,double,153700
13939,h2d,1229600,double,153700
13940,h2d,1229600,double,153700
13941,h2d,1229600,double,153700
13942,h2d,1229600,double,153700
13943,h2d,1229600,double,153700
13944,h2d,1229600,double,153700
13945,h2d,1229600,double,153700
13946,h2d,1229600,double,153700
13947,h2d,1229600,double,153700
13948,d2h,2048,double,256
13949,h2d,1229600,double,153700
13950,h2d,1229600,double,153700
13951,h2d,1229600,double,153700
13952,h2d,1229600,double,153700
13953,h2d,1229600,double,153700
13954,h2d,1229600,double,153700
13955,h2d,1229600,double,153700
13956,h2d,1229600,double,153700
13957,h2d,1229600,double,153700
13958,h2d,1229600,double,153700
13959,h2d,1229600,double,153700
13960,h2d,1229600,double,153700
13961,h2d,1229600,double,153700
13962,h2d,1229600,double,153700
13963,h2d,1229600,double,153700
13964,h2d,1229600,double,153700
13965,h2d,1229600,double,153700
13966,h2d,1229600,double,153700
13967,h2d,1229600,double,153700
13968,h2d,1229600,double,153700
13969,h2d,1229600,double,153700
13970,h2d,1229600,double,153700
13971,h2d,1229600,double,153700
13972,h2d,1229600,double,153700
13973,d2h,2048,double,256
13974,h2d,1229600,double,153700
13975,h2d,1229600,double,153700
13976,h2d,1229600,double,153700
13977,h2d,1229600,double,153700
13978,h2d,1229600,double,153700
13979,h2d,1229600,double,153700
13980,h2d,1229600,double,153700
13981,h2d,1229600,double,153700
13982,h2d,1229600,double,153700
13983,h2d,1229600,double,153700
13984,h2d,1229600,double,153700
13985,h2d,1229600,double,153700
13986,h2d,1229600,double,153700
13987,h2d,1229600,double,153700
13988,h2d,1229600,double,153700
13989,h2d,1229600,double,153700
13990,h2d,1229600,double,153700
13991,h2d,1229600,double,153700
13992,h2d,1229600,double,153700
13993,h2d,1229600,double,153700
13994,h2d,1229600,double,153700
13995,h2d,1229600,double,153700
13996,h2d,1229600,double,153700
13997,h2d,1229600,double,153700
13998,d2h,2048,double,256
13999,h2d,1229600,double,153700
14000,h2d,1229600,double,153700
14001,h2d,1229600,double,153700
14002,h2d,1229600,double,153700
14003,h2d,1229600,double,153700
14004,h2d,1229600,double,153700
14005,h2d,1229600,double,153700
14006,h2d,1229600,double,153700
14007,h2d,1229600,double,153700
14008,h2d,1229600,double,153700
14009,h2d,1229600,double,153700
14010,h2d,1229600,double,153700
14011,h2d,1229600,double,153700
14012,h2d,1229600,double,153700
14013,h2d,1229600,double,153700
14014,h2d,1229600,double,153700
14015,h2d,1229600,double,153700
14016,h2d,1229600,double,153700
14017,h2d,1229600,double,153700
14018,h2d,1229600,double,153700
14019,h2d,1229600,double,153700
14020,h2d,1229600,double,153700
14021,h2d,1229600,double,153700
14022,h2d,1229600,double,153700
14023,d2h,2048,double,256
14024,h2d,1229600,double,153700
14025,h2d,1229600,double,153700
14026,h2d,1229600,double,153700
14027,h2d,1229600,double,153700
14028,h2d,1229600,double,153700
14029,h2d,1229600,double,153700
14030,h2d,1229600,double,153700
14031,h2d,1229600,double,153700
14032,h2d,1229600,double,153700
14033,h2d,1229600,double,153700
14034,h2d,1229600,double,153700
14035,h2d,1229600,double,153700
14036,h2d,1229600,double,153700
14037,h2d,1229600,double,153700
14038,h2d,1229600,double,153700
14039,h2d,1229600,double,153700
14040,d2h,2048,double,256
14041,d2h,2048,double,256
14042,d2h,2048,double,256
14043,d2h,2048,double,256
14044,d2h,2048,double,256
14045,h2d,1229600,double,153700
14046,h2d,1229600,double,153700
14047,h2d,1229600,double,153700
14048,h2d,1229600,double,153700
14049,h2d,1229600,double,153700
14050,h2d,1229600,double,153700
14051,h2d,1229600,double,153700
14052,h2d,1229600,double,153700
14053,d2h,2048,double,256
14054,h2d,1229600,double,153700
14055,h2d,1229600,double,153700
14056,h2d,1229600,double,153700
14057,h2d,1229600,double,153700
14058,h2d,1229600,double,153700
14059,h2d,1229600,double,153700
14060,h2d,1229600,double,153700
14061,h2d,1229600,double,153700
14062,h2d,1229600,double,153700
14063,h2d,1229600,double,153700
14064,h2d,1229600,double,153700
14065,h2d,1229600,double,153700
14066,h2d,1229600,double,153700
14067,h2d,1229600,double,153700
14068,h2d,1229600,double,153700
14069,h2d,1229600,double,153700
14070,h2d,1229600,double,153700
14071,h2d,1229600,double,153700
14072,h2d,1229600,double,153700
14073,h2d,1229600,double,153700
14074,h2d,1229600,double,153700
14075,h2d,1229600,double,153700
14076,h2d,1229600,double,153700
14077,h2d,1229600,double,153700
14078,d2h,2048,double,256
14079,h2d,1229600,double,153700
14080,h2d,1229600,double,153700
14081,h2d,1229600,double,153700
14082,h2d,1229600,double,153700
14083,h2d,1229600,double,153700
14084,h2d,1229600,double,153700
14085,h2d,1229600,double,153700
14086,h2d,1229600,double,153700
14087,h2d,1229600,double,153700
14088,h2d,1229600,double,153700
14089,h2d,1229600,double,153700
14090,h2d,1229600,double,153700
14091,h2d,1229600,double,153700
14092,h2d,1229600,double,153700
14093,h2d,1229600,double,153700
14094,h2d,1229600,double,153700
14095,h2d,1229600,double,153700
14096,h2d,1229600,double,153700
14097,h2d,1229600,double,153700
14098,h2d,1229600,double,153700
14099,h2d,1229600,double,153700
14100,h2d,1229600,double,153700
14101,h2d,1229600,double,153700
14102,h2d,1229600,double,153700
14103,d2h,2048,double,256
14104,h2d,1229600,double,153700
14105,h2d,1229600,double,153700
14106,h2d,1229600,double,153700
14107,h2d,1229600,double,153700
14108,h2d,1229600,double,153700
14109,h2d,1229600,double,153700
14110,h2d,1229600,double,153700
14111,h2d,1229600,double,153700
14112,h2d,1229600,double,153700
14113,h2d,1229600,double,153700
14114,h2d,1229600,double,153700
14115,h2d,1229600,double,153700
14116,h2d,1229600,double,153700
14117,h2d,1229600,double,153700
14118,h2d,1229600,double,153700
14119,h2d,1229600,double,153700
14120,h2d,1229600,double,153700
14121,h2d,1229600,double,153700
14122,h2d,1229600,double,153700
14123,h2d,1229600,double,153700
14124,h2d,1229600,double,153700
14125,h2d,1229600,double,153700
14126,h2d,1229600,double,153700
14127,h2d,1229600,double,153700
14128,d2h,2048,double,256
14129,h2d,1229600,double,153700
14130,h2d,1229600,double,153700
14131,h2d,1229600,double,153700
14132,h2d,1229600,double,153700
14133,h2d,1229600,double,153700
14134,h2d,1229600,double,153700
14135,h2d,1229600,double,153700
14136,h2d,1229600,double,153700
14137,h2d,1229600,double,153700
14138,h2d,1229600,double,153700
14139,h2d,1229600,double,153700
14140,h2d,1229600,double,153700
14141,h2d,1229600,double,153700
14142,h2d,1229600,double,153700
14143,h2d,1229600,double,153700
14144,h2d,1229600,double,153700
14145,h2d,1229600,double,153700
14146,h2d,1229600,double,153700
14147,h2d,1229600,double,153700
14148,h2d,1229600,double,153700
14149,h2d,1229600,double,153700
14150,h2d,1229600,double,153700
14151,h2d,1229600,double,153700
14152,h2d,1229600,double,153700
14153,d2h,2048,double,256
14154,h2d,1229600,double,153700
14155,h2d,1229600,double,153700
14156,h2d,1229600,double,153700
14157,h2d,1229600,double,153700
14158,h2d,1229600,double,153700
14159,h2d,1229600,double,153700
14160,h2d,1229600,double,153700
14161,h2d,1229600,double,153700
14162,h2d,1229600,double,153700
14163,h2d,1229600,double,153700
14164,h2d,1229600,double,153700
14165,h2d,1229600,double,153700
14166,h2d,1229600,double,153700
14167,h2d,1229600,double,153700
14168,h2d,1229600,double,153700
14169,h2d,1229600,double,153700
14170,h2d,1229600,double,153700
14171,h2d,1229600,double,153700
14172,h2d,1229600,double,153700
14173,h2d,1229600,double,153700
14174,h2d,1229600,double,153700
14175,h2d,1229600,double,153700
14176,h2d,1229600,double,153700
14177,h2d,1229600,double,153700
14178,d2h,2048,double,256
14179,h2d,1229600,double,153700
14180,h2d,1229600,double,153700
14181,h2d,1229600,double,153700
14182,h2d,1229600,double,153700
14183,h2d,1229600,double,153700
14184,h2d,1229600,double,153700
14185,h2d,1229600,double,153700
14186,h2d,1229600,double,153700
14187,h2d,1229600,double,153700
14188,h2d,1229600,double,153700
14189,h2d,1229600,double,153700
14190,h2d,1229600,double,153700
14191,h2d,1229600,double,153700
14192,h2d,1229600,double,153700
14193,h2d,1229600,double,153700
14194,h2d,1229600,double,153700
14195,h2d,1229600,double,153700
14196,h2d,1229600,double,153700
14197,h2d,1229600,double,153700
14198,h2d,1229600,double,153700
14199,h2d,1229600,double,153700
14200,h2d,1229600,double,153700
14201,h2d,1229600,double,153700
14202,h2d,1229600,double,153700
14203,d2h,2048,double,256
14204,h2d,1229600,double,153700
14205,h2d,1229600,double,153700
14206,h2d,1229600,double,153700
14207,h2d,1229600,double,153700
14208,h2d,1229600,double,153700
14209,h2d,1229600,double,153700
14210,h2d,1229600,double,153700
14211,h2d,1229600,double,153700
14212,h2d,1229600,double,153700
14213,h2d,1229600,double,153700
14214,h2d,1229600,double,153700
14215,h2d,1229600,double,153700
14216,h2d,1229600,double,153700
14217,h2d,1229600,double,153700
14218,h2d,1229600,double,153700
14219,h2d,1229600,double,153700
14220,h2d,1229600,double,153700
14221,h2d,1229600,double,153700
14222,h2d,1229600,double,153700
14223,h2d,1229600,double,153700
14224,h2d,1229600,double,153700
14225,h2d,1229600,double,153700
14226,h2d,1229600,double,153700
14227,h2d,1229600,double,153700
14228,d2h,2048,double,256
14229,h2d,1229600,double,153700
14230,h2d,1229600,double,153700
14231,h2d,1229600,double,153700
14232,h2d,1229600,double,153700
14233,h2d,1229600,double,153700
14234,h2d,1229600,double,153700
14235,h2d,1229600,double,153700
14236,h2d,1229600,double,153700
14237,h2d,1229600,double,153700
14238,h2d,1229600,double,153700
14239,h2d,1229600,double,153700
14240,h2d,1229600,double,153700
14241,h2d,1229600,double,153700
14242,h2d,1229600,double,153700
14243,h2d,1229600,double,153700
14244,h2d,1229600,double,153700
14245,h2d,1229600,double,153700
14246,h2d,1229600,double,153700
14247,h2d,1229600,double,153700
14248,h2d,1229600,double,153700
14249,h2d,1229600,double,153700
14250,h2d,1229600,double,153700
14251,h2d,1229600,double,153700
14252,h2d,1229600,double,153700
14253,d2h,2048,double,256
14254,h2d,1229600,double,153700
14255,h2d,1229600,double,153700
14256,h2d,1229600,double,153700
14257,h2d,1229600,double,153700
14258,h2d,1229600,double,153700
14259,h2d,1229600,double,153700
14260,h2d,1229600,double,153700
14261,h2d,1229600,double,153700
14262,h2d,1229600,double,153700
14263,h2d,1229600,double,153700
14264,h2d,1229600,double,153700
14265,h2d,1229600,double,153700
14266,h2d,1229600,double,153700
14267,h2d,1229600,double,153700
14268,h2d,1229600,double,153700
14269,h2d,1229600,double,153700
14270,h2d,1229600,double,153700
14271,h2d,1229600,double,153700
14272,h2d,1229600,double,153700
14273,h2d,1229600,double,153700
14274,h2d,1229600,double,153700
14275,h2d,1229600,double,153700
14276,h2d,1229600,double,153700
14277,h2d,1229600,double,153700
14278,d2h,2048,double,256
14279,h2d,1229600,double,153700
14280,h2d,1229600,double,153700
14281,h2d,1229600,double,153700
14282,h2d,1229600,double,153700
14283,h2d,1229600,double,153700
14284,h2d,1229600,double,153700
14285,h2d,1229600,double,153700
14286,h2d,1229600,double,153700
14287,h2d,1229600,double,153700
14288,h2d,1229600,double,153700
14289,h2d,1229600,double,153700
14290,h2d,1229600,double,153700
14291,h2d,1229600,double,153700
14292,h2d,1229600,double,153700
14293,h2d,1229600,double,153700
14294,h2d,1229600,double,153700
14295,d2h,2048,double,256
14296,d2h,2048,double,256
14297,d2h,2048,double,256
14298,d2h,2048,double,256
14299,d2h,2048,double,256
14300,h2d,1229600,double,153700
14301,h2d,1229600,double,153700
14302,h2d,1229600,double,153700
14303,h2d,1229600,double,153700
14304,h2d,1229600,double,153700
14305,h2d,1229600,double,153700
14306,h2d,1229600,double,153700
14307,h2d,1229600,double,153700
14308,d2h,2048,double,256
14309,h2d,1229600,double,153700
14310,h2d,1229600,double,153700
14311,h2d,1229600,double,153700
14312,h2d,1229600,double,153700
14313,h2d,1229600,double,153700
14314,h2d,1229600,double,153700
14315,h2d,1229600,double,153700
14316,h2d,1229600,double,153700
14317,h2d,1229600,double,153700
14318,h2d,1229600,double,153700
14319,h2d,1229600,double,153700
14320,h2d,1229600,double,153700
14321,h2d,1229600,double,153700
14322,h2d,1229600,double,153700
14323,h2d,1229600,double,153700
14324,h2d,1229600,double,153700
14325,h2d,1229600,double,153700
14326,h2d,1229600,double,153700
14327,h2d,1229600,double,153700
14328,h2d,1229600,double,153700
14329,h2d,1229600,double,153700
14330,h2d,1229600,double,153700
14331,h2d,1229600,double,153700
14332,h2d,1229600,double,153700
14333,d2h,2048,double,256
14334,h2d,1229600,double,153700
14335,h2d,1229600,double,153700
14336,h2d,1229600,double,153700
14337,h2d,1229600,double,153700
14338,h2d,1229600,double,153700
14339,h2d,1229600,double,153700
14340,h2d,1229600,double,153700
14341,h2d,1229600,double,153700
14342,h2d,1229600,double,153700
14343,h2d,1229600,double,153700
14344,h2d,1229600,double,153700
14345,h2d,1229600,double,153700
14346,h2d,1229600,double,153700
14347,h2d,1229600,double,153700
14348,h2d,1229600,double,153700
14349,h2d,1229600,double,153700
14350,h2d,1229600,double,153700
14351,h2d,1229600,double,153700
14352,h2d,1229600,double,153700
14353,h2d,1229600,double,153700
14354,h2d,1229600,double,153700
14355,h2d,1229600,double,153700
14356,h2d,1229600,double,153700
14357,h2d,1229600,double,153700
14358,d2h,2048,double,256
14359,h2d,1229600,double,153700
14360,h2d,1229600,double,153700
14361,h2d,1229600,double,153700
14362,h2d,1229600,double,153700
14363,h2d,1229600,double,153700
14364,h2d,1229600,double,153700
14365,h2d,1229600,double,153700
14366,h2d,1229600,double,153700
14367,h2d,1229600,double,153700
14368,h2d,1229600,double,153700
14369,h2d,1229600,double,153700
14370,h2d,1229600,double,153700
14371,h2d,1229600,double,153700
14372,h2d,1229600,double,153700
14373,h2d,1229600,double,153700
14374,h2d,1229600,double,153700
14375,h2d,1229600,double,153700
14376,h2d,1229600,double,153700
14377,h2d,1229600,double,153700
14378,h2d,1229600,double,153700
14379,h2d,1229600,double,153700
14380,h2d,1229600,double,153700
14381,h2d,1229600,double,153700
14382,h2d,1229600,double,153700
14383,d2h,2048,double,256
14384,h2d,1229600,double,153700
14385,h2d,1229600,double,153700
14386,h2d,1229600,double,153700
14387,h2d,1229600,double,153700
14388,h2d,1229600,double,153700
14389,h2d,1229600,double,153700
14390,h2d,1229600,double,153700
14391,h2d,1229600,double,153700
14392,h2d,1229600,double,153700
14393,h2d,1229600,double,153700
14394,h2d,1229600,double,153700
14395,h2d,1229600,double,153700
14396,h2d,1229600,double,153700
14397,h2d,1229600,double,153700
14398,h2d,1229600,double,153700
14399,h2d,1229600,double,153700
14400,h2d,1229600,double,153700
14401,h2d,1229600,double,153700
14402,h2d,1229600,double,153700
14403,h2d,1229600,double,153700
14404,h2d,1229600,double,153700
14405,h2d,1229600,double,153700
14406,h2d,1229600,double,153700
14407,h2d,1229600,double,153700
14408,d2h,2048,double,256
14409,h2d,1229600,double,153700
14410,h2d,1229600,double,153700
14411,h2d,1229600,double,153700
14412,h2d,1229600,double,153700
14413,h2d,1229600,double,153700
14414,h2d,1229600,double,153700
14415,h2d,1229600,double,153700
14416,h2d,1229600,double,153700
14417,h2d,1229600,double,153700
14418,h2d,1229600,double,153700
14419,h2d,1229600,double,153700
14420,h2d,1229600,double,153700
14421,h2d,1229600,double,153700
14422,h2d,1229600,double,153700
14423,h2d,1229600,double,153700
14424,h2d,1229600,double,153700
14425,h2d,1229600,double,153700
14426,h2d,1229600,double,153700
14427,h2d,1229600,double,153700
14428,h2d,1229600,double,153700
14429,h2d,1229600,double,153700
14430,h2d,1229600,double,153700
14431,h2d,1229600,double,153700
14432,h2d,1229600,double,153700
14433,d2h,2048,double,256
14434,h2d,1229600,double,153700
14435,h2d,1229600,double,153700
14436,h2d,1229600,double,153700
14437,h2d,1229600,double,153700
14438,h2d,1229600,double,153700
14439,h2d,1229600,double,153700
14440,h2d,1229600,double,153700
14441,h2d,1229600,double,153700
14442,h2d,1229600,double,153700
14443,h2d,1229600,double,153700
14444,h2d,1229600,double,153700
14445,h2d,1229600,double,153700
14446,h2d,1229600,double,153700
14447,h2d,1229600,double,153700
14448,h2d,1229600,double,153700
14449,h2d,1229600,double,153700
14450,h2d,1229600,double,153700
14451,h2d,1229600,double,153700
14452,h2d,1229600,double,153700
14453,h2d,1229600,double,153700
14454,h2d,1229600,double,153700
14455,h2d,1229600,double,153700
14456,h2d,1229600,double,153700
14457,h2d,1229600,double,153700
14458,d2h,2048,double,256
14459,h2d,1229600,double,153700
14460,h2d,1229600,double,153700
14461,h2d,1229600,double,153700
14462,h2d,1229600,double,153700
14463,h2d,1229600,double,153700
14464,h2d,1229600,double,153700
14465,h2d,1229600,double,153700
14466,h2d,1229600,double,153700
14467,h2d,1229600,double,153700
14468,h2d,1229600,double,153700
14469,h2d,1229600,double,153700
14470,h2d,1229600,double,153700
14471,h2d,1229600,double,153700
14472,h2d,1229600,double,153700
14473,h2d,1229600,double,153700
14474,h2d,1229600,double,153700
14475,h2d,1229600,double,153700
14476,h2d,1229600,double,153700
14477,h2d,1229600,double,153700
14478,h2d,1229600,double,153700
14479,h2d,1229600,double,153700
14480,h2d,1229600,double,153700
14481,h2d,1229600,double,153700
14482,h2d,1229600,double,153700
14483,d2h,2048,double,256
14484,h2d,1229600,double,153700
14485,h2d,1229600,double,153700
14486,h2d,1229600,double,153700
14487,h2d,1229600,double,153700
14488,h2d,1229600,double,153700
14489,h2d,1229600,double,153700
14490,h2d,1229600,double,153700
14491,h2d,1229600,double,153700
14492,h2d,1229600,double,153700
14493,h2d,1229600,double,153700
14494,h2d,1229600,double,153700
14495,h2d,1229600,double,153700
14496,h2d,1229600,double,153700
14497,h2d,1229600,double,153700
14498,h2d,1229600,double,153700
14499,h2d,1229600,double,153700
14500,h2d,1229600,double,153700
14501,h2d,1229600,double,153700
14502,h2d,1229600,double,153700
14503,h2d,1229600,double,153700
14504,h2d,1229600,double,153700
14505,h2d,1229600,double,153700
14506,h2d,1229600,double,153700
14507,h2d,1229600,double,153700
14508,d2h,2048,double,256
14509,h2d,1229600,double,153700
14510,h2d,1229600,double,153700
14511,h2d,1229600,double,153700
14512,h2d,1229600,double,153700
14513,h2d,1229600,double,153700
14514,h2d,1229600,double,153700
14515,h2d,1229600,double,153700
14516,h2d,1229600,double,153700
14517,h2d,1229600,double,153700
14518,h2d,1229600,double,153700
14519,h2d,1229600,double,153700
14520,h2d,1229600,double,153700
14521,h2d,1229600,double,153700
14522,h2d,1229600,double,153700
14523,h2d,1229600,double,153700
14524,h2d,1229600,double,153700
14525,h2d,1229600,double,153700
14526,h2d,1229600,double,153700
14527,h2d,1229600,double,153700
14528,h2d,1229600,double,153700
14529,h2d,1229600,double,153700
14530,h2d,1229600,double,153700
14531,h2d,1229600,double,153700
14532,h2d,1229600,double,153700
14533,d2h,2048,double,256
14534,h2d,1229600,double,153700
14535,h2d,1229600,double,153700
14536,h2d,1229600,double,153700
14537,h2d,1229600,double,153700
14538,h2d,1229600,double,153700
14539,h2d,1229600,double,153700
14540,h2d,1229600,double,153700
14541,h2d,1229600,double,153700
14542,h2d,1229600,double,153700
14543,h2d,1229600,double,153700
14544,h2d,1229600,double,153700
14545,h2d,1229600,double,153700
14546,h2d,1229600,double,153700
14547,h2d,1229600,double,153700
14548,h2d,1229600,double,153700
14549,h2d,1229600,double,153700
14550,d2h,2048,double,256
14551,d2h,2048,double,256
14552,d2h,2048,double,256
14553,d2h,2048,double,256
14554,d2h,2048,double,256
14555,h2d,1229600,double,153700
14556,h2d,1229600,double,153700
14557,h2d,1229600,double,153700
14558,h2d,1229600,double,153700
14559,h2d,1229600,double,153700
14560,h2d,1229600,double,153700
14561,h2d,1229600,double,153700
14562,h2d,1229600,double,153700
14563,d2h,2048,double,256
14564,h2d,1229600,double,153700
14565,h2d,1229600,double,153700
14566,h2d,1229600,double,153700
14567,h2d,1229600,double,153700
14568,h2d,1229600,double,153700
14569,h2d,1229600,double,153700
14570,h2d,1229600,double,153700
14571,h2d,1229600,double,153700
14572,h2d,1229600,double,153700
14573,h2d,1229600,double,153700
14574,h2d,1229600,double,153700
14575,h2d,1229600,double,153700
14576,h2d,1229600,double,153700
14577,h2d,1229600,double,153700
14578,h2d,1229600,double,153700
14579,h2d,1229600,double,153700
14580,h2d,1229600,double,153700
14581,h2d,1229600,double,153700
14582,h2d,1229600,double,153700
14583,h2d,1229600,double,153700
14584,h2d,1229600,double,153700
14585,h2d,1229600,double,153700
14586,h2d,1229600,double,153700
14587,h2d,1229600,double,153700
14588,d2h,2048,double,256
14589,h2d,1229600,double,153700
14590,h2d,1229600,double,153700
14591,h2d,1229600,double,153700
14592,h2d,1229600,double,153700
14593,h2d,1229600,double,153700
14594,h2d,1229600,double,153700
14595,h2d,1229600,double,153700
14596,h2d,1229600,double,153700
14597,h2d,1229600,double,153700
14598,h2d,1229600,double,153700
14599,h2d,1229600,double,153700
14600,h2d,1229600,double,153700
14601,h2d,1229600,double,153700
14602,h2d,1229600,double,153700
14603,h2d,1229600,double,153700
14604,h2d,1229600,double,153700
14605,h2d,1229600,double,153700
14606,h2d,1229600,double,153700
14607,h2d,1229600,double,153700
14608,h2d,1229600,double,153700
14609,h2d,1229600,double,153700
14610,h2d,1229600,double,153700
14611,h2d,1229600,double,153700
14612,h2d,1229600,double,153700
14613,d2h,2048,double,256
14614,h2d,1229600,double,153700
14615,h2d,1229600,double,153700
14616,h2d,1229600,double,153700
14617,h2d,1229600,double,153700
14618,h2d,1229600,double,153700
14619,h2d,1229600,double,153700
14620,h2d,1229600,double,153700
14621,h2d,1229600,double,153700
14622,h2d,1229600,double,153700
14623,h2d,1229600,double,153700
14624,h2d,1229600,double,153700
14625,h2d,1229600,double,153700
14626,h2d,1229600,double,153700
14627,h2d,1229600,double,153700
14628,h2d,1229600,double,153700
14629,h2d,1229600,double,153700
14630,h2d,1229600,double,153700
14631,h2d,1229600,double,153700
14632,h2d,1229600,double,153700
14633,h2d,1229600,double,153700
14634,h2d,1229600,double,153700
14635,h2d,1229600,double,153700
14636,h2d,1229600,double,153700
14637,h2d,1229600,double,153700
14638,d2h,2048,double,256
14639,h2d,1229600,double,153700
14640,h2d,1229600,double,153700
14641,h2d,1229600,double,153700
14642,h2d,1229600,double,153700
14643,h2d,1229600,double,153700
14644,h2d,1229600,double,153700
14645,h2d,1229600,double,153700
14646,h2d,1229600,double,153700
14647,h2d,1229600,double,153700
14648,h2d,1229600,double,153700
14649,h2d,1229600,double,153700
14650,h2d,1229600,double,153700
14651,h2d,1229600,double,153700
14652,h2d,1229600,double,153700
14653,h2d,1229600,double,153700
14654,h2d,1229600,double,153700
14655,h2d,1229600,double,153700
14656,h2d,1229600,double,153700
14657,h2d,1229600,double,153700
14658,h2d,1229600,double,153700
14659,h2d,1229600,double,153700
14660,h2d,1229600,double,153700
14661,h2d,1229600,double,153700
14662,h2d,1229600,double,153700
14663,d2h,2048,double,256
14664,h2d,1229600,double,153700
14665,h2d,1229600,double,153700
14666,h2d,1229600,double,153700
14667,h2d,1229600,double,153700
14668,h2d,1229600,double,153700
14669,h2d,1229600,double,153700
14670,h2d,1229600,double,153700
14671,h2d,1229600,double,153700
14672,h2d,1229600,double,153700
14673,h2d,1229600,double,153700
14674,h2d,1229600,double,153700
14675,h2d,1229600,double,153700
14676,h2d,1229600,double,153700
14677,h2d,1229600,double,153700
14678,h2d,1229600,double,153700
14679,h2d,1229600,double,153700
14680,h2d,1229600,double,153700
14681,h2d,1229600,double,153700
14682,h2d,1229600,double,153700
14683,h2d,1229600,double,153700
14684,h2d,1229600,double,153700
14685,h2d,1229600,double,153700
14686,h2d,1229600,double,153700
14687,h2d,1229600,double,153700
14688,d2h,2048,double,256
14689,h2d,1229600,double,153700
14690,h2d,1229600,double,153700
14691,h2d,1229600,double,153700
14692,h2d,1229600,double,153700
14693,h2d,1229600,double,153700
14694,h2d,1229600,double,153700
14695,h2d,1229600,double,153700
14696,h2d,1229600,double,153700
14697,h2d,1229600,double,153700
14698,h2d,1229600,double,153700
14699,h2d,1229600,double,153700
14700,h2d,1229600,double,153700
14701,h2d,1229600,double,153700
14702,h2d,1229600,double,153700
14703,h2d,1229600,double,153700
14704,h2d,1229600,double,153700
14705,h2d,1229600,double,153700
14706,h2d,1229600,double,153700
14707,h2d,1229600,double,153700
14708,h2d,1229600,double,153700
14709,h2d,1229600,double,153700
14710,h2d,1229600,double,153700
14711,h2d,1229600,double,153700
14712,h2d,1229600,double,153700
14713,d2h,2048,double,256
14714,h2d,1229600,double,153700
14715,h2d,1229600,double,153700
14716,h2d,1229600,double,153700
14717,h2d,1229600,double,153700
14718,h2d,1229600,double,153700
14719,h2d,1229600,double,153700
14720,h2d,1229600,double,153700
14721,h2d,1229600,double,153700
14722,h2d,1229600,double,153700
14723,h2d,1229600,double,153700
14724,h2d,1229600,double,153700
14725,h2d,1229600,double,153700
14726,h2d,1229600,double,153700
14727,h2d,1229600,double,153700
14728,h2d,1229600,double,153700
14729,h2d,1229600,double,153700
14730,h2d,1229600,double,153700
14731,h2d,1229600,double,153700
14732,h2d,1229600,double,153700
14733,h2d,1229600,double,153700
14734,h2d,1229600,double,153700
14735,h2d,1229600,double,153700
14736,h2d,1229600,double,153700
14737,h2d,1229600,double,153700
14738,d2h,2048,double,256
14739,h2d,1229600,double,153700
14740,h2d,1229600,double,153700
14741,h2d,1229600,double,153700
14742,h2d,1229600,double,153700
14743,h2d,1229600,double,153700
14744,h2d,1229600,double,153700
14745,h2d,1229600,double,153700
14746,h2d,1229600,double,153700
14747,h2d,1229600,double,153700
14748,h2d,1229600,double,153700
14749,h2d,1229600,double,153700
14750,h2d,1229600,double,153700
14751,h2d,1229600,double,153700
14752,h2d,1229600,double,153700
14753,h2d,1229600,double,153700
14754,h2d,1229600,double,153700
14755,h2d,1229600,double,153700
14756,h2d,1229600,double,153700
14757,h2d,1229600,double,153700
14758,h2d,1229600,double,153700
14759,h2d,1229600,double,153700
14760,h2d,1229600,double,153700
14761,h2d,1229600,double,153700
14762,h2d,1229600,double,153700
14763,d2h,2048,double,256
14764,h2d,1229600,double,153700
14765,h2d,1229600,double,153700
14766,h2d,1229600,double,153700
14767,h2d,1229600,double,153700
14768,h2d,1229600,double,153700
14769,h2d,1229600,double,153700
14770,h2d,1229600,double,153700
14771,h2d,1229600,double,153700
14772,h2d,1229600,double,153700
14773,h2d,1229600,double,153700
14774,h2d,1229600,double,153700
14775,h2d,1229600,double,153700
14776,h2d,1229600,double,153700
14777,h2d,1229600,double,153700
14778,h2d,1229600,double,153700
14779,h2d,1229600,double,153700
14780,h2d,1229600,double,153700
14781,h2d,1229600,double,153700
14782,h2d,1229600,double,153700
14783,h2d,1229600,double,153700
14784,h2d,1229600,double,153700
14785,h2d,1229600,double,153700
14786,h2d,1229600,double,153700
14787,h2d,1229600,double,153700
14788,d2h,2048,double,256
14789,h2d,1229600,double,153700
14790,h2d,1229600,double,153700
14791,h2d,1229600,double,153700
14792,h2d,1229600,double,153700
14793,h2d,1229600,double,153700
14794,h2d,1229600,double,153700
14795,h2d,1229600,double,153700
14796,h2d,1229600,double,153700
14797,h2d,1229600,double,153700
14798,h2d,1229600,double,153700
14799,h2d,1229600,double,153700
14800,h2d,1229600,double,153700
14801,h2d,1229600,double,153700
14802,h2d,1229600,double,153700
14803,h2d,1229600,double,153700
14804,h2d,1229600,double,153700
14805,d2h,2048,double,256
14806,d2h,2048,double,256
14807,d2h,2048,double,256
14808,d2h,2048,double,256
14809,d2h,2048,double,256
14810,h2d,1229600,double,153700
14811,h2d,1229600,double,153700
14812,h2d,1229600,double,153700
14813,h2d,1229600,double,153700
14814,h2d,1229600,double,153700
14815,h2d,1229600,double,153700
14816,h2d,1229600,double,153700
14817,h2d,1229600,double,153700
14818,d2h,2048,double,256
14819,h2d,1229600,double,153700
14820,h2d,1229600,double,153700
14821,h2d,1229600,double,153700
14822,h2d,1229600,double,153700
14823,h2d,1229600,double,153700
14824,h2d,1229600,double,153700
14825,h2d,1229600,double,153700
14826,h2d,1229600,double,153700
14827,h2d,1229600,double,153700
14828,h2d,1229600,double,153700
14829,h2d,1229600,double,153700
14830,h2d,1229600,double,153700
14831,h2d,1229600,double,153700
14832,h2d,1229600,double,153700
14833,h2d,1229600,double,153700
14834,h2d,1229600,double,153700
14835,h2d,1229600,double,153700
14836,h2d,1229600,double,153700
14837,h2d,1229600,double,153700
14838,h2d,1229600,double,153700
14839,h2d,1229600,double,153700
14840,h2d,1229600,double,153700
14841,h2d,1229600,double,153700
14842,h2d,1229600,double,153700
14843,d2h,2048,double,256
14844,h2d,1229600,double,153700
14845,h2d,1229600,double,153700
14846,h2d,1229600,double,153700
14847,h2d,1229600,double,153700
14848,h2d,1229600,double,153700
14849,h2d,1229600,double,153700
14850,h2d,1229600,double,153700
14851,h2d,1229600,double,153700
14852,h2d,1229600,double,153700
14853,h2d,1229600,double,153700
14854,h2d,1229600,double,153700
14855,h2d,1229600,double,153700
14856,h2d,1229600,double,153700
14857,h2d,1229600,double,153700
14858,h2d,1229600,double,153700
14859,h2d,1229600,double,153700
14860,h2d,1229600,double,153700
14861,h2d,1229600,double,153700
14862,h2d,1229600,double,153700
14863,h2d,1229600,double,153700
14864,h2d,1229600,double,153700
14865,h2d,1229600,double,153700
14866,h2d,1229600,double,153700
14867,h2d,1229600,double,153700
14868,d2h,2048,double,256
14869,h2d,1229600,double,153700
14870,h2d,1229600,double,153700
14871,h2d,1229600,double,153700
14872,h2d,1229600,double,153700
14873,h2d,1229600,double,153700
14874,h2d,1229600,double,153700
14875,h2d,1229600,double,153700
14876,h2d,1229600,double,153700
14877,h2d,1229600,double,153700
14878,h2d,1229600,double,153700
14879,h2d,1229600,double,153700
14880,h2d,1229600,double,153700
14881,h2d,1229600,double,153700
14882,h2d,1229600,double,153700
14883,h2d,1229600,double,153700
14884,h2d,1229600,double,153700
14885,h2d,1229600,double,153700
14886,h2d,1229600,double,153700
14887,h2d,1229600,double,153700
14888,h2d,1229600,double,153700
14889,h2d,1229600,double,153700
14890,h2d,1229600,double,153700
14891,h2d,1229600,double,153700
14892,h2d,1229600,double,153700
14893,d2h,2048,double,256
14894,h2d,1229600,double,153700
14895,h2d,1229600,double,153700
14896,h2d,1229600,double,153700
14897,h2d,1229600,double,153700
14898,h2d,1229600,double,153700
14899,h2d,1229600,double,153700
14900,h2d,1229600,double,153700
14901,h2d,1229600,double,153700
14902,h2d,1229600,double,153700
14903,h2d,1229600,double,153700
14904,h2d,1229600,double,153700
14905,h2d,1229600,double,153700
14906,h2d,1229600,double,153700
14907,h2d,1229600,double,153700
14908,h2d,1229600,double,153700
14909,h2d,1229600,double,153700
14910,h2d,1229600,double,153700
14911,h2d,1229600,double,153700
14912,h2d,1229600,double,153700
14913,h2d,1229600,double,153700
14914,h2d,1229600,double,153700
14915,h2d,1229600,double,153700
14916,h2d,1229600,double,153700
14917,h2d,1229600,double,153700
14918,d2h,2048,double,256
14919,h2d,1229600,double,153700
14920,h2d,1229600,double,153700
14921,h2d,1229600,double,153700
14922,h2d,1229600,double,153700
14923,h2d,1229600,double,153700
14924,h2d,1229600,double,153700
14925,h2d,1229600,double,153700
14926,h2d,1229600,double,153700
14927,h2d,1229600,double,153700
14928,h2d,1229600,double,153700
14929,h2d,1229600,double,153700
14930,h2d,1229600,double,153700
14931,h2d,1229600,double,153700
14932,h2d,1229600,double,153700
14933,h2d,1229600,double,153700
14934,h2d,1229600,double,153700
14935,h2d,1229600,double,153700
14936,h2d,1229600,double,153700
14937,h2d,1229600,double,153700
14938,h2d,1229600,double,153700
14939,h2d,1229600,double,153700
14940,h2d,1229600,double,153700
14941,h2d,1229600,double,153700
14942,h2d,1229600,double,153700
14943,d2h,2048,double,256
14944,h2d,1229600,double,153700
14945,h2d,1229600,double,153700
14946,h2d,1229600,double,153700
14947,h2d,1229600,double,153700
14948,h2d,1229600,double,153700
14949,h2d,1229600,double,153700
14950,h2d,1229600,double,153700
14951,h2d,1229600,double,153700
14952,h2d,1229600,double,153700
14953,h2d,1229600,double,153700
14954,h2d,1229600,double,153700
14955,h2d,1229600,double,153700
14956,h2d,1229600,double,153700
14957,h2d,1229600,double,153700
14958,h2d,1229600,double,153700
14959,h2d,1229600,double,153700
14960,h2d,1229600,double,153700
14961,h2d,1229600,double,153700
14962,h2d,1229600,double,153700
14963,h2d,1229600,double,153700
14964,h2d,1229600,double,153700
14965,h2d,1229600,double,153700
14966,h2d,1229600,double,153700
14967,h2d,1229600,double,153700
14968,d2h,2048,double,256
14969,h2d,1229600,double,153700
14970,h2d,1229600,double,153700
14971,h2d,1229600,double,153700
14972,h2d,1229600,double,153700
14973,h2d,1229600,double,153700
14974,h2d,1229600,double,153700
14975,h2d,1229600,double,153700
14976,h2d,1229600,double,153700
14977,h2d,1229600,double,153700
14978,h2d,1229600,double,153700
14979,h2d,1229600,double,153700
14980,h2d,1229600,double,153700
14981,h2d,1229600,double,153700
14982,h2d,1229600,double,153700
14983,h2d,1229600,double,153700
14984,h2d,1229600,double,153700
14985,h2d,1229600,double,153700
14986,h2d,1229600,double,153700
14987,h2d,1229600,double,153700
14988,h2d,1229600,double,153700
14989,h2d,1229600,double,153700
14990,h2d,1229600,double,153700
14991,h2d,1229600,double,153700
14992,h2d,1229600,double,153700
14993,d2h,2048,double,256
14994,h2d,1229600,double,153700
14995,h2d,1229600,double,153700
14996,h2d,1229600,double,153700
14997,h2d,1229600,double,153700
14998,h2d,1229600,double,153700
14999,h2d,1229600,double,153700
15000,h2d,1229600,double,153700
15001,h2d,1229600,double,153700
15002,h2d,1229600,double,153700
15003,h2d,1229600,double,153700
15004,h2d,1229600,double,153700
15005,h2d,1229600,double,153700
15006,h2d,1229600,double,153700
15007,h2d,1229600,double,153700
15008,h2d,1229600,double,153700
15009,h2d,1229600,double,153700
15010,h2d,1229600,double,153700
15011,h2d,1229600,double,153700
15012,h2d,1229600,double,153700
15013,h2d,1229600,double,153700
15014,h2d,1229600,double,153700
15015,h2d,1229600,double,153700
15016,h2d,1229600,double,153700
15017,h2d,1229600,double,153700
15018,d2h,2048,double,256
15019,h2d,1229600,double,153700
15020,h2d,1229600,double,153700
15021,h2d,1229600,double,153700
15022,h2d,1229600,double,153700
15023,h2d,1229600,double,153700
15024,h2d,1229600,double,153700
15025,h2d,1229600,double,153700
15026,h2d,1229600,double,153700
15027,h2d,1229600,double,153700
15028,h2d,1229600,double,153700
15029,h2d,1229600,double,153700
15030,h2d,1229600,double,153700
15031,h2d,1229600,double,153700
15032,h2d,1229600,double,153700
15033,h2d,1229600,double,153700
15034,h2d,1229600,double,153700
15035,h2d,1229600,double,153700
15036,h2d,1229600,double,153700
15037,h2d,1229600,double,153700
15038,h2d,1229600,double,153700
15039,h2d,1229600,double,153700
15040,h2d,1229600,double,153700
15041,h2d,1229600,double,153700
15042,h2d,1229600,double,153700
15043,d2h,2048,double,256
15044,h2d,1229600,double,153700
15045,h2d,1229600,double,153700
15046,h2d,1229600,double,153700
15047,h2d,1229600,double,153700
15048,h2d,1229600,double,153700
15049,h2d,1229600,double,153700
15050,h2d,1229600,double,153700
15051,h2d,1229600,double,153700
15052,h2d,1229600,double,153700
15053,h2d,1229600,double,153700
15054,h2d,1229600,double,153700
15055,h2d,1229600,double,153700
15056,h2d,1229600,double,153700
15057,h2d,1229600,double,153700
15058,h2d,1229600,double,153700
15059,h2d,1229600,double,153700
15060,d2h,2048,double,256
15061,d2h,2048,double,256
15062,d2h,2048,double,256
15063,d2h,2048,double,256
15064,d2h,2048,double,256
15065,h2d,1229600,double,153700
15066,h2d,1229600,double,153700
15067,h2d,1229600,double,153700
15068,h2d,1229600,double,153700
15069,h2d,1229600,double,153700
15070,h2d,1229600,double,153700
15071,h2d,1229600,double,153700
15072,h2d,1229600,double,153700
15073,d2h,2048,double,256
15074,h2d,1229600,double,153700
15075,h2d,1229600,double,153700
15076,h2d,1229600,double,153700
15077,h2d,1229600,double,153700
15078,h2d,1229600,double,153700
15079,h2d,1229600,double,153700
15080,h2d,1229600,double,153700
15081,h2d,1229600,double,153700
15082,h2d,1229600,double,153700
15083,h2d,1229600,double,153700
15084,h2d,1229600,double,153700
15085,h2d,1229600,double,153700
15086,h2d,1229600,double,153700
15087,h2d,1229600,double,153700
15088,h2d,1229600,double,153700
15089,h2d,1229600,double,153700
15090,h2d,1229600,double,153700
15091,h2d,1229600,double,153700
15092,h2d,1229600,double,153700
15093,h2d,1229600,double,153700
15094,h2d,1229600,double,153700
15095,h2d,1229600,double,153700
15096,h2d,1229600,double,153700
15097,h2d,1229600,double,153700
15098,d2h,2048,double,256
15099,h2d,1229600,double,153700
15100,h2d,1229600,double,153700
15101,h2d,1229600,double,153700
15102,h2d,1229600,double,153700
15103,h2d,1229600,double,153700
15104,h2d,1229600,double,153700
15105,h2d,1229600,double,153700
15106,h2d,1229600,double,153700
15107,h2d,1229600,double,153700
15108,h2d,1229600,double,153700
15109,h2d,1229600,double,153700
15110,h2d,1229600,double,153700
15111,h2d,1229600,double,153700
15112,h2d,1229600,double,153700
15113,h2d,1229600,double,153700
15114,h2d,1229600,double,153700
15115,h2d,1229600,double,153700
15116,h2d,1229600,double,153700
15117,h2d,1229600,double,153700
15118,h2d,1229600,double,153700
15119,h2d,1229600,double,153700
15120,h2d,1229600,double,153700
15121,h2d,1229600,double,153700
15122,h2d,1229600,double,153700
15123,d2h,2048,double,256
15124,h2d,1229600,double,153700
15125,h2d,1229600,double,153700
15126,h2d,1229600,double,153700
15127,h2d,1229600,double,153700
15128,h2d,1229600,double,153700
15129,h2d,1229600,double,153700
15130,h2d,1229600,double,153700
15131,h2d,1229600,double,153700
15132,h2d,1229600,double,153700
15133,h2d,1229600,double,153700
15134,h2d,1229600,double,153700
15135,h2d,1229600,double,153700
15136,h2d,1229600,double,153700
15137,h2d,1229600,double,153700
15138,h2d,1229600,double,153700
15139,h2d,1229600,double,153700
15140,h2d,1229600,double,153700
15141,h2d,1229600,double,153700
15142,h2d,1229600,double,153700
15143,h2d,1229600,double,153700
15144,h2d,1229600,double,153700
15145,h2d,1229600,double,153700
15146,h2d,1229600,double,153700
15147,h2d,1229600,double,153700
15148,d2h,2048,double,256
15149,h2d,1229600,double,153700
15150,h2d,1229600,double,153700
15151,h2d,1229600,double,153700
15152,h2d,1229600,double,153700
15153,h2d,1229600,double,153700
15154,h2d,1229600,double,153700
15155,h2d,1229600,double,153700
15156,h2d,1229600,double,153700
15157,h2d,1229600,double,153700
15158,h2d,1229600,double,153700
15159,h2d,1229600,double,153700
15160,h2d,1229600,double,153700
15161,h2d,1229600,double,153700
15162,h2d,1229600,double,153700
15163,h2d,1229600,double,153700
15164,h2d,1229600,double,153700
15165,h2d,1229600,double,153700
15166,h2d,1229600,double,153700
15167,h2d,1229600,double,153700
15168,h2d,1229600,double,153700
15169,h2d,1229600,double,153700
15170,h2d,1229600,double,153700
15171,h2d,1229600,double,153700
15172,h2d,1229600,double,153700
15173,d2h,2048,double,256
15174,h2d,1229600,double,153700
15175,h2d,1229600,double,153700
15176,h2d,1229600,double,153700
15177,h2d,1229600,double,153700
15178,h2d,1229600,double,153700
15179,h2d,1229600,double,153700
15180,h2d,1229600,double,153700
15181,h2d,1229600,double,153700
15182,h2d,1229600,double,153700
15183,h2d,1229600,double,153700
15184,h2d,1229600,double,153700
15185,h2d,1229600,double,153700
15186,h2d,1229600,double,153700
15187,h2d,1229600,double,153700
15188,h2d,1229600,double,153700
15189,h2d,1229600,double,153700
15190,h2d,1229600,double,153700
15191,h2d,1229600,double,153700
15192,h2d,1229600,double,153700
15193,h2d,1229600,double,153700
15194,h2d,1229600,double,153700
15195,h2d,1229600,double,153700
15196,h2d,1229600,double,153700
15197,h2d,1229600,double,153700
15198,d2h,2048,double,256
15199,h2d,1229600,double,153700
15200,h2d,1229600,double,153700
15201,h2d,1229600,double,153700
15202,h2d,1229600,double,153700
15203,h2d,1229600,double,153700
15204,h2d,1229600,double,153700
15205,h2d,1229600,double,153700
15206,h2d,1229600,double,153700
15207,h2d,1229600,double,153700
15208,h2d,1229600,double,153700
15209,h2d,1229600,double,153700
15210,h2d,1229600,double,153700
15211,h2d,1229600,double,153700
15212,h2d,1229600,double,153700
15213,h2d,1229600,double,153700
15214,h2d,1229600,double,153700
15215,h2d,1229600,double,153700
15216,h2d,1229600,double,153700
15217,h2d,1229600,double,153700
15218,h2d,1229600,double,153700
15219,h2d,1229600,double,153700
15220,h2d,1229600,double,153700
15221,h2d,1229600,double,153700
15222,h2d,1229600,double,153700
15223,d2h,2048,double,256
15224,h2d,1229600,double,153700
15225,h2d,1229600,double,153700
15226,h2d,1229600,double,153700
15227,h2d,1229600,double,153700
15228,h2d,1229600,double,153700
15229,h2d,1229600,double,153700
15230,h2d,1229600,double,153700
15231,h2d,1229600,double,153700
15232,h2d,1229600,double,153700
15233,h2d,1229600,double,153700
15234,h2d,1229600,double,153700
15235,h2d,1229600,double,153700
15236,h2d,1229600,double,153700
15237,h2d,1229600,double,153700
15238,h2d,1229600,double,153700
15239,h2d,1229600,double,153700
15240,h2d,1229600,double,153700
15241,h2d,1229600,double,153700
15242,h2d,1229600,double,153700
15243,h2d,1229600,double,153700
15244,h2d,1229600,double,153700
15245,h2d,1229600,double,153700
15246,h2d,1229600,double,153700
15247,h2d,1229600,double,153700
15248,d2h,2048,double,256
15249,h2d,1229600,double,153700
15250,h2d,1229600,double,153700
15251,h2d,1229600,double,153700
15252,h2d,1229600,double,153700
15253,h2d,1229600,double,153700
15254,h2d,1229600,double,153700
15255,h2d,1229600,double,153700
15256,h2d,1229600,double,153700
15257,h2d,1229600,double,153700
15258,h2d,1229600,double,153700
15259,h2d,1229600,double,153700
15260,h2d,1229600,double,153700
15261,h2d,1229600,double,153700
15262,h2d,1229600,double,153700
15263,h2d,1229600,double,153700
15264,h2d,1229600,double,153700
15265,h2d,1229600,double,153700
15266,h2d,1229600,double,153700
15267,h2d,1229600,double,153700
15268,h2d,1229600,double,153700
15269,h2d,1229600,double,153700
15270,h2d,1229600,double,153700
15271,h2d,1229600,double,153700
15272,h2d,1229600,double,153700
15273,d2h,2048,double,256
15274,h2d,1229600,double,153700
15275,h2d,1229600,double,153700
15276,h2d,1229600,double,153700
15277,h2d,1229600,double,153700
15278,h2d,1229600,double,153700
15279,h2d,1229600,double,153700
15280,h2d,1229600,double,153700
15281,h2d,1229600,double,153700
15282,h2d,1229600,double,153700
15283,h2d,1229600,double,153700
15284,h2d,1229600,double,153700
15285,h2d,1229600,double,153700
15286,h2d,1229600,double,153700
15287,h2d,1229600,double,153700
15288,h2d,1229600,double,153700
15289,h2d,1229600,double,153700
15290,h2d,1229600,double,153700
15291,h2d,1229600,double,153700
15292,h2d,1229600,double,153700
15293,h2d,1229600,double,153700
15294,h2d,1229600,double,153700
15295,h2d,1229600,double,153700
15296,h2d,1229600,double,153700
15297,h2d,1229600,double,153700
15298,d2h,2048,double,256
15299,h2d,1229600,double,153700
15300,h2d,1229600,double,153700
15301,h2d,1229600,double,153700
15302,h2d,1229600,double,153700
15303,h2d,1229600,double,153700
15304,h2d,1229600,double,153700
15305,h2d,1229600,double,153700
15306,h2d,1229600,double,153700
15307,h2d,1229600,double,153700
15308,h2d,1229600,double,153700
15309,h2d,1229600,double,153700
15310,h2d,1229600,double,153700
15311,h2d,1229600,double,153700
15312,h2d,1229600,double,153700
15313,h2d,1229600,double,153700
15314,h2d,1229600,double,153700
15315,d2h,2048,double,256
15316,d2h,2048,double,256
15317,d2h,2048,double,256
15318,d2h,2048,double,256
15319,d2h,2048,double,256
15320,h2d,1229600,double,153700
15321,h2d,1229600,double,153700
15322,h2d,1229600,double,153700
15323,h2d,1229600,double,153700
15324,h2d,1229600,double,153700
15325,h2d,1229600,double,153700
15326,h2d,1229600,double,153700
15327,h2d,1229600,double,153700
15328,d2h,2048,double,256
15329,h2d,1229600,double,153700
15330,h2d,1229600,double,153700
15331,h2d,1229600,double,153700
15332,h2d,1229600,double,153700
15333,h2d,1229600,double,153700
15334,h2d,1229600,double,153700
15335,h2d,1229600,double,153700
15336,h2d,1229600,double,153700
15337,h2d,1229600,double,153700
15338,h2d,1229600,double,153700
15339,h2d,1229600,double,153700
15340,h2d,1229600,double,153700
15341,h2d,1229600,double,153700
15342,h2d,1229600,double,153700
15343,h2d,1229600,double,153700
15344,h2d,1229600,double,153700
15345,h2d,1229600,double,153700
15346,h2d,1229600,double,153700
15347,h2d,1229600,double,153700
15348,h2d,1229600,double,153700
15349,h2d,1229600,double,153700
15350,h2d,1229600,double,153700
15351,h2d,1229600,double,153700
15352,h2d,1229600,double,153700
15353,d2h,2048,double,256
15354,h2d,1229600,double,153700
15355,h2d,1229600,double,153700
15356,h2d,1229600,double,153700
15357,h2d,1229600,double,153700
15358,h2d,1229600,double,153700
15359,h2d,1229600,double,153700
15360,h2d,1229600,double,153700
15361,h2d,1229600,double,153700
15362,h2d,1229600,double,153700
15363,h2d,1229600,double,153700
15364,h2d,1229600,double,153700
15365,h2d,1229600,double,153700
15366,h2d,1229600,double,153700
15367,h2d,1229600,double,153700
15368,h2d,1229600,double,153700
15369,h2d,1229600,double,153700
15370,h2d,1229600,double,153700
15371,h2d,1229600,double,153700
15372,h2d,1229600,double,153700
15373,h2d,1229600,double,153700
15374,h2d,1229600,double,153700
15375,h2d,1229600,double,153700
15376,h2d,1229600,double,153700
15377,h2d,1229600,double,153700
15378,d2h,2048,double,256
15379,h2d,1229600,double,153700
15380,h2d,1229600,double,153700
15381,h2d,1229600,double,153700
15382,h2d,1229600,double,153700
15383,h2d,1229600,double,153700
15384,h2d,1229600,double,153700
15385,h2d,1229600,double,153700
15386,h2d,1229600,double,153700
15387,h2d,1229600,double,153700
15388,h2d,1229600,double,153700
15389,h2d,1229600,double,153700
15390,h2d,1229600,double,153700
15391,h2d,1229600,double,153700
15392,h2d,1229600,double,153700
15393,h2d,1229600,double,153700
15394,h2d,1229600,double,153700
15395,h2d,1229600,double,153700
15396,h2d,1229600,double,153700
15397,h2d,1229600,double,153700
15398,h2d,1229600,double,153700
15399,h2d,1229600,double,153700
15400,h2d,1229600,double,153700
15401,h2d,1229600,double,153700
15402,h2d,1229600,double,153700
15403,d2h,2048,double,256
15404,h2d,1229600,double,153700
15405,h2d,1229600,double,153700
15406,h2d,1229600,double,153700
15407,h2d,1229600,double,153700
15408,h2d,1229600,double,153700
15409,h2d,1229600,double,153700
15410,h2d,1229600,double,153700
15411,h2d,1229600,double,153700
15412,h2d,1229600,double,153700
15413,h2d,1229600,double,153700
15414,h2d,1229600,double,153700
15415,h2d,1229600,double,153700
15416,h2d,1229600,double,153700
15417,h2d,1229600,double,153700
15418,h2d,1229600,double,153700
15419,h2d,1229600,double,153700
15420,h2d,1229600,double,153700
15421,h2d,1229600,double,153700
15422,h2d,1229600,double,153700
15423,h2d,1229600,double,153700
15424,h2d,1229600,double,153700
15425,h2d,1229600,double,153700
15426,h2d,1229600,double,153700
15427,h2d,1229600,double,153700
15428,d2h,2048,double,256
15429,h2d,1229600,double,153700
15430,h2d,1229600,double,153700
15431,h2d,1229600,double,153700
15432,h2d,1229600,double,153700
15433,h2d,1229600,double,153700
15434,h2d,1229600,double,153700
15435,h2d,1229600,double,153700
15436,h2d,1229600,double,153700
15437,h2d,1229600,double,153700
15438,h2d,1229600,double,153700
15439,h2d,1229600,double,153700
15440,h2d,1229600,double,153700
15441,h2d,1229600,double,153700
15442,h2d,1229600,double,153700
15443,h2d,1229600,double,153700
15444,h2d,1229600,double,153700
15445,h2d,1229600,double,153700
15446,h2d,1229600,double,153700
15447,h2d,1229600,double,153700
15448,h2d,1229600,double,153700
15449,h2d,1229600,double,153700
15450,h2d,1229600,double,153700
15451,h2d,1229600,double,153700
15452,h2d,1229600,double,153700
15453,d2h,2048,double,256
15454,h2d,1229600,double,153700
15455,h2d,1229600,double,153700
15456,h2d,1229600,double,153700
15457,h2d,1229600,double,153700
15458,h2d,1229600,double,153700
15459,h2d,1229600,double,153700
15460,h2d,1229600,double,153700
15461,h2d,1229600,double,153700
15462,h2d,1229600,double,153700
15463,h2d,1229600,double,153700
15464,h2d,1229600,double,153700
15465,h2d,1229600,double,153700
15466,h2d,1229600,double,153700
15467,h2d,1229600,double,153700
15468,h2d,1229600,double,153700
15469,h2d,1229600,double,153700
15470,h2d,1229600,double,153700
15471,h2d,1229600,double,153700
15472,h2d,1229600,double,153700
15473,h2d,1229600,double,153700
15474,h2d,1229600,double,153700
15475,h2d,1229600,double,153700
15476,h2d,1229600,double,153700
15477,h2d,1229600,double,153700
15478,d2h,2048,double,256
15479,h2d,1229600,double,153700
15480,h2d,1229600,double,153700
15481,h2d,1229600,double,153700
15482,h2d,1229600,double,153700
15483,h2d,1229600,double,153700
15484,h2d,1229600,double,153700
15485,h2d,1229600,double,153700
15486,h2d,1229600,double,153700
15487,h2d,1229600,double,153700
15488,h2d,1229600,double,153700
15489,h2d,1229600,double,153700
15490,h2d,1229600,double,153700
15491,h2d,1229600,double,153700
15492,h2d,1229600,double,153700
15493,h2d,1229600,double,153700
15494,h2d,1229600,double,153700
15495,h2d,1229600,double,153700
15496,h2d,1229600,double,153700
15497,h2d,1229600,double,153700
15498,h2d,1229600,double,153700
15499,h2d,1229600,double,153700
15500,h2d,1229600,double,153700
15501,h2d,1229600,double,153700
15502,h2d,1229600,double,153700
15503,d2h,2048,double,256
15504,h2d,1229600,double,153700
15505,h2d,1229600,double,153700
15506,h2d,1229600,double,153700
15507,h2d,1229600,double,153700
15508,h2d,1229600,double,153700
15509,h2d,1229600,double,153700
15510,h2d,1229600,double,153700
15511,h2d,1229600,double,153700
15512,h2d,1229600,double,153700
15513,h2d,1229600,double,153700
15514,h2d,1229600,double,153700
15515,h2d,1229600,double,153700
15516,h2d,1229600,double,153700
15517,h2d,1229600,double,153700
15518,h2d,1229600,double,153700
15519,h2d,1229600,double,153700
15520,h2d,1229600,double,153700
15521,h2d,1229600,double,153700
15522,h2d,1229600,double,153700
15523,h2d,1229600,double,153700
15524,h2d,1229600,double,153700
15525,h2d,1229600,double,153700
15526,h2d,1229600,double,153700
15527,h2d,1229600,double,153700
15528,d2h,2048,double,256
15529,h2d,1229600,double,153700
15530,h2d,1229600,double,153700
15531,h2d,1229600,double,153700
15532,h2d,1229600,double,153700
15533,h2d,1229600,double,153700
15534,h2d,1229600,double,153700
15535,h2d,1229600,double,153700
15536,h2d,1229600,double,153700
15537,h2d,1229600,double,153700
15538,h2d,1229600,double,153700
15539,h2d,1229600,double,153700
15540,h2d,1229600,double,153700
15541,h2d,1229600,double,153700
15542,h2d,1229600,double,153700
15543,h2d,1229600,double,153700
15544,h2d,1229600,double,153700
15545,h2d,1229600,double,153700
15546,h2d,1229600,double,153700
15547,h2d,1229600,double,153700
15548,h2d,1229600,double,153700
15549,h2d,1229600,double,153700
15550,h2d,1229600,double,153700
15551,h2d,1229600,double,153700
15552,h2d,1229600,double,153700
15553,d2h,2048,double,256
15554,h2d,1229600,double,153700
15555,h2d,1229600,double,153700
15556,h2d,1229600,double,153700
15557,h2d,1229600,double,153700
15558,h2d,1229600,double,153700
15559,h2d,1229600,double,153700
15560,h2d,1229600,double,153700
15561,h2d,1229600,double,153700
15562,h2d,1229600,double,153700
15563,h2d,1229600,double,153700
15564,h2d,1229600,double,153700
15565,h2d,1229600,double,153700
15566,h2d,1229600,double,153700
15567,h2d,1229600,double,153700
15568,h2d,1229600,double,153700
15569,h2d,1229600,double,153700
15570,d2h,2048,double,256
15571,d2h,2048,double,256
15572,d2h,2048,double,256
15573,d2h,2048,double,256
15574,d2h,2048,double,256
15575,h2d,1229600,double,153700
15576,h2d,1229600,double,153700
15577,h2d,1229600,double,153700
15578,h2d,1229600,double,153700
15579,h2d,1229600,double,153700
15580,h2d,1229600,double,153700
15581,h2d,1229600,double,153700
15582,h2d,1229600,double,153700
15583,d2h,2048,double,256
15584,h2d,1229600,double,153700
15585,h2d,1229600,double,153700
15586,h2d,1229600,double,153700
15587,h2d,1229600,double,153700
15588,h2d,1229600,double,153700
15589,h2d,1229600,double,153700
15590,h2d,1229600,double,153700
15591,h2d,1229600,double,153700
15592,h2d,1229600,double,153700
15593,h2d,1229600,double,153700
15594,h2d,1229600,double,153700
15595,h2d,1229600,double,153700
15596,h2d,1229600,double,153700
15597,h2d,1229600,double,153700
15598,h2d,1229600,double,153700
15599,h2d,1229600,double,153700
15600,h2d,1229600,double,153700
15601,h2d,1229600,double,153700
15602,h2d,1229600,double,153700
15603,h2d,1229600,double,153700
15604,h2d,1229600,double,153700
15605,h2d,1229600,double,153700
15606,h2d,1229600,double,153700
15607,h2d,1229600,double,153700
15608,d2h,2048,double,256
15609,h2d,1229600,double,153700
15610,h2d,1229600,double,153700
15611,h2d,1229600,double,153700
15612,h2d,1229600,double,153700
15613,h2d,1229600,double,153700
15614,h2d,1229600,double,153700
15615,h2d,1229600,double,153700
15616,h2d,1229600,double,153700
15617,h2d,1229600,double,153700
15618,h2d,1229600,double,153700
15619,h2d,1229600,double,153700
15620,h2d,1229600,double,153700
15621,h2d,1229600,double,153700
15622,h2d,1229600,double,153700
15623,h2d,1229600,double,153700
15624,h2d,1229600,double,153700
15625,h2d,1229600,double,153700
15626,h2d,1229600,double,153700
15627,h2d,1229600,double,153700
15628,h2d,1229600,double,153700
15629,h2d,1229600,double,153700
15630,h2d,1229600,double,153700
15631,h2d,1229600,double,153700
15632,h2d,1229600,double,153700
15633,d2h,2048,double,256
15634,h2d,1229600,double,153700
15635,h2d,1229600,double,153700
15636,h2d,1229600,double,153700
15637,h2d,1229600,double,153700
15638,h2d,1229600,double,153700
15639,h2d,1229600,double,153700
15640,h2d,1229600,double,153700
15641,h2d,1229600,double,153700
15642,h2d,1229600,double,153700
15643,h2d,1229600,double,153700
15644,h2d,1229600,double,153700
15645,h2d,1229600,double,153700
15646,h2d,1229600,double,153700
15647,h2d,1229600,double,153700
15648,h2d,1229600,double,153700
15649,h2d,1229600,double,153700
15650,h2d,1229600,double,153700
15651,h2d,1229600,double,153700
15652,h2d,1229600,double,153700
15653,h2d,1229600,double,153700
15654,h2d,1229600,double,153700
15655,h2d,1229600,double,153700
15656,h2d,1229600,double,153700
15657,h2d,1229600,double,153700
15658,d2h,2048,double,256
15659,h2d,1229600,double,153700
15660,h2d,1229600,double,153700
15661,h2d,1229600,double,153700
15662,h2d,1229600,double,153700
15663,h2d,1229600,double,153700
15664,h2d,1229600,double,153700
15665,h2d,1229600,double,153700
15666,h2d,1229600,double,153700
15667,h2d,1229600,double,153700
15668,h2d,1229600,double,153700
15669,h2d,1229600,double,153700
15670,h2d,1229600,double,153700
15671,h2d,1229600,double,153700
15672,h2d,1229600,double,153700
15673,h2d,1229600,double,153700
15674,h2d,1229600,double,153700
15675,h2d,1229600,double,153700
15676,h2d,1229600,double,153700
15677,h2d,1229600,double,153700
15678,h2d,1229600,double,153700
15679,h2d,1229600,double,153700
15680,h2d,1229600,double,153700
15681,h2d,1229600,double,153700
15682,h2d,1229600,double,153700
15683,d2h,2048,double,256
15684,h2d,1229600,double,153700
15685,h2d,1229600,double,153700
15686,h2d,1229600,double,153700
15687,h2d,1229600,double,153700
15688,h2d,1229600,double,153700
15689,h2d,1229600,double,153700
15690,h2d,1229600,double,153700
15691,h2d,1229600,double,153700
15692,h2d,1229600,double,153700
15693,h2d,1229600,double,153700
15694,h2d,1229600,double,153700
15695,h2d,1229600,double,153700
15696,h2d,1229600,double,153700
15697,h2d,1229600,double,153700
15698,h2d,1229600,double,153700
15699,h2d,1229600,double,153700
15700,h2d,1229600,double,153700
15701,h2d,1229600,double,153700
15702,h2d,1229600,double,153700
15703,h2d,1229600,double,153700
15704,h2d,1229600,double,153700
15705,h2d,1229600,double,153700
15706,h2d,1229600,double,153700
15707,h2d,1229600,double,153700
15708,d2h,2048,double,256
15709,h2d,1229600,double,153700
15710,h2d,1229600,double,153700
15711,h2d,1229600,double,153700
15712,h2d,1229600,double,153700
15713,h2d,1229600,double,153700
15714,h2d,1229600,double,153700
15715,h2d,1229600,double,153700
15716,h2d,1229600,double,153700
15717,h2d,1229600,double,153700
15718,h2d,1229600,double,153700
15719,h2d,1229600,double,153700
15720,h2d,1229600,double,153700
15721,h2d,1229600,double,153700
15722,h2d,1229600,double,153700
15723,h2d,1229600,double,153700
15724,h2d,1229600,double,153700
15725,h2d,1229600,double,153700
15726,h2d,1229600,double,153700
15727,h2d,1229600,double,153700
15728,h2d,1229600,double,153700
15729,h2d,1229600,double,153700
15730,h2d,1229600,double,153700
15731,h2d,1229600,double,153700
15732,h2d,1229600,double,153700
15733,d2h,2048,double,256
15734,h2d,1229600,double,153700
15735,h2d,1229600,double,153700
15736,h2d,1229600,double,153700
15737,h2d,1229600,double,153700
15738,h2d,1229600,double,153700
15739,h2d,1229600,double,153700
15740,h2d,1229600,double,153700
15741,h2d,1229600,double,153700
15742,h2d,1229600,double,153700
15743,h2d,1229600,double,153700
15744,h2d,1229600,double,153700
15745,h2d,1229600,double,153700
15746,h2d,1229600,double,153700
15747,h2d,1229600,double,153700
15748,h2d,1229600,double,153700
15749,h2d,1229600,double,153700
15750,h2d,1229600,double,153700
15751,h2d,1229600,double,153700
15752,h2d,1229600,double,153700
15753,h2d,1229600,double,153700
15754,h2d,1229600,double,153700
15755,h2d,1229600,double,153700
15756,h2d,1229600,double,153700
15757,h2d,1229600,double,153700
15758,d2h,2048,double,256
15759,h2d,1229600,double,153700
15760,h2d,1229600,double,153700
15761,h2d,1229600,double,153700
15762,h2d,1229600,double,153700
15763,h2d,1229600,double,153700
15764,h2d,1229600,double,153700
15765,h2d,1229600,double,153700
15766,h2d,1229600,double,153700
15767,h2d,1229600,double,153700
15768,h2d,1229600,double,153700
15769,h2d,1229600,double,153700
15770,h2d,1229600,double,153700
15771,h2d,1229600,double,153700
15772,h2d,1229600,double,153700
15773,h2d,1229600,double,153700
15774,h2d,1229600,double,153700
15775,h2d,1229600,double,153700
15776,h2d,1229600,double,153700
15777,h2d,1229600,double,153700
15778,h2d,1229600,double,153700
15779,h2d,1229600,double,153700
15780,h2d,1229600,double,153700
15781,h2d,1229600,double,153700
15782,h2d,1229600,double,153700
15783,d2h,2048,double,256
15784,h2d,1229600,double,153700
15785,h2d,1229600,double,153700
15786,h2d,1229600,double,153700
15787,h2d,1229600,double,153700
15788,h2d,1229600,double,153700
15789,h2d,1229600,double,153700
15790,h2d,1229600,double,153700
15791,h2d,1229600,double,153700
15792,h2d,1229600,double,153700
15793,h2d,1229600,double,153700
15794,h2d,1229600,double,153700
15795,h2d,1229600,double,153700
15796,h2d,1229600,double,153700
15797,h2d,1229600,double,153700
15798,h2d,1229600,double,153700
15799,h2d,1229600,double,153700
15800,h2d,1229600,double,153700
15801,h2d,1229600,double,153700
15802,h2d,1229600,double,153700
15803,h2d,1229600,double,153700
15804,h2d,1229600,double,153700
15805,h2d,1229600,double,153700
15806,h2d,1229600,double,153700
15807,h2d,1229600,double,153700
15808,d2h,2048,double,256
15809,h2d,1229600,double,153700
15810,h2d,1229600,double,153700
15811,h2d,1229600,double,153700
15812,h2d,1229600,double,153700
15813,h2d,1229600,double,153700
15814,h2d,1229600,double,153700
15815,h2d,1229600,double,153700
15816,h2d,1229600,double,153700
15817,h2d,1229600,double,153700
15818,h2d,1229600,double,153700
15819,h2d,1229600,double,153700
15820,h2d,1229600,double,153700
15821,h2d,1229600,double,153700
15822,h2d,1229600,double,153700
15823,h2d,1229600,double,153700
15824,h2d,1229600,double,153700
15825,d2h,2048,double,256
15826,d2h,2048,double,256
15827,d2h,2048,double,256
15828,d2h,2048,double,256
15829,d2h,2048,double,256
15830,h2d,1229600,double,153700
15831,h2d,1229600,double,153700
15832,h2d,1229600,double,153700
15833,h2d,1229600,double,153700
15834,h2d,1229600,double,153700
15835,h2d,1229600,double,153700
15836,h2d,1229600,double,153700
15837,h2d,1229600,double,153700
15838,d2h,2048,double,256
15839,h2d,1229600,double,153700
15840,h2d,1229600,double,153700
15841,h2d,1229600,double,153700
15842,h2d,1229600,double,153700
15843,h2d,1229600,double,153700
15844,h2d,1229600,double,153700
15845,h2d,1229600,double,153700
15846,h2d,1229600,double,153700
15847,h2d,1229600,double,153700
15848,h2d,1229600,double,153700
15849,h2d,1229600,double,153700
15850,h2d,1229600,double,153700
15851,h2d,1229600,double,153700
15852,h2d,1229600,double,153700
15853,h2d,1229600,double,153700
15854,h2d,1229600,double,153700
15855,h2d,1229600,double,153700
15856,h2d,1229600,double,153700
15857,h2d,1229600,double,153700
15858,h2d,1229600,double,153700
15859,h2d,1229600,double,153700
15860,h2d,1229600,double,153700
15861,h2d,1229600,double,153700
15862,h2d,1229600,double,153700
15863,d2h,2048,double,256
15864,h2d,1229600,double,153700
15865,h2d,1229600,double,153700
15866,h2d,1229600,double,153700
15867,h2d,1229600,double,153700
15868,h2d,1229600,double,153700
15869,h2d,1229600,double,153700
15870,h2d,1229600,double,153700
15871,h2d,1229600,double,153700
15872,h2d,1229600,double,153700
15873,h2d,1229600,double,153700
15874,h2d,1229600,double,153700
15875,h2d,1229600,double,153700
15876,h2d,1229600,double,153700
15877,h2d,1229600,double,153700
15878,h2d,1229600,double,153700
15879,h2d,1229600,double,153700
15880,h2d,1229600,double,153700
15881,h2d,1229600,double,153700
15882,h2d,1229600,double,153700
15883,h2d,1229600,double,153700
15884,h2d,1229600,double,153700
15885,h2d,1229600,double,153700
15886,h2d,1229600,double,153700
15887,h2d,1229600,double,153700
15888,d2h,2048,double,256
15889,h2d,1229600,double,153700
15890,h2d,1229600,double,153700
15891,h2d,1229600,double,153700
15892,h2d,1229600,double,153700
15893,h2d,1229600,double,153700
15894,h2d,1229600,double,153700
15895,h2d,1229600,double,153700
15896,h2d,1229600,double,153700
15897,h2d,1229600,double,153700
15898,h2d,1229600,double,153700
15899,h2d,1229600,double,153700
15900,h2d,1229600,double,153700
15901,h2d,1229600,double,153700
15902,h2d,1229600,double,153700
15903,h2d,1229600,double,153700
15904,h2d,1229600,double,153700
15905,h2d,1229600,double,153700
15906,h2d,1229600,double,153700
15907,h2d,1229600,double,153700
15908,h2d,1229600,double,153700
15909,h2d,1229600,double,153700
15910,h2d,1229600,double,153700
15911,h2d,1229600,double,153700
15912,h2d,1229600,double,153700
15913,d2h,2048,double,256
15914,h2d,1229600,double,153700
15915,h2d,1229600,double,153700
15916,h2d,1229600,double,153700
15917,h2d,1229600,double,153700
15918,h2d,1229600,double,153700
15919,h2d,1229600,double,153700
15920,h2d,1229600,double,153700
15921,h2d,1229600,double,153700
15922,h2d,1229600,double,153700
15923,h2d,1229600,double,153700
15924,h2d,1229600,double,153700
15925,h2d,1229600,double,153700
15926,h2d,1229600,double,153700
15927,h2d,1229600,double,153700
15928,h2d,1229600,double,153700
15929,h2d,1229600,double,153700
15930,h2d,1229600,double,153700
15931,h2d,1229600,double,153700
15932,h2d,1229600,double,153700
15933,h2d,1229600,double,153700
15934,h2d,1229600,double,153700
15935,h2d,1229600,double,153700
15936,h2d,1229600,double,153700
15937,h2d,1229600,double,153700
15938,d2h,2048,double,256
15939,h2d,1229600,double,153700
15940,h2d,1229600,double,153700
15941,h2d,1229600,double,153700
15942,h2d,1229600,double,153700
15943,h2d,1229600,double,153700
15944,h2d,1229600,double,153700
15945,h2d,1229600,double,153700
15946,h2d,1229600,double,153700
15947,h2d,1229600,double,153700
15948,h2d,1229600,double,153700
15949,h2d,1229600,double,153700
15950,h2d,1229600,double,153700
15951,h2d,1229600,double,153700
15952,h2d,1229600,double,153700
15953,h2d,1229600,double,153700
15954,h2d,1229600,double,153700
15955,h2d,1229600,double,153700
15956,h2d,1229600,double,153700
15957,h2d,1229600,double,153700
15958,h2d,1229600,double,153700
15959,h2d,1229600,double,153700
15960,h2d,1229600,double,153700
15961,h2d,1229600,double,153700
15962,h2d,1229600,double,153700
15963,d2h,2048,double,256
15964,h2d,1229600,double,153700
15965,h2d,1229600,double,153700
15966,h2d,1229600,double,153700
15967,h2d,1229600,double,153700
15968,h2d,1229600,double,153700
15969,h2d,1229600,double,153700
15970,h2d,1229600,double,153700
15971,h2d,1229600,double,153700
15972,h2d,1229600,double,153700
15973,h2d,1229600,double,153700
15974,h2d,1229600,double,153700
15975,h2d,1229600,double,153700
15976,h2d,1229600,double,153700
15977,h2d,1229600,double,153700
15978,h2d,1229600,double,153700
15979,h2d,1229600,double,153700
15980,h2d,1229600,double,153700
15981,h2d,1229600,double,153700
15982,h2d,1229600,double,153700
15983,h2d,1229600,double,153700
15984,h2d,1229600,double,153700
15985,h2d,1229600,double,153700
15986,h2d,1229600,double,153700
15987,h2d,1229600,double,153700
15988,d2h,2048,double,256
15989,h2d,1229600,double,153700
15990,h2d,1229600,double,153700
15991,h2d,1229600,double,153700
15992,h2d,1229600,double,153700
15993,h2d,1229600,double,153700
15994,h2d,1229600,double,153700
15995,h2d,1229600,double,153700
15996,h2d,1229600,double,153700
15997,h2d,1229600,double,153700
15998,h2d,1229600,double,153700
15999,h2d,1229600,double,153700
16000,h2d,1229600,double,153700
16001,h2d,1229600,double,153700
16002,h2d,1229600,double,153700
16003,h2d,1229600,double,153700
16004,h2d,1229600,double,153700
16005,h2d,1229600,double,153700
16006,h2d,1229600,double,153700
16007,h2d,1229600,double,153700
16008,h2d,1229600,double,153700
16009,h2d,1229600,double,153700
16010,h2d,1229600,double,153700
16011,h2d,1229600,double,153700
16012,h2d,1229600,double,153700
16013,d2h,2048,double,256
16014,h2d,1229600,double,153700
16015,h2d,1229600,double,153700
16016,h2d,1229600,double,153700
16017,h2d,1229600,double,153700
16018,h2d,1229600,double,153700
16019,h2d,1229600,double,153700
16020,h2d,1229600,double,153700
16021,h2d,1229600,double,153700
16022,h2d,1229600,double,153700
16023,h2d,1229600,double,153700
16024,h2d,1229600,double,153700
16025,h2d,1229600,double,153700
16026,h2d,1229600,double,153700
16027,h2d,1229600,double,153700
16028,h2d,1229600,double,153700
16029,h2d,1229600,double,153700
16030,h2d,1229600,double,153700
16031,h2d,1229600,double,153700
16032,h2d,1229600,double,153700
16033,h2d,1229600,double,153700
16034,h2d,1229600,double,153700
16035,h2d,1229600,double,153700
16036,h2d,1229600,double,153700
16037,h2d,1229600,double,153700
16038,d2h,2048,double,256
16039,h2d,1229600,double,153700
16040,h2d,1229600,double,153700
16041,h2d,1229600,double,153700
16042,h2d,1229600,double,153700
16043,h2d,1229600,double,153700
16044,h2d,1229600,double,153700
16045,h2d,1229600,double,153700
16046,h2d,1229600,double,153700
16047,h2d,1229600,double,153700
16048,h2d,1229600,double,153700
16049,h2d,1229600,double,153700
16050,h2d,1229600,double,153700
16051,h2d,1229600,double,153700
16052,h2d,1229600,double,153700
16053,h2d,1229600,double,153700
16054,h2d,1229600,double,153700
16055,h2d,1229600,double,153700
16056,h2d,1229600,double,153700
16057,h2d,1229600,double,153700
16058,h2d,1229600,double,153700
16059,h2d,1229600,double,153700
16060,h2d,1229600,double,153700
16061,h2d,1229600,double,153700
16062,h2d,1229600,double,153700
16063,d2h,2048,double,256
16064,h2d,1229600,double,153700
16065,h2d,1229600,double,153700
16066,h2d,1229600,double,153700
16067,h2d,1229600,double,153700
16068,h2d,1229600,double,153700
16069,h2d,1229600,double,153700
16070,h2d,1229600,double,153700
16071,h2d,1229600,double,153700
16072,h2d,1229600,double,153700
16073,h2d,1229600,double,153700
16074,h2d,1229600,double,153700
16075,h2d,1229600,double,153700
16076,h2d,1229600,double,153700
16077,h2d,1229600,double,153700
16078,h2d,1229600,double,153700
16079,h2d,1229600,double,153700
16080,d2h,2048,double,256
16081,d2h,2048,double,256
16082,d2h,2048,double,256
16083,d2h,2048,double,256
16084,d2h,2048,double,256
16085,h2d,1229600,double,153700
16086,h2d,1229600,double,153700
16087,h2d,1229600,double,153700
16088,h2d,1229600,double,153700
16089,h2d,1229600,double,153700
16090,h2d,1229600,double,153700
16091,h2d,1229600,double,153700
16092,h2d,1229600,double,153700
16093,d2h,2048,double,256
16094,h2d,1229600,double,153700
16095,h2d,1229600,double,153700
16096,h2d,1229600,double,153700
16097,h2d,1229600,double,153700
16098,h2d,1229600,double,153700
16099,h2d,1229600,double,153700
16100,h2d,1229600,double,153700
16101,h2d,1229600,double,153700
16102,h2d,1229600,double,153700
16103,h2d,1229600,double,153700
16104,h2d,1229600,double,153700
16105,h2d,1229600,double,153700
16106,h2d,1229600,double,153700
16107,h2d,1229600,double,153700
16108,h2d,1229600,double,153700
16109,h2d,1229600,double,153700
16110,h2d,1229600,double,153700
16111,h2d,1229600,double,153700
16112,h2d,1229600,double,153700
16113,h2d,1229600,double,153700
16114,h2d,1229600,double,153700
16115,h2d,1229600,double,153700
16116,h2d,1229600,double,153700
16117,h2d,1229600,double,153700
16118,d2h,2048,double,256
16119,h2d,1229600,double,153700
16120,h2d,1229600,double,153700
16121,h2d,1229600,double,153700
16122,h2d,1229600,double,153700
16123,h2d,1229600,double,153700
16124,h2d,1229600,double,153700
16125,h2d,1229600,double,153700
16126,h2d,1229600,double,153700
16127,h2d,1229600,double,153700
16128,h2d,1229600,double,153700
16129,h2d,1229600,double,153700
16130,h2d,1229600,double,153700
16131,h2d,1229600,double,153700
16132,h2d,1229600,double,153700
16133,h2d,1229600,double,153700
16134,h2d,1229600,double,153700
16135,h2d,1229600,double,153700
16136,h2d,1229600,double,153700
16137,h2d,1229600,double,153700
16138,h2d,1229600,double,153700
16139,h2d,1229600,double,153700
16140,h2d,1229600,double,153700
16141,h2d,1229600,double,153700
16142,h2d,1229600,double,153700
16143,d2h,2048,double,256
16144,h2d,1229600,double,153700
16145,h2d,1229600,double,153700
16146,h2d,1229600,double,153700
16147,h2d,1229600,double,153700
16148,h2d,1229600,double,153700
16149,h2d,1229600,double,153700
16150,h2d,1229600,double,153700
16151,h2d,1229600,double,153700
16152,h2d,1229600,double,153700
16153,h2d,1229600,double,153700
16154,h2d,1229600,double,153700
16155,h2d,1229600,double,153700
16156,h2d,1229600,double,153700
16157,h2d,1229600,double,153700
16158,h2d,1229600,double,153700
16159,h2d,1229600,double,153700
16160,h2d,1229600,double,153700
16161,h2d,1229600,double,153700
16162,h2d,1229600,double,153700
16163,h2d,1229600,double,153700
16164,h2d,1229600,double,153700
16165,h2d,1229600,double,153700
16166,h2d,1229600,double,153700
16167,h2d,1229600,double,153700
16168,d2h,2048,double,256
16169,h2d,1229600,double,153700
16170,h2d,1229600,double,153700
16171,h2d,1229600,double,153700
16172,h2d,1229600,double,153700
16173,h2d,1229600,double,153700
16174,h2d,1229600,double,153700
16175,h2d,1229600,double,153700
16176,h2d,1229600,double,153700
16177,h2d,1229600,double,153700
16178,h2d,1229600,double,153700
16179,h2d,1229600,double,153700
16180,h2d,1229600,double,153700
16181,h2d,1229600,double,153700
16182,h2d,1229600,double,153700
16183,h2d,1229600,double,153700
16184,h2d,1229600,double,153700
16185,h2d,1229600,double,153700
16186,h2d,1229600,double,153700
16187,h2d,1229600,double,153700
16188,h2d,1229600,double,153700
16189,h2d,1229600,double,153700
16190,h2d,1229600,double,153700
16191,h2d,1229600,double,153700
16192,h2d,1229600,double,153700
16193,d2h,2048,double,256
16194,h2d,1229600,double,153700
16195,h2d,1229600,double,153700
16196,h2d,1229600,double,153700
16197,h2d,1229600,double,153700
16198,h2d,1229600,double,153700
16199,h2d,1229600,double,153700
16200,h2d,1229600,double,153700
16201,h2d,1229600,double,153700
16202,h2d,1229600,double,153700
16203,h2d,1229600,double,153700
16204,h2d,1229600,double,153700
16205,h2d,1229600,double,153700
16206,h2d,1229600,double,153700
16207,h2d,1229600,double,153700
16208,h2d,1229600,double,153700
16209,h2d,1229600,double,153700
16210,h2d,1229600,double,153700
16211,h2d,1229600,double,153700
16212,h2d,1229600,double,153700
16213,h2d,1229600,double,153700
16214,h2d,1229600,double,153700
16215,h2d,1229600,double,153700
16216,h2d,1229600,double,153700
16217,h2d,1229600,double,153700
16218,d2h,2048,double,256
16219,h2d,1229600,double,153700
16220,h2d,1229600,double,153700
16221,h2d,1229600,double,153700
16222,h2d,1229600,double,153700
16223,h2d,1229600,double,153700
16224,h2d,1229600,double,153700
16225,h2d,1229600,double,153700
16226,h2d,1229600,double,153700
16227,h2d,1229600,double,153700
16228,h2d,1229600,double,153700
16229,h2d,1229600,double,153700
16230,h2d,1229600,double,153700
16231,h2d,1229600,double,153700
16232,h2d,1229600,double,153700
16233,h2d,1229600,double,153700
16234,h2d,1229600,double,153700
16235,h2d,1229600,double,153700
16236,h2d,1229600,double,153700
16237,h2d,1229600,double,153700
16238,h2d,1229600,double,153700
16239,h2d,1229600,double,153700
16240,h2d,1229600,double,153700
16241,h2d,1229600,double,153700
16242,h2d,1229600,double,153700
16243,d2h,2048,double,256
16244,h2d,1229600,double,153700
16245,h2d,1229600,double,153700
16246,h2d,1229600,double,153700
16247,h2d,1229600,double,153700
16248,h2d,1229600,double,153700
16249,h2d,1229600,double,153700
16250,h2d,1229600,double,153700
16251,h2d,1229600,double,153700
16252,h2d,1229600,double,153700
16253,h2d,1229600,double,153700
16254,h2d,1229600,double,153700
16255,h2d,1229600,double,153700
16256,h2d,1229600,double,153700
16257,h2d,1229600,double,153700
16258,h2d,1229600,double,153700
16259,h2d,1229600,double,153700
16260,h2d,1229600,double,153700
16261,h2d,1229600,double,153700
16262,h2d,1229600,double,153700
16263,h2d,1229600,double,153700
16264,h2d,1229600,double,153700
16265,h2d,1229600,double,153700
16266,h2d,1229600,double,153700
16267,h2d,1229600,double,153700
16268,d2h,2048,double,256
16269,h2d,1229600,double,153700
16270,h2d,1229600,double,153700
16271,h2d,1229600,double,153700
16272,h2d,1229600,double,153700
16273,h2d,1229600,double,153700
16274,h2d,1229600,double,153700
16275,h2d,1229600,double,153700
16276,h2d,1229600,double,153700
16277,h2d,1229600,double,153700
16278,h2d,1229600,double,153700
16279,h2d,1229600,double,153700
16280,h2d,1229600,double,153700
16281,h2d,1229600,double,153700
16282,h2d,1229600,double,153700
16283,h2d,1229600,double,153700
16284,h2d,1229600,double,153700
16285,h2d,1229600,double,153700
16286,h2d,1229600,double,153700
16287,h2d,1229600,double,153700
16288,h2d,1229600,double,153700
16289,h2d,1229600,double,153700
16290,h2d,1229600,double,153700
16291,h2d,1229600,double,153700
16292,h2d,1229600,double,153700
16293,d2h,2048,double,256
16294,h2d,1229600,double,153700
16295,h2d,1229600,double,153700
16296,h2d,1229600,double,153700
16297,h2d,1229600,double,153700
16298,h2d,1229600,double,153700
16299,h2d,1229600,double,153700
16300,h2d,1229600,double,153700
16301,h2d,1229600,double,153700
16302,h2d,1229600,double,153700
16303,h2d,1229600,double,153700
16304,h2d,1229600,double,153700
16305,h2d,1229600,double,153700
16306,h2d,1229600,double,153700
16307,h2d,1229600,double,153700
16308,h2d,1229600,double,153700
16309,h2d,1229600,double,153700
16310,h2d,1229600,double,153700
16311,h2d,1229600,double,153700
16312,h2d,1229600,double,153700
16313,h2d,1229600,double,153700
16314,h2d,1229600,double,153700
16315,h2d,1229600,double,153700
16316,h2d,1229600,double,153700
16317,h2d,1229600,double,153700
16318,d2h,2048,double,256
16319,h2d,1229600,double,153700
16320,h2d,1229600,double,153700
16321,h2d,1229600,double,153700
16322,h2d,1229600,double,153700
16323,h2d,1229600,double,153700
16324,h2d,1229600,double,153700
16325,h2d,1229600,double,153700
16326,h2d,1229600,double,153700
16327,h2d,1229600,double,153700
16328,h2d,1229600,double,153700
16329,h2d,1229600,double,153700
16330,h2d,1229600,double,153700
16331,h2d,1229600,double,153700
16332,h2d,1229600,double,153700
16333,h2d,1229600,double,153700
16334,h2d,1229600,double,153700
16335,d2h,2048,double,256
16336,d2h,2048,double,256
16337,d2h,2048,double,256
16338,d2h,2048,double,256
16339,d2h,2048,double,256
16340,h2d,1229600,double,153700
16341,h2d,1229600,double,153700
16342,h2d,1229600,double,153700
16343,h2d,1229600,double,153700
16344,h2d,1229600,double,153700
16345,h2d,1229600,double,153700
16346,h2d,1229600,double,153700
16347,h2d,1229600,double,153700
16348,d2h,2048,double,256
16349,h2d,1229600,double,153700
16350,h2d,1229600,double,153700
16351,h2d,1229600,double,153700
16352,h2d,1229600,double,153700
16353,h2d,1229600,double,153700
16354,h2d,1229600,double,153700
16355,h2d,1229600,double,153700
16356,h2d,1229600,double,153700
16357,h2d,1229600,double,153700
16358,h2d,1229600,double,153700
16359,h2d,1229600,double,153700
16360,h2d,1229600,double,153700
16361,h2d,1229600,double,153700
16362,h2d,1229600,double,153700
16363,h2d,1229600,double,153700
16364,h2d,1229600,double,153700
16365,h2d,1229600,double,153700
16366,h2d,1229600,double,153700
16367,h2d,1229600,double,153700
16368,h2d,1229600,double,153700
16369,h2d,1229600,double,153700
16370,h2d,1229600,double,153700
16371,h2d,1229600,double,153700
16372,h2d,1229600,double,153700
16373,d2h,2048,double,256
16374,h2d,1229600,double,153700
16375,h2d,1229600,double,153700
16376,h2d,1229600,double,153700
16377,h2d,1229600,double,153700
16378,h2d,1229600,double,153700
16379,h2d,1229600,double,153700
16380,h2d,1229600,double,153700
16381,h2d,1229600,double,153700
16382,h2d,1229600,double,153700
16383,h2d,1229600,double,153700
16384,h2d,1229600,double,153700
16385,h2d,1229600,double,153700
16386,h2d,1229600,double,153700
16387,h2d,1229600,double,153700
16388,h2d,1229600,double,153700
16389,h2d,1229600,double,153700
16390,h2d,1229600,double,153700
16391,h2d,1229600,double,153700
16392,h2d,1229600,double,153700
16393,h2d,1229600,double,153700
16394,h2d,1229600,double,153700
16395,h2d,1229600,double,153700
16396,h2d,1229600,double,153700
16397,h2d,1229600,double,153700
16398,d2h,2048,double,256
16399,h2d,1229600,double,153700
16400,h2d,1229600,double,153700
16401,h2d,1229600,double,153700
16402,h2d,1229600,double,153700
16403,h2d,1229600,double,153700
16404,h2d,1229600,double,153700
16405,h2d,1229600,double,153700
16406,h2d,1229600,double,153700
16407,h2d,1229600,double,153700
16408,h2d,1229600,double,153700
16409,h2d,1229600,double,153700
16410,h2d,1229600,double,153700
16411,h2d,1229600,double,153700
16412,h2d,1229600,double,153700
16413,h2d,1229600,double,153700
16414,h2d,1229600,double,153700
16415,h2d,1229600,double,153700
16416,h2d,1229600,double,153700
16417,h2d,1229600,double,153700
16418,h2d,1229600,double,153700
16419,h2d,1229600,double,153700
16420,h2d,1229600,double,153700
16421,h2d,1229600,double,153700
16422,h2d,1229600,double,153700
16423,d2h,2048,double,256
16424,h2d,1229600,double,153700
16425,h2d,1229600,double,153700
16426,h2d,1229600,double,153700
16427,h2d,1229600,double,153700
16428,h2d,1229600,double,153700
16429,h2d,1229600,double,153700
16430,h2d,1229600,double,153700
16431,h2d,1229600,double,153700
16432,h2d,1229600,double,153700
16433,h2d,1229600,double,153700
16434,h2d,1229600,double,153700
16435,h2d,1229600,double,153700
16436,h2d,1229600,double,153700
16437,h2d,1229600,double,153700
16438,h2d,1229600,double,153700
16439,h2d,1229600,double,153700
16440,h2d,1229600,double,153700
16441,h2d,1229600,double,153700
16442,h2d,1229600,double,153700
16443,h2d,1229600,double,153700
16444,h2d,1229600,double,153700
16445,h2d,1229600,double,153700
16446,h2d,1229600,double,153700
16447,h2d,1229600,double,153700
16448,d2h,2048,double,256
16449,h2d,1229600,double,153700
16450,h2d,1229600,double,153700
16451,h2d,1229600,double,153700
16452,h2d,1229600,double,153700
16453,h2d,1229600,double,153700
16454,h2d,1229600,double,153700
16455,h2d,1229600,double,153700
16456,h2d,1229600,double,153700
16457,h2d,1229600,double,153700
16458,h2d,1229600,double,153700
16459,h2d,1229600,double,153700
16460,h2d,1229600,double,153700
16461,h2d,1229600,double,153700
16462,h2d,1229600,double,153700
16463,h2d,1229600,double,153700
16464,h2d,1229600,double,153700
16465,h2d,1229600,double,153700
16466,h2d,1229600,double,153700
16467,h2d,1229600,double,153700
16468,h2d,1229600,double,153700
16469,h2d,1229600,double,153700
16470,h2d,1229600,double,153700
16471,h2d,1229600,double,153700
16472,h2d,1229600,double,153700
16473,d2h,2048,double,256
16474,h2d,1229600,double,153700
16475,h2d,1229600,double,153700
16476,h2d,1229600,double,153700
16477,h2d,1229600,double,153700
16478,h2d,1229600,double,153700
16479,h2d,1229600,double,153700
16480,h2d,1229600,double,153700
16481,h2d,1229600,double,153700
16482,h2d,1229600,double,153700
16483,h2d,1229600,double,153700
16484,h2d,1229600,double,153700
16485,h2d,1229600,double,153700
16486,h2d,1229600,double,153700
16487,h2d,1229600,double,153700
16488,h2d,1229600,double,153700
16489,h2d,1229600,double,153700
16490,h2d,1229600,double,153700
16491,h2d,1229600,double,153700
16492,h2d,1229600,double,153700
16493,h2d,1229600,double,153700
16494,h2d,1229600,double,153700
16495,h2d,1229600,double,153700
16496,h2d,1229600,double,153700
16497,h2d,1229600,double,153700
16498,d2h,2048,double,256
16499,h2d,1229600,double,153700
16500,h2d,1229600,double,153700
16501,h2d,1229600,double,153700
16502,h2d,1229600,double,153700
16503,h2d,1229600,double,153700
16504,h2d,1229600,double,153700
16505,h2d,1229600,double,153700
16506,h2d,1229600,double,153700
16507,h2d,1229600,double,153700
16508,h2d,1229600,double,153700
16509,h2d,1229600,double,153700
16510,h2d,1229600,double,153700
16511,h2d,1229600,double,153700
16512,h2d,1229600,double,153700
16513,h2d,1229600,double,153700
16514,h2d,1229600,double,153700
16515,h2d,1229600,double,153700
16516,h2d,1229600,double,153700
16517,h2d,1229600,double,153700
16518,h2d,1229600,double,153700
16519,h2d,1229600,double,153700
16520,h2d,1229600,double,153700
16521,h2d,1229600,double,153700
16522,h2d,1229600,double,153700
16523,d2h,2048,double,256
16524,h2d,1229600,double,153700
16525,h2d,1229600,double,153700
16526,h2d,1229600,double,153700
16527,h2d,1229600,double,153700
16528,h2d,1229600,double,153700
16529,h2d,1229600,double,153700
16530,h2d,1229600,double,153700
16531,h2d,1229600,double,153700
16532,h2d,1229600,double,153700
16533,h2d,1229600,double,153700
16534,h2d,1229600,double,153700
16535,h2d,1229600,double,153700
16536,h2d,1229600,double,153700
16537,h2d,1229600,double,153700
16538,h2d,1229600,double,153700
16539,h2d,1229600,double,153700
16540,h2d,1229600,double,153700
16541,h2d,1229600,double,153700
16542,h2d,1229600,double,153700
16543,h2d,1229600,double,153700
16544,h2d,1229600,double,153700
16545,h2d,1229600,double,153700
16546,h2d,1229600,double,153700
16547,h2d,1229600,double,153700
16548,d2h,2048,double,256
16549,h2d,1229600,double,153700
16550,h2d,1229600,double,153700
16551,h2d,1229600,double,153700
16552,h2d,1229600,double,153700
16553,h2d,1229600,double,153700
16554,h2d,1229600,double,153700
16555,h2d,1229600,double,153700
16556,h2d,1229600,double,153700
16557,h2d,1229600,double,153700
16558,h2d,1229600,double,153700
16559,h2d,1229600,double,153700
16560,h2d,1229600,double,153700
16561,h2d,1229600,double,153700
16562,h2d,1229600,double,153700
16563,h2d,1229600,double,153700
16564,h2d,1229600,double,153700
16565,h2d,1229600,double,153700
16566,h2d,1229600,double,153700
16567,h2d,1229600,double,153700
16568,h2d,1229600,double,153700
16569,h2d,1229600,double,153700
16570,h2d,1229600,double,153700
16571,h2d,1229600,double,153700
16572,h2d,1229600,double,153700
16573,d2h,2048,double,256
16574,h2d,1229600,double,153700
16575,h2d,1229600,double,153700
16576,h2d,1229600,double,153700
16577,h2d,1229600,double,153700
16578,h2d,1229600,double,153700
16579,h2d,1229600,double,153700
16580,h2d,1229600,double,153700
16581,h2d,1229600,double,153700
16582,h2d,1229600,double,153700
16583,h2d,1229600,double,153700
16584,h2d,1229600,double,153700
16585,h2d,1229600,double,153700
16586,h2d,1229600,double,153700
16587,h2d,1229600,double,153700
16588,h2d,1229600,double,153700
16589,h2d,1229600,double,153700
16590,d2h,2048,double,256
16591,d2h,2048,double,256
16592,d2h,2048,double,256
16593,d2h,2048,double,256
16594,d2h,2048,double,256
16595,h2d,1229600,double,153700
16596,h2d,1229600,double,153700
16597,h2d,1229600,double,153700
16598,h2d,1229600,double,153700
16599,h2d,1229600,double,153700
16600,h2d,1229600,double,153700
16601,h2d,1229600,double,153700
16602,h2d,1229600,double,153700
16603,d2h,2048,double,256
16604,h2d,1229600,double,153700
16605,h2d,1229600,double,153700
16606,h2d,1229600,double,153700
16607,h2d,1229600,double,153700
16608,h2d,1229600,double,153700
16609,h2d,1229600,double,153700
16610,h2d,1229600,double,153700
16611,h2d,1229600,double,153700
16612,h2d,1229600,double,153700
16613,h2d,1229600,double,153700
16614,h2d,1229600,double,153700
16615,h2d,1229600,double,153700
16616,h2d,1229600,double,153700
16617,h2d,1229600,double,153700
16618,h2d,1229600,double,153700
16619,h2d,1229600,double,153700
16620,h2d,1229600,double,153700
16621,h2d,1229600,double,153700
16622,h2d,1229600,double,153700
16623,h2d,1229600,double,153700
16624,h2d,1229600,double,153700
16625,h2d,1229600,double,153700
16626,h2d,1229600,double,153700
16627,h2d,1229600,double,153700
16628,d2h,2048,double,256
16629,h2d,1229600,double,153700
16630,h2d,1229600,double,153700
16631,h2d,1229600,double,153700
16632,h2d,1229600,double,153700
16633,h2d,1229600,double,153700
16634,h2d,1229600,double,153700
16635,h2d,1229600,double,153700
16636,h2d,1229600,double,153700
16637,h2d,1229600,double,153700
16638,h2d,1229600,double,153700
16639,h2d,1229600,double,153700
16640,h2d,1229600,double,153700
16641,h2d,1229600,double,153700
16642,h2d,1229600,double,153700
16643,h2d,1229600,double,153700
16644,h2d,1229600,double,153700
16645,h2d,1229600,double,153700
16646,h2d,1229600,double,153700
16647,h2d,1229600,double,153700
16648,h2d,1229600,double,153700
16649,h2d,1229600,double,153700
16650,h2d,1229600,double,153700
16651,h2d,1229600,double,153700
16652,h2d,1229600,double,153700
16653,d2h,2048,double,256
16654,h2d,1229600,double,153700
16655,h2d,1229600,double,153700
16656,h2d,1229600,double,153700
16657,h2d,1229600,double,153700
16658,h2d,1229600,double,153700
16659,h2d,1229600,double,153700
16660,h2d,1229600,double,153700
16661,h2d,1229600,double,153700
16662,h2d,1229600,double,153700
16663,h2d,1229600,double,153700
16664,h2d,1229600,double,153700
16665,h2d,1229600,double,153700
16666,h2d,1229600,double,153700
16667,h2d,1229600,double,153700
16668,h2d,1229600,double,153700
16669,h2d,1229600,double,153700
16670,h2d,1229600,double,153700
16671,h2d,1229600,double,153700
16672,h2d,1229600,double,153700
16673,h2d,1229600,double,153700
16674,h2d,1229600,double,153700
16675,h2d,1229600,double,153700
16676,h2d,1229600,double,153700
16677,h2d,1229600,double,153700
16678,d2h,2048,double,256
16679,h2d,1229600,double,153700
16680,h2d,1229600,double,153700
16681,h2d,1229600,double,153700
16682,h2d,1229600,double,153700
16683,h2d,1229600,double,153700
16684,h2d,1229600,double,153700
16685,h2d,1229600,double,153700
16686,h2d,1229600,double,153700
16687,h2d,1229600,double,153700
16688,h2d,1229600,double,153700
16689,h2d,1229600,double,153700
16690,h2d,1229600,double,153700
16691,h2d,1229600,double,153700
16692,h2d,1229600,double,153700
16693,h2d,1229600,double,153700
16694,h2d,1229600,double,153700
16695,h2d,1229600,double,153700
16696,h2d,1229600,double,153700
16697,h2d,1229600,double,153700
16698,h2d,1229600,double,153700
16699,h2d,1229600,double,153700
16700,h2d,1229600,double,153700
16701,h2d,1229600,double,153700
16702,h2d,1229600,double,153700
16703,d2h,2048,double,256
16704,h2d,1229600,double,153700
16705,h2d,1229600,double,153700
16706,h2d,1229600,double,153700
16707,h2d,1229600,double,153700
16708,h2d,1229600,double,153700
16709,h2d,1229600,double,153700
16710,h2d,1229600,double,153700
16711,h2d,1229600,double,153700
16712,h2d,1229600,double,153700
16713,h2d,1229600,double,153700
16714,h2d,1229600,double,153700
16715,h2d,1229600,double,153700
16716,h2d,1229600,double,153700
16717,h2d,1229600,double,153700
16718,h2d,1229600,double,153700
16719,h2d,1229600,double,153700
16720,h2d,1229600,double,153700
16721,h2d,1229600,double,153700
16722,h2d,1229600,double,153700
16723,h2d,1229600,double,153700
16724,h2d,1229600,double,153700
16725,h2d,1229600,double,153700
16726,h2d,1229600,double,153700
16727,h2d,1229600,double,153700
16728,d2h,2048,double,256
16729,h2d,1229600,double,153700
16730,h2d,1229600,double,153700
16731,h2d,1229600,double,153700
16732,h2d,1229600,double,153700
16733,h2d,1229600,double,153700
16734,h2d,1229600,double,153700
16735,h2d,1229600,double,153700
16736,h2d,1229600,double,153700
16737,h2d,1229600,double,153700
16738,h2d,1229600,double,153700
16739,h2d,1229600,double,153700
16740,h2d,1229600,double,153700
16741,h2d,1229600,double,153700
16742,h2d,1229600,double,153700
16743,h2d,1229600,double,153700
16744,h2d,1229600,double,153700
16745,h2d,1229600,double,153700
16746,h2d,1229600,double,153700
16747,h2d,1229600,double,153700
16748,h2d,1229600,double,153700
16749,h2d,1229600,double,153700
16750,h2d,1229600,double,153700
16751,h2d,1229600,double,153700
16752,h2d,1229600,double,153700
16753,d2h,2048,double,256
16754,h2d,1229600,double,153700
16755,h2d,1229600,double,153700
16756,h2d,1229600,double,153700
16757,h2d,1229600,double,153700
16758,h2d,1229600,double,153700
16759,h2d,1229600,double,153700
16760,h2d,1229600,double,153700
16761,h2d,1229600,double,153700
16762,h2d,1229600,double,153700
16763,h2d,1229600,double,153700
16764,h2d,1229600,double,153700
16765,h2d,1229600,double,153700
16766,h2d,1229600,double,153700
16767,h2d,1229600,double,153700
16768,h2d,1229600,double,153700
16769,h2d,1229600,double,153700
16770,h2d,1229600,double,153700
16771,h2d,1229600,double,153700
16772,h2d,1229600,double,153700
16773,h2d,1229600,double,153700
16774,h2d,1229600,double,153700
16775,h2d,1229600,double,153700
16776,h2d,1229600,double,153700
16777,h2d,1229600,double,153700
16778,d2h,2048,double,256
16779,h2d,1229600,double,153700
16780,h2d,1229600,double,153700
16781,h2d,1229600,double,153700
16782,h2d,1229600,double,153700
16783,h2d,1229600,double,153700
16784,h2d,1229600,double,153700
16785,h2d,1229600,double,153700
16786,h2d,1229600,double,153700
16787,h2d,1229600,double,153700
16788,h2d,1229600,double,153700
16789,h2d,1229600,double,153700
16790,h2d,1229600,double,153700
16791,h2d,1229600,double,153700
16792,h2d,1229600,double,153700
16793,h2d,1229600,double,153700
16794,h2d,1229600,double,153700
16795,h2d,1229600,double,153700
16796,h2d,1229600,double,153700
16797,h2d,1229600,double,153700
16798,h2d,1229600,double,153700
16799,h2d,1229600,double,153700
16800,h2d,1229600,double,153700
16801,h2d,1229600,double,153700
16802,h2d,1229600,double,153700
16803,d2h,2048,double,256
16804,h2d,1229600,double,153700
16805,h2d,1229600,double,153700
16806,h2d,1229600,double,153700
16807,h2d,1229600,double,153700
16808,h2d,1229600,double,153700
16809,h2d,1229600,double,153700
16810,h2d,1229600,double,153700
16811,h2d,1229600,double,153700
16812,h2d,1229600,double,153700
16813,h2d,1229600,double,153700
16814,h2d,1229600,double,153700
16815,h2d,1229600,double,153700
16816,h2d,1229600,double,153700
16817,h2d,1229600,double,153700
16818,h2d,1229600,double,153700
16819,h2d,1229600,double,153700
16820,h2d,1229600,double,153700
16821,h2d,1229600,double,153700
16822,h2d,1229600,double,153700
16823,h2d,1229600,double,153700
16824,h2d,1229600,double,153700
16825,h2d,1229600,double,153700
16826,h2d,1229600,double,153700
16827,h2d,1229600,double,153700
16828,d2h,2048,double,256
16829,h2d,1229600,double,153700
16830,h2d,1229600,double,153700
16831,h2d,1229600,double,153700
16832,h2d,1229600,double,153700
16833,h2d,1229600,double,153700
16834,h2d,1229600,double,153700
16835,h2d,1229600,double,153700
16836,h2d,1229600,double,153700
16837,h2d,1229600,double,153700
16838,h2d,1229600,double,153700
16839,h2d,1229600,double,153700
16840,h2d,1229600,double,153700
16841,h2d,1229600,double,153700
16842,h2d,1229600,double,153700
16843,h2d,1229600,double,153700
16844,h2d,1229600,double,153700
16845,d2h,2048,double,256
16846,d2h,2048,double,256
16847,d2h,2048,double,256
16848,d2h,2048,double,256
16849,d2h,2048,double,256
16850,h2d,1229600,double,153700
16851,h2d,1229600,double,153700
16852,h2d,1229600,double,153700
16853,h2d,1229600,double,153700
16854,h2d,1229600,double,153700
16855,h2d,1229600,double,153700
16856,h2d,1229600,double,153700
16857,h2d,1229600,double,153700
16858,d2h,2048,double,256
16859,h2d,1229600,double,153700
16860,h2d,1229600,double,153700
16861,h2d,1229600,double,153700
16862,h2d,1229600,double,153700
16863,h2d,1229600,double,153700
16864,h2d,1229600,double,153700
16865,h2d,1229600,double,153700
16866,h2d,1229600,double,153700
16867,h2d,1229600,double,153700
16868,h2d,1229600,double,153700
16869,h2d,1229600,double,153700
16870,h2d,1229600,double,153700
16871,h2d,1229600,double,153700
16872,h2d,1229600,double,153700
16873,h2d,1229600,double,153700
16874,h2d,1229600,double,153700
16875,h2d,1229600,double,153700
16876,h2d,1229600,double,153700
16877,h2d,1229600,double,153700
16878,h2d,1229600,double,153700
16879,h2d,1229600,double,153700
16880,h2d,1229600,double,153700
16881,h2d,1229600,double,153700
16882,h2d,1229600,double,153700
16883,d2h,2048,double,256
16884,h2d,1229600,double,153700
16885,h2d,1229600,double,153700
16886,h2d,1229600,double,153700
16887,h2d,1229600,double,153700
16888,h2d,1229600,double,153700
16889,h2d,1229600,double,153700
16890,h2d,1229600,double,153700
16891,h2d,1229600,double,153700
16892,h2d,1229600,double,153700
16893,h2d,1229600,double,153700
16894,h2d,1229600,double,153700
16895,h2d,1229600,double,153700
16896,h2d,1229600,double,153700
16897,h2d,1229600,double,153700
16898,h2d,1229600,double,153700
16899,h2d,1229600,double,153700
16900,h2d,1229600,double,153700
16901,h2d,1229600,double,153700
16902,h2d,1229600,double,153700
16903,h2d,1229600,double,153700
16904,h2d,1229600,double,153700
16905,h2d,1229600,double,153700
16906,h2d,1229600,double,153700
16907,h2d,1229600,double,153700
16908,d2h,2048,double,256
16909,h2d,1229600,double,153700
16910,h2d,1229600,double,153700
16911,h2d,1229600,double,153700
16912,h2d,1229600,double,153700
16913,h2d,1229600,double,153700
16914,h2d,1229600,double,153700
16915,h2d,1229600,double,153700
16916,h2d,1229600,double,153700
16917,h2d,1229600,double,153700
16918,h2d,1229600,double,153700
16919,h2d,1229600,double,153700
16920,h2d,1229600,double,153700
16921,h2d,1229600,double,153700
16922,h2d,1229600,double,153700
16923,h2d,1229600,double,153700
16924,h2d,1229600,double,153700
16925,h2d,1229600,double,153700
16926,h2d,1229600,double,153700
16927,h2d,1229600,double,153700
16928,h2d,1229600,double,153700
16929,h2d,1229600,double,153700
16930,h2d,1229600,double,153700
16931,h2d,1229600,double,153700
16932,h2d,1229600,double,153700
16933,d2h,2048,double,256
16934,h2d,1229600,double,153700
16935,h2d,1229600,double,153700
16936,h2d,1229600,double,153700
16937,h2d,1229600,double,153700
16938,h2d,1229600,double,153700
16939,h2d,1229600,double,153700
16940,h2d,1229600,double,153700
16941,h2d,1229600,double,153700
16942,h2d,1229600,double,153700
16943,h2d,1229600,double,153700
16944,h2d,1229600,double,153700
16945,h2d,1229600,double,153700
16946,h2d,1229600,double,153700
16947,h2d,1229600,double,153700
16948,h2d,1229600,double,153700
16949,h2d,1229600,double,153700
16950,h2d,1229600,double,153700
16951,h2d,1229600,double,153700
16952,h2d,1229600,double,153700
16953,h2d,1229600,double,153700
16954,h2d,1229600,double,153700
16955,h2d,1229600,double,153700
16956,h2d,1229600,double,153700
16957,h2d,1229600,double,153700
16958,d2h,2048,double,256
16959,h2d,1229600,double,153700
16960,h2d,1229600,double,153700
16961,h2d,1229600,double,153700
16962,h2d,1229600,double,153700
16963,h2d,1229600,double,153700
16964,h2d,1229600,double,153700
16965,h2d,1229600,double,153700
16966,h2d,1229600,double,153700
16967,h2d,1229600,double,153700
16968,h2d,1229600,double,153700
16969,h2d,1229600,double,153700
16970,h2d,1229600,double,153700
16971,h2d,1229600,double,153700
16972,h2d,1229600,double,153700
16973,h2d,1229600,double,153700
16974,h2d,1229600,double,153700
16975,h2d,1229600,double,153700
16976,h2d,1229600,double,153700
16977,h2d,1229600,double,153700
16978,h2d,1229600,double,153700
16979,h2d,1229600,double,153700
16980,h2d,1229600,double,153700
16981,h2d,1229600,double,153700
16982,h2d,1229600,double,153700
16983,d2h,2048,double,256
16984,h2d,1229600,double,153700
16985,h2d,1229600,double,153700
16986,h2d,1229600,double,153700
16987,h2d,1229600,double,153700
16988,h2d,1229600,double,153700
16989,h2d,1229600,double,153700
16990,h2d,1229600,double,153700
16991,h2d,1229600,double,153700
16992,h2d,1229600,double,153700
16993,h2d,1229600,double,153700
16994,h2d,1229600,double,153700
16995,h2d,1229600,double,153700
16996,h2d,1229600,double,153700
16997,h2d,1229600,double,153700
16998,h2d,1229600,double,153700
16999,h2d,1229600,double,153700
17000,h2d,1229600,double,153700
17001,h2d,1229600,double,153700
17002,h2d,1229600,double,153700
17003,h2d,1229600,double,153700
17004,h2d,1229600,double,153700
17005,h2d,1229600,double,153700
17006,h2d,1229600,double,153700
17007,h2d,1229600,double,153700
17008,d2h,2048,double,256
17009,h2d,1229600,double,153700
17010,h2d,1229600,double,153700
17011,h2d,1229600,double,153700
17012,h2d,1229600,double,153700
17013,h2d,1229600,double,153700
17014,h2d,1229600,double,153700
17015,h2d,1229600,double,153700
17016,h2d,1229600,double,153700
17017,h2d,1229600,double,153700
17018,h2d,1229600,double,153700
17019,h2d,1229600,double,153700
17020,h2d,1229600,double,153700
17021,h2d,1229600,double,153700
17022,h2d,1229600,double,153700
17023,h2d,1229600,double,153700
17024,h2d,1229600,double,153700
17025,h2d,1229600,double,153700
17026,h2d,1229600,double,153700
17027,h2d,1229600,double,153700
17028,h2d,1229600,double,153700
17029,h2d,1229600,double,153700
17030,h2d,1229600,double,153700
17031,h2d,1229600,double,153700
17032,h2d,1229600,double,153700
17033,d2h,2048,double,256
17034,h2d,1229600,double,153700
17035,h2d,1229600,double,153700
17036,h2d,1229600,double,153700
17037,h2d,1229600,double,153700
17038,h2d,1229600,double,153700
17039,h2d,1229600,double,153700
17040,h2d,1229600,double,153700
17041,h2d,1229600,double,153700
17042,h2d,1229600,double,153700
17043,h2d,1229600,double,153700
17044,h2d,1229600,double,153700
17045,h2d,1229600,double,153700
17046,h2d,1229600,double,153700
17047,h2d,1229600,double,153700
17048,h2d,1229600,double,153700
17049,h2d,1229600,double,153700
17050,h2d,1229600,double,153700
17051,h2d,1229600,double,153700
17052,h2d,1229600,double,153700
17053,h2d,1229600,double,153700
17054,h2d,1229600,double,153700
17055,h2d,1229600,double,153700
17056,h2d,1229600,double,153700
17057,h2d,1229600,double,153700
17058,d2h,2048,double,256
17059,h2d,1229600,double,153700
17060,h2d,1229600,double,153700
17061,h2d,1229600,double,153700
17062,h2d,1229600,double,153700
17063,h2d,1229600,double,153700
17064,h2d,1229600,double,153700
17065,h2d,1229600,double,153700
17066,h2d,1229600,double,153700
17067,h2d,1229600,double,153700
17068,h2d,1229600,double,153700
17069,h2d,1229600,double,153700
17070,h2d,1229600,double,153700
17071,h2d,1229600,double,153700
17072,h2d,1229600,double,153700
17073,h2d,1229600,double,153700
17074,h2d,1229600,double,153700
17075,h2d,1229600,double,153700
17076,h2d,1229600,double,153700
17077,h2d,1229600,double,153700
17078,h2d,1229600,double,153700
17079,h2d,1229600,double,153700
17080,h2d,1229600,double,153700
17081,h2d,1229600,double,153700
17082,h2d,1229600,double,153700
17083,d2h,2048,double,256
17084,h2d,1229600,double,153700
17085,h2d,1229600,double,153700
17086,h2d,1229600,double,153700
17087,h2d,1229600,double,153700
17088,h2d,1229600,double,153700
17089,h2d,1229600,double,153700
17090,h2d,1229600,double,153700
17091,h2d,1229600,double,153700
17092,h2d,1229600,double,153700
17093,h2d,1229600,double,153700
17094,h2d,1229600,double,153700
17095,h2d,1229600,double,153700
17096,h2d,1229600,double,153700
17097,h2d,1229600,double,153700
17098,h2d,1229600,double,153700
17099,h2d,1229600,double,153700
17100,d2h,2048,double,256
17101,d2h,2048,double,256
17102,d2h,2048,double,256
17103,d2h,2048,double,256
17104,d2h,2048,double,256
17105,h2d,1229600,double,153700
17106,h2d,1229600,double,153700
17107,h2d,1229600,double,153700
17108,h2d,1229600,double,153700
17109,h2d,1229600,double,153700
17110,h2d,1229600,double,153700
17111,h2d,1229600,double,153700
17112,h2d,1229600,double,153700
17113,d2h,2048,double,256
17114,h2d,1229600,double,153700
17115,h2d,1229600,double,153700
17116,h2d,1229600,double,153700
17117,h2d,1229600,double,153700
17118,h2d,1229600,double,153700
17119,h2d,1229600,double,153700
17120,h2d,1229600,double,153700
17121,h2d,1229600,double,153700
17122,h2d,1229600,double,153700
17123,h2d,1229600,double,153700
17124,h2d,1229600,double,153700
17125,h2d,1229600,double,153700
17126,h2d,1229600,double,153700
17127,h2d,1229600,double,153700
17128,h2d,1229600,double,153700
17129,h2d,1229600,double,153700
17130,h2d,1229600,double,153700
17131,h2d,1229600,double,153700
17132,h2d,1229600,double,153700
17133,h2d,1229600,double,153700
17134,h2d,1229600,double,153700
17135,h2d,1229600,double,153700
17136,h2d,1229600,double,153700
17137,h2d,1229600,double,153700
17138,d2h,2048,double,256
17139,h2d,1229600,double,153700
17140,h2d,1229600,double,153700
17141,h2d,1229600,double,153700
17142,h2d,1229600,double,153700
17143,h2d,1229600,double,153700
17144,h2d,1229600,double,153700
17145,h2d,1229600,double,153700
17146,h2d,1229600,double,153700
17147,h2d,1229600,double,153700
17148,h2d,1229600,double,153700
17149,h2d,1229600,double,153700
17150,h2d,1229600,double,153700
17151,h2d,1229600,double,153700
17152,h2d,1229600,double,153700
17153,h2d,1229600,double,153700
17154,h2d,1229600,double,153700
17155,h2d,1229600,double,153700
17156,h2d,1229600,double,153700
17157,h2d,1229600,double,153700
17158,h2d,1229600,double,153700
17159,h2d,1229600,double,153700
17160,h2d,1229600,double,153700
17161,h2d,1229600,double,153700
17162,h2d,1229600,double,153700
17163,d2h,2048,double,256
17164,h2d,1229600,double,153700
17165,h2d,1229600,double,153700
17166,h2d,1229600,double,153700
17167,h2d,1229600,double,153700
17168,h2d,1229600,double,153700
17169,h2d,1229600,double,153700
17170,h2d,1229600,double,153700
17171,h2d,1229600,double,153700
17172,h2d,1229600,double,153700
17173,h2d,1229600,double,153700
17174,h2d,1229600,double,153700
17175,h2d,1229600,double,153700
17176,h2d,1229600,double,153700
17177,h2d,1229600,double,153700
17178,h2d,1229600,double,153700
17179,h2d,1229600,double,153700
17180,h2d,1229600,double,153700
17181,h2d,1229600,double,153700
17182,h2d,1229600,double,153700
17183,h2d,1229600,double,153700
17184,h2d,1229600,double,153700
17185,h2d,1229600,double,153700
17186,h2d,1229600,double,153700
17187,h2d,1229600,double,153700
17188,d2h,2048,double,256
17189,h2d,1229600,double,153700
17190,h2d,1229600,double,153700
17191,h2d,1229600,double,153700
17192,h2d,1229600,double,153700
17193,h2d,1229600,double,153700
17194,h2d,1229600,double,153700
17195,h2d,1229600,double,153700
17196,h2d,1229600,double,153700
17197,h2d,1229600,double,153700
17198,h2d,1229600,double,153700
17199,h2d,1229600,double,153700
17200,h2d,1229600,double,153700
17201,h2d,1229600,double,153700
17202,h2d,1229600,double,153700
17203,h2d,1229600,double,153700
17204,h2d,1229600,double,153700
17205,h2d,1229600,double,153700
17206,h2d,1229600,double,153700
17207,h2d,1229600,double,153700
17208,h2d,1229600,double,153700
17209,h2d,1229600,double,153700
17210,h2d,1229600,double,153700
17211,h2d,1229600,double,153700
17212,h2d,1229600,double,153700
17213,d2h,2048,double,256
17214,h2d,1229600,double,153700
17215,h2d,1229600,double,153700
17216,h2d,1229600,double,153700
17217,h2d,1229600,double,153700
17218,h2d,1229600,double,153700
17219,h2d,1229600,double,153700
17220,h2d,1229600,double,153700
17221,h2d,1229600,double,153700
17222,h2d,1229600,double,153700
17223,h2d,1229600,double,153700
17224,h2d,1229600,double,153700
17225,h2d,1229600,double,153700
17226,h2d,1229600,double,153700
17227,h2d,1229600,double,153700
17228,h2d,1229600,double,153700
17229,h2d,1229600,double,153700
17230,h2d,1229600,double,153700
17231,h2d,1229600,double,153700
17232,h2d,1229600,double,153700
17233,h2d,1229600,double,153700
17234,h2d,1229600,double,153700
17235,h2d,1229600,double,153700
17236,h2d,1229600,double,153700
17237,h2d,1229600,double,153700
17238,d2h,2048,double,256
17239,h2d,1229600,double,153700
17240,h2d,1229600,double,153700
17241,h2d,1229600,double,153700
17242,h2d,1229600,double,153700
17243,h2d,1229600,double,153700
17244,h2d,1229600,double,153700
17245,h2d,1229600,double,153700
17246,h2d,1229600,double,153700
17247,h2d,1229600,double,153700
17248,h2d,1229600,double,153700
17249,h2d,1229600,double,153700
17250,h2d,1229600,double,153700
17251,h2d,1229600,double,153700
17252,h2d,1229600,double,153700
17253,h2d,1229600,double,153700
17254,h2d,1229600,double,153700
17255,h2d,1229600,double,153700
17256,h2d,1229600,double,153700
17257,h2d,1229600,double,153700
17258,h2d,1229600,double,153700
17259,h2d,1229600,double,153700
17260,h2d,1229600,double,153700
17261,h2d,1229600,double,153700
17262,h2d,1229600,double,153700
17263,d2h,2048,double,256
17264,h2d,1229600,double,153700
17265,h2d,1229600,double,153700
17266,h2d,1229600,double,153700
17267,h2d,1229600,double,153700
17268,h2d,1229600,double,153700
17269,h2d,1229600,double,153700
17270,h2d,1229600,double,153700
17271,h2d,1229600,double,153700
17272,h2d,1229600,double,153700
17273,h2d,1229600,double,153700
17274,h2d,1229600,double,153700
17275,h2d,1229600,double,153700
17276,h2d,1229600,double,153700
17277,h2d,1229600,double,153700
17278,h2d,1229600,double,153700
17279,h2d,1229600,double,153700
17280,h2d,1229600,double,153700
17281,h2d,1229600,double,153700
17282,h2d,1229600,double,153700
17283,h2d,1229600,double,153700
17284,h2d,1229600,double,153700
17285,h2d,1229600,double,153700
17286,h2d,1229600,double,153700
17287,h2d,1229600,double,153700
17288,d2h,2048,double,256
17289,h2d,1229600,double,153700
17290,h2d,1229600,double,153700
17291,h2d,1229600,double,153700
17292,h2d,1229600,double,153700
17293,h2d,1229600,double,153700
17294,h2d,1229600,double,153700
17295,h2d,1229600,double,153700
17296,h2d,1229600,double,153700
17297,h2d,1229600,double,153700
17298,h2d,1229600,double,153700
17299,h2d,1229600,double,153700
17300,h2d,1229600,double,153700
17301,h2d,1229600,double,153700
17302,h2d,1229600,double,153700
17303,h2d,1229600,double,153700
17304,h2d,1229600,double,153700
17305,h2d,1229600,double,153700
17306,h2d,1229600,double,153700
17307,h2d,1229600,double,153700
17308,h2d,1229600,double,153700
17309,h2d,1229600,double,153700
17310,h2d,1229600,double,153700
17311,h2d,1229600,double,153700
17312,h2d,1229600,double,153700
17313,d2h,2048,double,256
17314,h2d,1229600,double,153700
17315,h2d,1229600,double,153700
17316,h2d,1229600,double,153700
17317,h2d,1229600,double,153700
17318,h2d,1229600,double,153700
17319,h2d,1229600,double,153700
17320,h2d,1229600,double,153700
17321,h2d,1229600,double,153700
17322,h2d,1229600,double,153700
17323,h2d,1229600,double,153700
17324,h2d,1229600,double,153700
17325,h2d,1229600,double,153700
17326,h2d,1229600,double,153700
17327,h2d,1229600,double,153700
17328,h2d,1229600,double,153700
17329,h2d,1229600,double,153700
17330,h2d,1229600,double,153700
17331,h2d,1229600,double,153700
17332,h2d,1229600,double,153700
17333,h2d,1229600,double,153700
17334,h2d,1229600,double,153700
17335,h2d,1229600,double,153700
17336,h2d,1229600,double,153700
17337,h2d,1229600,double,153700
17338,d2h,2048,double,256
17339,h2d,1229600,double,153700
17340,h2d,1229600,double,153700
17341,h2d,1229600,double,153700
17342,h2d,1229600,double,153700
17343,h2d,1229600,double,153700
17344,h2d,1229600,double,153700
17345,h2d,1229600,double,153700
17346,h2d,1229600,double,153700
17347,h2d,1229600,double,153700
17348,h2d,1229600,double,153700
17349,h2d,1229600,double,153700
17350,h2d,1229600,double,153700
17351,h2d,1229600,double,153700
17352,h2d,1229600,double,153700
17353,h2d,1229600,double,153700
17354,h2d,1229600,double,153700
17355,d2h,2048,double,256
17356,d2h,2048,double,256
17357,d2h,2048,double,256
17358,d2h,2048,double,256
17359,d2h,2048,double,256
17360,h2d,1229600,double,153700
17361,h2d,1229600,double,153700
17362,h2d,1229600,double,153700
17363,h2d,1229600,double,153700
17364,h2d,1229600,double,153700
17365,h2d,1229600,double,153700
17366,h2d,1229600,double,153700
17367,h2d,1229600,double,153700
17368,d2h,2048,double,256
17369,h2d,1229600,double,153700
17370,h2d,1229600,double,153700
17371,h2d,1229600,double,153700
17372,h2d,1229600,double,153700
17373,h2d,1229600,double,153700
17374,h2d,1229600,double,153700
17375,h2d,1229600,double,153700
17376,h2d,1229600,double,153700
17377,h2d,1229600,double,153700
17378,h2d,1229600,double,153700
17379,h2d,1229600,double,153700
17380,h2d,1229600,double,153700
17381,h2d,1229600,double,153700
17382,h2d,1229600,double,153700
17383,h2d,1229600,double,153700
17384,h2d,1229600,double,153700
17385,h2d,1229600,double,153700
17386,h2d,1229600,double,153700
17387,h2d,1229600,double,153700
17388,h2d,1229600,double,153700
17389,h2d,1229600,double,153700
17390,h2d,1229600,double,153700
17391,h2d,1229600,double,153700
17392,h2d,1229600,double,153700
17393,d2h,2048,double,256
17394,h2d,1229600,double,153700
17395,h2d,1229600,double,153700
17396,h2d,1229600,double,153700
17397,h2d,1229600,double,153700
17398,h2d,1229600,double,153700
17399,h2d,1229600,double,153700
17400,h2d,1229600,double,153700
17401,h2d,1229600,double,153700
17402,h2d,1229600,double,153700
17403,h2d,1229600,double,153700
17404,h2d,1229600,double,153700
17405,h2d,1229600,double,153700
17406,h2d,1229600,double,153700
17407,h2d,1229600,double,153700
17408,h2d,1229600,double,153700
17409,h2d,1229600,double,153700
17410,h2d,1229600,double,153700
17411,h2d,1229600,double,153700
17412,h2d,1229600,double,153700
17413,h2d,1229600,double,153700
17414,h2d,1229600,double,153700
17415,h2d,1229600,double,153700
17416,h2d,1229600,double,153700
17417,h2d,1229600,double,153700
17418,d2h,2048,double,256
17419,h2d,1229600,double,153700
17420,h2d,1229600,double,153700
17421,h2d,1229600,double,153700
17422,h2d,1229600,double,153700
17423,h2d,1229600,double,153700
17424,h2d,1229600,double,153700
17425,h2d,1229600,double,153700
17426,h2d,1229600,double,153700
17427,h2d,1229600,double,153700
17428,h2d,1229600,double,153700
17429,h2d,1229600,double,153700
17430,h2d,1229600,double,153700
17431,h2d,1229600,double,153700
17432,h2d,1229600,double,153700
17433,h2d,1229600,double,153700
17434,h2d,1229600,double,153700
17435,h2d,1229600,double,153700
17436,h2d,1229600,double,153700
17437,h2d,1229600,double,153700
17438,h2d,1229600,double,153700
17439,h2d,1229600,double,153700
17440,h2d,1229600,double,153700
17441,h2d,1229600,double,153700
17442,h2d,1229600,double,153700
17443,d2h,2048,double,256
17444,h2d,1229600,double,153700
17445,h2d,1229600,double,153700
17446,h2d,1229600,double,153700
17447,h2d,1229600,double,153700
17448,h2d,1229600,double,153700
17449,h2d,1229600,double,153700
17450,h2d,1229600,double,153700
17451,h2d,1229600,double,153700
17452,h2d,1229600,double,153700
17453,h2d,1229600,double,153700
17454,h2d,1229600,double,153700
17455,h2d,1229600,double,153700
17456,h2d,1229600,double,153700
17457,h2d,1229600,double,153700
17458,h2d,1229600,double,153700
17459,h2d,1229600,double,153700
17460,h2d,1229600,double,153700
17461,h2d,1229600,double,153700
17462,h2d,1229600,double,153700
17463,h2d,1229600,double,153700
17464,h2d,1229600,double,153700
17465,h2d,1229600,double,153700
17466,h2d,1229600,double,153700
17467,h2d,1229600,double,153700
17468,d2h,2048,double,256
17469,h2d,1229600,double,153700
17470,h2d,1229600,double,153700
17471,h2d,1229600,double,153700
17472,h2d,1229600,double,153700
17473,h2d,1229600,double,153700
17474,h2d,1229600,double,153700
17475,h2d,1229600,double,153700
17476,h2d,1229600,double,153700
17477,h2d,1229600,double,153700
17478,h2d,1229600,double,153700
17479,h2d,1229600,double,153700
17480,h2d,1229600,double,153700
17481,h2d,1229600,double,153700
17482,h2d,1229600,double,153700
17483,h2d,1229600,double,153700
17484,h2d,1229600,double,153700
17485,h2d,1229600,double,153700
17486,h2d,1229600,double,153700
17487,h2d,1229600,double,153700
17488,h2d,1229600,double,153700
17489,h2d,1229600,double,153700
17490,h2d,1229600,double,153700
17491,h2d,1229600,double,153700
17492,h2d,1229600,double,153700
17493,d2h,2048,double,256
17494,h2d,1229600,double,153700
17495,h2d,1229600,double,153700
17496,h2d,1229600,double,153700
17497,h2d,1229600,double,153700
17498,h2d,1229600,double,153700
17499,h2d,1229600,double,153700
17500,h2d,1229600,double,153700
17501,h2d,1229600,double,153700
17502,h2d,1229600,double,153700
17503,h2d,1229600,double,153700
17504,h2d,1229600,double,153700
17505,h2d,1229600,double,153700
17506,h2d,1229600,double,153700
17507,h2d,1229600,double,153700
17508,h2d,1229600,double,153700
17509,h2d,1229600,double,153700
17510,h2d,1229600,double,153700
17511,h2d,1229600,double,153700
17512,h2d,1229600,double,153700
17513,h2d,1229600,double,153700
17514,h2d,1229600,double,153700
17515,h2d,1229600,double,153700
17516,h2d,1229600,double,153700
17517,h2d,1229600,double,153700
17518,d2h,2048,double,256
17519,h2d,1229600,double,153700
17520,h2d,1229600,double,153700
17521,h2d,1229600,double,153700
17522,h2d,1229600,double,153700
17523,h2d,1229600,double,153700
17524,h2d,1229600,double,153700
17525,h2d,1229600,double,153700
17526,h2d,1229600,double,153700
17527,h2d,1229600,double,153700
17528,h2d,1229600,double,153700
17529,h2d,1229600,double,153700
17530,h2d,1229600,double,153700
17531,h2d,1229600,double,153700
17532,h2d,1229600,double,153700
17533,h2d,1229600,double,153700
17534,h2d,1229600,double,153700
17535,h2d,1229600,double,153700
17536,h2d,1229600,double,153700
17537,h2d,1229600,double,153700
17538,h2d,1229600,double,153700
17539,h2d,1229600,double,153700
17540,h2d,1229600,double,153700
17541,h2d,1229600,double,153700
17542,h2d,1229600,double,153700
17543,d2h,2048,double,256
17544,h2d,1229600,double,153700
17545,h2d,1229600,double,153700
17546,h2d,1229600,double,153700
17547,h2d,1229600,double,153700
17548,h2d,1229600,double,153700
17549,h2d,1229600,double,153700
17550,h2d,1229600,double,153700
17551,h2d,1229600,double,153700
17552,h2d,1229600,double,153700
17553,h2d,1229600,double,153700
17554,h2d,1229600,double,153700
17555,h2d,1229600,double,153700
17556,h2d,1229600,double,153700
17557,h2d,1229600,double,153700
17558,h2d,1229600,double,153700
17559,h2d,1229600,double,153700
17560,h2d,1229600,double,153700
17561,h2d,1229600,double,153700
17562,h2d,1229600,double,153700
17563,h2d,1229600,double,153700
17564,h2d,1229600,double,153700
17565,h2d,1229600,double,153700
17566,h2d,1229600,double,153700
17567,h2d,1229600,double,153700
17568,d2h,2048,double,256
17569,h2d,1229600,double,153700
17570,h2d,1229600,double,153700
17571,h2d,1229600,double,153700
17572,h2d,1229600,double,153700
17573,h2d,1229600,double,153700
17574,h2d,1229600,double,153700
17575,h2d,1229600,double,153700
17576,h2d,1229600,double,153700
17577,h2d,1229600,double,153700
17578,h2d,1229600,double,153700
17579,h2d,1229600,double,153700
17580,h2d,1229600,double,153700
17581,h2d,1229600,double,153700
17582,h2d,1229600,double,153700
17583,h2d,1229600,double,153700
17584,h2d,1229600,double,153700
17585,h2d,1229600,double,153700
17586,h2d,1229600,double,153700
17587,h2d,1229600,double,153700
17588,h2d,1229600,double,153700
17589,h2d,1229600,double,153700
17590,h2d,1229600,double,153700
17591,h2d,1229600,double,153700
17592,h2d,1229600,double,153700
17593,d2h,2048,double,256
17594,h2d,1229600,double,153700
17595,h2d,1229600,double,153700
17596,h2d,1229600,double,153700
17597,h2d,1229600,double,153700
17598,h2d,1229600,double,153700
17599,h2d,1229600,double,153700
17600,h2d,1229600,double,153700
17601,h2d,1229600,double,153700
17602,h2d,1229600,double,153700
17603,h2d,1229600,double,153700
17604,h2d,1229600,double,153700
17605,h2d,1229600,double,153700
17606,h2d,1229600,double,153700
17607,h2d,1229600,double,153700
17608,h2d,1229600,double,153700
17609,h2d,1229600,double,153700
17610,d2h,2048,double,256
17611,d2h,2048,double,256
17612,d2h,2048,double,256
17613,d2h,2048,double,256
17614,d2h,2048,double,256
17615,h2d,1229600,double,153700
17616,h2d,1229600,double,153700
17617,h2d,1229600,double,153700
17618,h2d,1229600,double,153700
17619,h2d,1229600,double,153700
17620,h2d,1229600,double,153700
17621,h2d,1229600,double,153700
17622,h2d,1229600,double,153700
17623,d2h,2048,double,256
17624,h2d,1229600,double,153700
17625,h2d,1229600,double,153700
17626,h2d,1229600,double,153700
17627,h2d,1229600,double,153700
17628,h2d,1229600,double,153700
17629,h2d,1229600,double,153700
17630,h2d,1229600,double,153700
17631,h2d,1229600,double,153700
17632,h2d,1229600,double,153700
17633,h2d,1229600,double,153700
17634,h2d,1229600,double,153700
17635,h2d,1229600,double,153700
17636,h2d,1229600,double,153700
17637,h2d,1229600,double,153700
17638,h2d,1229600,double,153700
17639,h2d,1229600,double,153700
17640,h2d,1229600,double,153700
17641,h2d,1229600,double,153700
17642,h2d,1229600,double,153700
17643,h2d,1229600,double,153700
17644,h2d,1229600,double,153700
17645,h2d,1229600,double,153700
17646,h2d,1229600,double,153700
17647,h2d,1229600,double,153700
17648,d2h,2048,double,256
17649,h2d,1229600,double,153700
17650,h2d,1229600,double,153700
17651,h2d,1229600,double,153700
17652,h2d,1229600,double,153700
17653,h2d,1229600,double,153700
17654,h2d,1229600,double,153700
17655,h2d,1229600,double,153700
17656,h2d,1229600,double,153700
17657,h2d,1229600,double,153700
17658,h2d,1229600,double,153700
17659,h2d,1229600,double,153700
17660,h2d,1229600,double,153700
17661,h2d,1229600,double,153700
17662,h2d,1229600,double,153700
17663,h2d,1229600,double,153700
17664,h2d,1229600,double,153700
17665,h2d,1229600,double,153700
17666,h2d,1229600,double,153700
17667,h2d,1229600,double,153700
17668,h2d,1229600,double,153700
17669,h2d,1229600,double,153700
17670,h2d,1229600,double,153700
17671,h2d,1229600,double,153700
17672,h2d,1229600,double,153700
17673,d2h,2048,double,256
17674,h2d,1229600,double,153700
17675,h2d,1229600,double,153700
17676,h2d,1229600,double,153700
17677,h2d,1229600,double,153700
17678,h2d,1229600,double,153700
17679,h2d,1229600,double,153700
17680,h2d,1229600,double,153700
17681,h2d,1229600,double,153700
17682,h2d,1229600,double,153700
17683,h2d,1229600,double,153700
17684,h2d,1229600,double,153700
17685,h2d,1229600,double,153700
17686,h2d,1229600,double,153700
17687,h2d,1229600,double,153700
17688,h2d,1229600,double,153700
17689,h2d,1229600,double,153700
17690,h2d,1229600,double,153700
17691,h2d,1229600,double,153700
17692,h2d,1229600,double,153700
17693,h2d,1229600,double,153700
17694,h2d,1229600,double,153700
17695,h2d,1229600,double,153700
17696,h2d,1229600,double,153700
17697,h2d,1229600,double,153700
17698,d2h,2048,double,256
17699,h2d,1229600,double,153700
17700,h2d,1229600,double,153700
17701,h2d,1229600,double,153700
17702,h2d,1229600,double,153700
17703,h2d,1229600,double,153700
17704,h2d,1229600,double,153700
17705,h2d,1229600,double,153700
17706,h2d,1229600,double,153700
17707,h2d,1229600,double,153700
17708,h2d,1229600,double,153700
17709,h2d,1229600,double,153700
17710,h2d,1229600,double,153700
17711,h2d,1229600,double,153700
17712,h2d,1229600,double,153700
17713,h2d,1229600,double,153700
17714,h2d,1229600,double,153700
17715,h2d,1229600,double,153700
17716,h2d,1229600,double,153700
17717,h2d,1229600,double,153700
17718,h2d,1229600,double,153700
17719,h2d,1229600,double,153700
17720,h2d,1229600,double,153700
17721,h2d,1229600,double,153700
17722,h2d,1229600,double,153700
17723,d2h,2048,double,256
17724,h2d,1229600,double,153700
17725,h2d,1229600,double,153700
17726,h2d,1229600,double,153700
17727,h2d,1229600,double,153700
17728,h2d,1229600,double,153700
17729,h2d,1229600,double,153700
17730,h2d,1229600,double,153700
17731,h2d,1229600,double,153700
17732,h2d,1229600,double,153700
17733,h2d,1229600,double,153700
17734,h2d,1229600,double,153700
17735,h2d,1229600,double,153700
17736,h2d,1229600,double,153700
17737,h2d,1229600,double,153700
17738,h2d,1229600,double,153700
17739,h2d,1229600,double,153700
17740,h2d,1229600,double,153700
17741,h2d,1229600,double,153700
17742,h2d,1229600,double,153700
17743,h2d,1229600,double,153700
17744,h2d,1229600,double,153700
17745,h2d,1229600,double,153700
17746,h2d,1229600,double,153700
17747,h2d,1229600,double,153700
17748,d2h,2048,double,256
17749,h2d,1229600,double,153700
17750,h2d,1229600,double,153700
17751,h2d,1229600,double,153700
17752,h2d,1229600,double,153700
17753,h2d,1229600,double,153700
17754,h2d,1229600,double,153700
17755,h2d,1229600,double,153700
17756,h2d,1229600,double,153700
17757,h2d,1229600,double,153700
17758,h2d,1229600,double,153700
17759,h2d,1229600,double,153700
17760,h2d,1229600,double,153700
17761,h2d,1229600,double,153700
17762,h2d,1229600,double,153700
17763,h2d,1229600,double,153700
17764,h2d,1229600,double,153700
17765,h2d,1229600,double,153700
17766,h2d,1229600,double,153700
17767,h2d,1229600,double,153700
17768,h2d,1229600,double,153700
17769,h2d,1229600,double,153700
17770,h2d,1229600,double,153700
17771,h2d,1229600,double,153700
17772,h2d,1229600,double,153700
17773,d2h,2048,double,256
17774,h2d,1229600,double,153700
17775,h2d,1229600,double,153700
17776,h2d,1229600,double,153700
17777,h2d,1229600,double,153700
17778,h2d,1229600,double,153700
17779,h2d,1229600,double,153700
17780,h2d,1229600,double,153700
17781,h2d,1229600,double,153700
17782,h2d,1229600,double,153700
17783,h2d,1229600,double,153700
17784,h2d,1229600,double,153700
17785,h2d,1229600,double,153700
17786,h2d,1229600,double,153700
17787,h2d,1229600,double,153700
17788,h2d,1229600,double,153700
17789,h2d,1229600,double,153700
17790,h2d,1229600,double,153700
17791,h2d,1229600,double,153700
17792,h2d,1229600,double,153700
17793,h2d,1229600,double,153700
17794,h2d,1229600,double,153700
17795,h2d,1229600,double,153700
17796,h2d,1229600,double,153700
17797,h2d,1229600,double,153700
17798,d2h,2048,double,256
17799,h2d,1229600,double,153700
17800,h2d,1229600,double,153700
17801,h2d,1229600,double,153700
17802,h2d,1229600,double,153700
17803,h2d,1229600,double,153700
17804,h2d,1229600,double,153700
17805,h2d,1229600,double,153700
17806,h2d,1229600,double,153700
17807,h2d,1229600,double,153700
17808,h2d,1229600,double,153700
17809,h2d,1229600,double,153700
17810,h2d,1229600,double,153700
17811,h2d,1229600,double,153700
17812,h2d,1229600,double,153700
17813,h2d,1229600,double,153700
17814,h2d,1229600,double,153700
17815,h2d,1229600,double,153700
17816,h2d,1229600,double,153700
17817,h2d,1229600,double,153700
17818,h2d,1229600,double,153700
17819,h2d,1229600,double,153700
17820,h2d,1229600,double,153700
17821,h2d,1229600,double,153700
17822,h2d,1229600,double,153700
17823,d2h,2048,double,256
17824,h2d,1229600,double,153700
17825,h2d,1229600,double,153700
17826,h2d,1229600,double,153700
17827,h2d,1229600,double,153700
17828,h2d,1229600,double,153700
17829,h2d,1229600,double,153700
17830,h2d,1229600,double,153700
17831,h2d,1229600,double,153700
17832,h2d,1229600,double,153700
17833,h2d,1229600,double,153700
17834,h2d,1229600,double,153700
17835,h2d,1229600,double,153700
17836,h2d,1229600,double,153700
17837,h2d,1229600,double,153700
17838,h2d,1229600,double,153700
17839,h2d,1229600,double,153700
17840,h2d,1229600,double,153700
17841,h2d,1229600,double,153700
17842,h2d,1229600,double,153700
17843,h2d,1229600,double,153700
17844,h2d,1229600,double,153700
17845,h2d,1229600,double,153700
17846,h2d,1229600,double,153700
17847,h2d,1229600,double,153700
17848,d2h,2048,double,256
17849,h2d,1229600,double,153700
17850,h2d,1229600,double,153700
17851,h2d,1229600,double,153700
17852,h2d,1229600,double,153700
17853,h2d,1229600,double,153700
17854,h2d,1229600,double,153700
17855,h2d,1229600,double,153700
17856,h2d,1229600,double,153700
17857,h2d,1229600,double,153700
17858,h2d,1229600,double,153700
17859,h2d,1229600,double,153700
17860,h2d,1229600,double,153700
17861,h2d,1229600,double,153700
17862,h2d,1229600,double,153700
17863,h2d,1229600,double,153700
17864,h2d,1229600,double,153700
17865,d2h,2048,double,256
17866,d2h,2048,double,256
17867,d2h,2048,double,256
17868,d2h,2048,double,256
17869,d2h,2048,double,256
17870,h2d,1229600,double,153700
17871,h2d,1229600,double,153700
17872,h2d,1229600,double,153700
17873,h2d,1229600,double,153700
17874,h2d,1229600,double,153700
17875,h2d,1229600,double,153700
17876,h2d,1229600,double,153700
17877,h2d,1229600,double,153700
17878,d2h,2048,double,256
17879,h2d,1229600,double,153700
17880,h2d,1229600,double,153700
17881,h2d,1229600,double,153700
17882,h2d,1229600,double,153700
17883,h2d,1229600,double,153700
17884,h2d,1229600,double,153700
17885,h2d,1229600,double,153700
17886,h2d,1229600,double,153700
17887,h2d,1229600,double,153700
17888,h2d,1229600,double,153700
17889,h2d,1229600,double,153700
17890,h2d,1229600,double,153700
17891,h2d,1229600,double,153700
17892,h2d,1229600,double,153700
17893,h2d,1229600,double,153700
17894,h2d,1229600,double,153700
17895,h2d,1229600,double,153700
17896,h2d,1229600,double,153700
17897,h2d,1229600,double,153700
17898,h2d,1229600,double,153700
17899,h2d,1229600,double,153700
17900,h2d,1229600,double,153700
17901,h2d,1229600,double,153700
17902,h2d,1229600,double,153700
17903,d2h,2048,double,256
17904,h2d,1229600,double,153700
17905,h2d,1229600,double,153700
17906,h2d,1229600,double,153700
17907,h2d,1229600,double,153700
17908,h2d,1229600,double,153700
17909,h2d,1229600,double,153700
17910,h2d,1229600,double,153700
17911,h2d,1229600,double,153700
17912,h2d,1229600,double,153700
17913,h2d,1229600,double,153700
17914,h2d,1229600,double,153700
17915,h2d,1229600,double,153700
17916,h2d,1229600,double,153700
17917,h2d,1229600,double,153700
17918,h2d,1229600,double,153700
17919,h2d,1229600,double,153700
17920,h2d,1229600,double,153700
17921,h2d,1229600,double,153700
17922,h2d,1229600,double,153700
17923,h2d,1229600,double,153700
17924,h2d,1229600,double,153700
17925,h2d,1229600,double,153700
17926,h2d,1229600,double,153700
17927,h2d,1229600,double,153700
17928,d2h,2048,double,256
17929,h2d,1229600,double,153700
17930,h2d,1229600,double,153700
17931,h2d,1229600,double,153700
17932,h2d,1229600,double,153700
17933,h2d,1229600,double,153700
17934,h2d,1229600,double,153700
17935,h2d,1229600,double,153700
17936,h2d,1229600,double,153700
17937,h2d,1229600,double,153700
17938,h2d,1229600,double,153700
17939,h2d,1229600,double,153700
17940,h2d,1229600,double,153700
17941,h2d,1229600,double,153700
17942,h2d,1229600,double,153700
17943,h2d,1229600,double,153700
17944,h2d,1229600,double,153700
17945,h2d,1229600,double,153700
17946,h2d,1229600,double,153700
17947,h2d,1229600,double,153700
17948,h2d,1229600,double,153700
17949,h2d,1229600,double,153700
17950,h2d,1229600,double,153700
17951,h2d,1229600,double,153700
17952,h2d,1229600,double,153700
17953,d2h,2048,double,256
17954,h2d,1229600,double,153700
17955,h2d,1229600,double,153700
17956,h2d,1229600,double,153700
17957,h2d,1229600,double,153700
17958,h2d,1229600,double,153700
17959,h2d,1229600,double,153700
17960,h2d,1229600,double,153700
17961,h2d,1229600,double,153700
17962,h2d,1229600,double,153700
17963,h2d,1229600,double,153700
17964,h2d,1229600,double,153700
17965,h2d,1229600,double,153700
17966,h2d,1229600,double,153700
17967,h2d,1229600,double,153700
17968,h2d,1229600,double,153700
17969,h2d,1229600,double,153700
17970,h2d,1229600,double,153700
17971,h2d,1229600,double,153700
17972,h2d,1229600,double,153700
17973,h2d,1229600,double,153700
17974,h2d,1229600,double,153700
17975,h2d,1229600,double,153700
17976,h2d,1229600,double,153700
17977,h2d,1229600,double,153700
17978,d2h,2048,double,256
17979,h2d,1229600,double,153700
17980,h2d,1229600,double,153700
17981,h2d,1229600,double,153700
17982,h2d,1229600,double,153700
17983,h2d,1229600,double,153700
17984,h2d,1229600,double,153700
17985,h2d,1229600,double,153700
17986,h2d,1229600,double,153700
17987,h2d,1229600,double,153700
17988,h2d,1229600,double,153700
17989,h2d,1229600,double,153700
17990,h2d,1229600,double,153700
17991,h2d,1229600,double,153700
17992,h2d,1229600,double,153700
17993,h2d,1229600,double,153700
17994,h2d,1229600,double,153700
17995,h2d,1229600,double,153700
17996,h2d,1229600,double,153700
17997,h2d,1229600,double,153700
17998,h2d,1229600,double,153700
17999,h2d,1229600,double,153700
18000,h2d,1229600,double,153700
18001,h2d,1229600,double,153700
18002,h2d,1229600,double,153700
18003,d2h,2048,double,256
18004,h2d,1229600,double,153700
18005,h2d,1229600,double,153700
18006,h2d,1229600,double,153700
18007,h2d,1229600,double,153700
18008,h2d,1229600,double,153700
18009,h2d,1229600,double,153700
18010,h2d,1229600,double,153700
18011,h2d,1229600,double,153700
18012,h2d,1229600,double,153700
18013,h2d,1229600,double,153700
18014,h2d,1229600,double,153700
18015,h2d,1229600,double,153700
18016,h2d,1229600,double,153700
18017,h2d,1229600,double,153700
18018,h2d,1229600,double,153700
18019,h2d,1229600,double,153700
18020,h2d,1229600,double,153700
18021,h2d,1229600,double,153700
18022,h2d,1229600,double,153700
18023,h2d,1229600,double,153700
18024,h2d,1229600,double,153700
18025,h2d,1229600,double,153700
18026,h2d,1229600,double,153700
18027,h2d,1229600,double,153700
18028,d2h,2048,double,256
18029,h2d,1229600,double,153700
18030,h2d,1229600,double,153700
18031,h2d,1229600,double,153700
18032,h2d,1229600,double,153700
18033,h2d,1229600,double,153700
18034,h2d,1229600,double,153700
18035,h2d,1229600,double,153700
18036,h2d,1229600,double,153700
18037,h2d,1229600,double,153700
18038,h2d,1229600,double,153700
18039,h2d,1229600,double,153700
18040,h2d,1229600,double,153700
18041,h2d,1229600,double,153700
18042,h2d,1229600,double,153700
18043,h2d,1229600,double,153700
18044,h2d,1229600,double,153700
18045,h2d,1229600,double,153700
18046,h2d,1229600,double,153700
18047,h2d,1229600,double,153700
18048,h2d,1229600,double,153700
18049,h2d,1229600,double,153700
18050,h2d,1229600,double,153700
18051,h2d,1229600,double,153700
18052,h2d,1229600,double,153700
18053,d2h,2048,double,256
18054,h2d,1229600,double,153700
18055,h2d,1229600,double,153700
18056,h2d,1229600,double,153700
18057,h2d,1229600,double,153700
18058,h2d,1229600,double,153700
18059,h2d,1229600,double,153700
18060,h2d,1229600,double,153700
18061,h2d,1229600,double,153700
18062,h2d,1229600,double,153700
18063,h2d,1229600,double,153700
18064,h2d,1229600,double,153700
18065,h2d,1229600,double,153700
18066,h2d,1229600,double,153700
18067,h2d,1229600,double,153700
18068,h2d,1229600,double,153700
18069,h2d,1229600,double,153700
18070,h2d,1229600,double,153700
18071,h2d,1229600,double,153700
18072,h2d,1229600,double,153700
18073,h2d,1229600,double,153700
18074,h2d,1229600,double,153700
18075,h2d,1229600,double,153700
18076,h2d,1229600,double,153700
18077,h2d,1229600,double,153700
18078,d2h,2048,double,256
18079,h2d,1229600,double,153700
18080,h2d,1229600,double,153700
18081,h2d,1229600,double,153700
18082,h2d,1229600,double,153700
18083,h2d,1229600,double,153700
18084,h2d,1229600,double,153700
18085,h2d,1229600,double,153700
18086,h2d,1229600,double,153700
18087,h2d,1229600,double,153700
18088,h2d,1229600,double,153700
18089,h2d,1229600,double,153700
18090,h2d,1229600,double,153700
18091,h2d,1229600,double,153700
18092,h2d,1229600,double,153700
18093,h2d,1229600,double,153700
18094,h2d,1229600,double,153700
18095,h2d,1229600,double,153700
18096,h2d,1229600,double,153700
18097,h2d,1229600,double,153700
18098,h2d,1229600,double,153700
18099,h2d,1229600,double,153700
18100,h2d,1229600,double,153700
18101,h2d,1229600,double,153700
18102,h2d,1229600,double,153700
18103,d2h,2048,double,256
18104,h2d,1229600,double,153700
18105,h2d,1229600,double,153700
18106,h2d,1229600,double,153700
18107,h2d,1229600,double,153700
18108,h2d,1229600,double,153700
18109,h2d,1229600,double,153700
18110,h2d,1229600,double,153700
18111,h2d,1229600,double,153700
18112,h2d,1229600,double,153700
18113,h2d,1229600,double,153700
18114,h2d,1229600,double,153700
18115,h2d,1229600,double,153700
18116,h2d,1229600,double,153700
18117,h2d,1229600,double,153700
18118,h2d,1229600,double,153700
18119,h2d,1229600,double,153700
18120,d2h,2048,double,256
18121,d2h,2048,double,256
18122,d2h,2048,double,256
18123,d2h,2048,double,256
18124,d2h,2048,double,256
18125,h2d,1229600,double,153700
18126,h2d,1229600,double,153700
18127,h2d,1229600,double,153700
18128,h2d,1229600,double,153700
18129,h2d,1229600,double,153700
18130,h2d,1229600,double,153700
18131,h2d,1229600,double,153700
18132,h2d,1229600,double,153700
18133,d2h,2048,double,256
18134,h2d,1229600,double,153700
18135,h2d,1229600,double,153700
18136,h2d,1229600,double,153700
18137,h2d,1229600,double,153700
18138,h2d,1229600,double,153700
18139,h2d,1229600,double,153700
18140,h2d,1229600,double,153700
18141,h2d,1229600,double,153700
18142,h2d,1229600,double,153700
18143,h2d,1229600,double,153700
18144,h2d,1229600,double,153700
18145,h2d,1229600,double,153700
18146,h2d,1229600,double,153700
18147,h2d,1229600,double,153700
18148,h2d,1229600,double,153700
18149,h2d,1229600,double,153700
18150,h2d,1229600,double,153700
18151,h2d,1229600,double,153700
18152,h2d,1229600,double,153700
18153,h2d,1229600,double,153700
18154,h2d,1229600,double,153700
18155,h2d,1229600,double,153700
18156,h2d,1229600,double,153700
18157,h2d,1229600,double,153700
18158,d2h,2048,double,256
18159,h2d,1229600,double,153700
18160,h2d,1229600,double,153700
18161,h2d,1229600,double,153700
18162,h2d,1229600,double,153700
18163,h2d,1229600,double,153700
18164,h2d,1229600,double,153700
18165,h2d,1229600,double,153700
18166,h2d,1229600,double,153700
18167,h2d,1229600,double,153700
18168,h2d,1229600,double,153700
18169,h2d,1229600,double,153700
18170,h2d,1229600,double,153700
18171,h2d,1229600,double,153700
18172,h2d,1229600,double,153700
18173,h2d,1229600,double,153700
18174,h2d,1229600,double,153700
18175,h2d,1229600,double,153700
18176,h2d,1229600,double,153700
18177,h2d,1229600,double,153700
18178,h2d,1229600,double,153700
18179,h2d,1229600,double,153700
18180,h2d,1229600,double,153700
18181,h2d,1229600,double,153700
18182,h2d,1229600,double,153700
18183,d2h,2048,double,256
18184,h2d,1229600,double,153700
18185,h2d,1229600,double,153700
18186,h2d,1229600,double,153700
18187,h2d,1229600,double,153700
18188,h2d,1229600,double,153700
18189,h2d,1229600,double,153700
18190,h2d,1229600,double,153700
18191,h2d,1229600,double,153700
18192,h2d,1229600,double,153700
18193,h2d,1229600,double,153700
18194,h2d,1229600,double,153700
18195,h2d,1229600,double,153700
18196,h2d,1229600,double,153700
18197,h2d,1229600,double,153700
18198,h2d,1229600,double,153700
18199,h2d,1229600,double,153700
18200,h2d,1229600,double,153700
18201,h2d,1229600,double,153700
18202,h2d,1229600,double,153700
18203,h2d,1229600,double,153700
18204,h2d,1229600,double,153700
18205,h2d,1229600,double,153700
18206,h2d,1229600,double,153700
18207,h2d,1229600,double,153700
18208,d2h,2048,double,256
18209,h2d,1229600,double,153700
18210,h2d,1229600,double,153700
18211,h2d,1229600,double,153700
18212,h2d,1229600,double,153700
18213,h2d,1229600,double,153700
18214,h2d,1229600,double,153700
18215,h2d,1229600,double,153700
18216,h2d,1229600,double,153700
18217,h2d,1229600,double,153700
18218,h2d,1229600,double,153700
18219,h2d,1229600,double,153700
18220,h2d,1229600,double,153700
18221,h2d,1229600,double,153700
18222,h2d,1229600,double,153700
18223,h2d,1229600,double,153700
18224,h2d,1229600,double,153700
18225,h2d,1229600,double,153700
18226,h2d,1229600,double,153700
18227,h2d,1229600,double,153700
18228,h2d,1229600,double,153700
18229,h2d,1229600,double,153700
18230,h2d,1229600,double,153700
18231,h2d,1229600,double,153700
18232,h2d,1229600,double,153700
18233,d2h,2048,double,256
18234,h2d,1229600,double,153700
18235,h2d,1229600,double,153700
18236,h2d,1229600,double,153700
18237,h2d,1229600,double,153700
18238,h2d,1229600,double,153700
18239,h2d,1229600,double,153700
18240,h2d,1229600,double,153700
18241,h2d,1229600,double,153700
18242,h2d,1229600,double,153700
18243,h2d,1229600,double,153700
18244,h2d,1229600,double,153700
18245,h2d,1229600,double,153700
18246,h2d,1229600,double,153700
18247,h2d,1229600,double,153700
18248,h2d,1229600,double,153700
18249,h2d,1229600,double,153700
18250,h2d,1229600,double,153700
18251,h2d,1229600,double,153700
18252,h2d,1229600,double,153700
18253,h2d,1229600,double,153700
18254,h2d,1229600,double,153700
18255,h2d,1229600,double,153700
18256,h2d,1229600,double,153700
18257,h2d,1229600,double,153700
18258,d2h,2048,double,256
18259,h2d,1229600,double,153700
18260,h2d,1229600,double,153700
18261,h2d,1229600,double,153700
18262,h2d,1229600,double,153700
18263,h2d,1229600,double,153700
18264,h2d,1229600,double,153700
18265,h2d,1229600,double,153700
18266,h2d,1229600,double,153700
18267,h2d,1229600,double,153700
18268,h2d,1229600,double,153700
18269,h2d,1229600,double,153700
18270,h2d,1229600,double,153700
18271,h2d,1229600,double,153700
18272,h2d,1229600,double,153700
18273,h2d,1229600,double,153700
18274,h2d,1229600,double,153700
18275,h2d,1229600,double,153700
18276,h2d,1229600,double,153700
18277,h2d,1229600,double,153700
18278,h2d,1229600,double,153700
18279,h2d,1229600,double,153700
18280,h2d,1229600,double,153700
18281,h2d,1229600,double,153700
18282,h2d,1229600,double,153700
18283,d2h,2048,double,256
18284,h2d,1229600,double,153700
18285,h2d,1229600,double,153700
18286,h2d,1229600,double,153700
18287,h2d,1229600,double,153700
18288,h2d,1229600,double,153700
18289,h2d,1229600,double,153700
18290,h2d,1229600,double,153700
18291,h2d,1229600,double,153700
18292,h2d,1229600,double,153700
18293,h2d,1229600,double,153700
18294,h2d,1229600,double,153700
18295,h2d,1229600,double,153700
18296,h2d,1229600,double,153700
18297,h2d,1229600,double,153700
18298,h2d,1229600,double,153700
18299,h2d,1229600,double,153700
18300,h2d,1229600,double,153700
18301,h2d,1229600,double,153700
18302,h2d,1229600,double,153700
18303,h2d,1229600,double,153700
18304,h2d,1229600,double,153700
18305,h2d,1229600,double,153700
18306,h2d,1229600,double,153700
18307,h2d,1229600,double,153700
18308,d2h,2048,double,256
18309,h2d,1229600,double,153700
18310,h2d,1229600,double,153700
18311,h2d,1229600,double,153700
18312,h2d,1229600,double,153700
18313,h2d,1229600,double,153700
18314,h2d,1229600,double,153700
18315,h2d,1229600,double,153700
18316,h2d,1229600,double,153700
18317,h2d,1229600,double,153700
18318,h2d,1229600,double,153700
18319,h2d,1229600,double,153700
18320,h2d,1229600,double,153700
18321,h2d,1229600,double,153700
18322,h2d,1229600,double,153700
18323,h2d,1229600,double,153700
18324,h2d,1229600,double,153700
18325,h2d,1229600,double,153700
18326,h2d,1229600,double,153700
18327,h2d,1229600,double,153700
18328,h2d,1229600,double,153700
18329,h2d,1229600,double,153700
18330,h2d,1229600,double,153700
18331,h2d,1229600,double,153700
18332,h2d,1229600,double,153700
18333,d2h,2048,double,256
18334,h2d,1229600,double,153700
18335,h2d,1229600,double,153700
18336,h2d,1229600,double,153700
18337,h2d,1229600,double,153700
18338,h2d,1229600,double,153700
18339,h2d,1229600,double,153700
18340,h2d,1229600,double,153700
18341,h2d,1229600,double,153700
18342,h2d,1229600,double,153700
18343,h2d,1229600,double,153700
18344,h2d,1229600,double,153700
18345,h2d,1229600,double,153700
18346,h2d,1229600,double,153700
18347,h2d,1229600,double,153700
18348,h2d,1229600,double,153700
18349,h2d,1229600,double,153700
18350,h2d,1229600,double,153700
18351,h2d,1229600,double,153700
18352,h2d,1229600,double,153700
18353,h2d,1229600,double,153700
18354,h2d,1229600,double,153700
18355,h2d,1229600,double,153700
18356,h2d,1229600,double,153700
18357,h2d,1229600,double,153700
18358,d2h,2048,double,256
18359,h2d,1229600,double,153700
18360,h2d,1229600,double,153700
18361,h2d,1229600,double,153700
18362,h2d,1229600,double,153700
18363,h2d,1229600,double,153700
18364,h2d,1229600,double,153700
18365,h2d,1229600,double,153700
18366,h2d,1229600,double,153700
18367,h2d,1229600,double,153700
18368,h2d,1229600,double,153700
18369,h2d,1229600,double,153700
18370,h2d,1229600,double,153700
18371,h2d,1229600,double,153700
18372,h2d,1229600,double,153700
18373,h2d,1229600,double,153700
18374,h2d,1229600,double,153700
18375,d2h,2048,double,256
18376,d2h,2048,double,256
18377,d2h,2048,double,256
18378,d2h,2048,double,256
18379,d2h,2048,double,256
18380,h2d,1229600,double,153700
18381,h2d,1229600,double,153700
18382,h2d,1229600,double,153700
18383,h2d,1229600,double,153700
18384,h2d,1229600,double,153700
18385,h2d,1229600,double,153700
18386,h2d,1229600,double,153700
18387,h2d,1229600,double,153700
18388,d2h,2048,double,256
18389,h2d,1229600,double,153700
18390,h2d,1229600,double,153700
18391,h2d,1229600,double,153700
18392,h2d,1229600,double,153700
18393,h2d,1229600,double,153700
18394,h2d,1229600,double,153700
18395,h2d,1229600,double,153700
18396,h2d,1229600,double,153700
18397,h2d,1229600,double,153700
18398,h2d,1229600,double,153700
18399,h2d,1229600,double,153700
18400,h2d,1229600,double,153700
18401,h2d,1229600,double,153700
18402,h2d,1229600,double,153700
18403,h2d,1229600,double,153700
18404,h2d,1229600,double,153700
18405,h2d,1229600,double,153700
18406,h2d,1229600,double,153700
18407,h2d,1229600,double,153700
18408,h2d,1229600,double,153700
18409,h2d,1229600,double,153700
18410,h2d,1229600,double,153700
18411,h2d,1229600,double,153700
18412,h2d,1229600,double,153700
18413,d2h,2048,double,256
18414,h2d,1229600,double,153700
18415,h2d,1229600,double,153700
18416,h2d,1229600,double,153700
18417,h2d,1229600,double,153700
18418,h2d,1229600,double,153700
18419,h2d,1229600,double,153700
18420,h2d,1229600,double,153700
18421,h2d,1229600,double,153700
18422,h2d,1229600,double,153700
18423,h2d,1229600,double,153700
18424,h2d,1229600,double,153700
18425,h2d,1229600,double,153700
18426,h2d,1229600,double,153700
18427,h2d,1229600,double,153700
18428,h2d,1229600,double,153700
18429,h2d,1229600,double,153700
18430,h2d,1229600,double,153700
18431,h2d,1229600,double,153700
18432,h2d,1229600,double,153700
18433,h2d,1229600,double,153700
18434,h2d,1229600,double,153700
18435,h2d,1229600,double,153700
18436,h2d,1229600,double,153700
18437,h2d,1229600,double,153700
18438,d2h,2048,double,256
18439,h2d,1229600,double,153700
18440,h2d,1229600,double,153700
18441,h2d,1229600,double,153700
18442,h2d,1229600,double,153700
18443,h2d,1229600,double,153700
18444,h2d,1229600,double,153700
18445,h2d,1229600,double,153700
18446,h2d,1229600,double,153700
18447,h2d,1229600,double,153700
18448,h2d,1229600,double,153700
18449,h2d,1229600,double,153700
18450,h2d,1229600,double,153700
18451,h2d,1229600,double,153700
18452,h2d,1229600,double,153700
18453,h2d,1229600,double,153700
18454,h2d,1229600,double,153700
18455,h2d,1229600,double,153700
18456,h2d,1229600,double,153700
18457,h2d,1229600,double,153700
18458,h2d,1229600,double,153700
18459,h2d,1229600,double,153700
18460,h2d,1229600,double,153700
18461,h2d,1229600,double,153700
18462,h2d,1229600,double,153700
18463,d2h,2048,double,256
18464,h2d,1229600,double,153700
18465,h2d,1229600,double,153700
18466,h2d,1229600,double,153700
18467,h2d,1229600,double,153700
18468,h2d,1229600,double,153700
18469,h2d,1229600,double,153700
18470,h2d,1229600,double,153700
18471,h2d,1229600,double,153700
18472,h2d,1229600,double,153700
18473,h2d,1229600,double,153700
18474,h2d,1229600,double,153700
18475,h2d,1229600,double,153700
18476,h2d,1229600,double,153700
18477,h2d,1229600,double,153700
18478,h2d,1229600,double,153700
18479,h2d,1229600,double,153700
18480,h2d,1229600,double,153700
18481,h2d,1229600,double,153700
18482,h2d,1229600,double,153700
18483,h2d,1229600,double,153700
18484,h2d,1229600,double,153700
18485,h2d,1229600,double,153700
18486,h2d,1229600,double,153700
18487,h2d,1229600,double,153700
18488,d2h,2048,double,256
18489,h2d,1229600,double,153700
18490,h2d,1229600,double,153700
18491,h2d,1229600,double,153700
18492,h2d,1229600,double,153700
18493,h2d,1229600,double,153700
18494,h2d,1229600,double,153700
18495,h2d,1229600,double,153700
18496,h2d,1229600,double,153700
18497,h2d,1229600,double,153700
18498,h2d,1229600,double,153700
18499,h2d,1229600,double,153700
18500,h2d,1229600,double,153700
18501,h2d,1229600,double,153700
18502,h2d,1229600,double,153700
18503,h2d,1229600,double,153700
18504,h2d,1229600,double,153700
18505,h2d,1229600,double,153700
18506,h2d,1229600,double,153700
18507,h2d,1229600,double,153700
18508,h2d,1229600,double,153700
18509,h2d,1229600,double,153700
18510,h2d,1229600,double,153700
18511,h2d,1229600,double,153700
18512,h2d,1229600,double,153700
18513,d2h,2048,double,256
18514,h2d,1229600,double,153700
18515,h2d,1229600,double,153700
18516,h2d,1229600,double,153700
18517,h2d,1229600,double,153700
18518,h2d,1229600,double,153700
18519,h2d,1229600,double,153700
18520,h2d,1229600,double,153700
18521,h2d,1229600,double,153700
18522,h2d,1229600,double,153700
18523,h2d,1229600,double,153700
18524,h2d,1229600,double,153700
18525,h2d,1229600,double,153700
18526,h2d,1229600,double,153700
18527,h2d,1229600,double,153700
18528,h2d,1229600,double,153700
18529,h2d,1229600,double,153700
18530,h2d,1229600,double,153700
18531,h2d,1229600,double,153700
18532,h2d,1229600,double,153700
18533,h2d,1229600,double,153700
18534,h2d,1229600,double,153700
18535,h2d,1229600,double,153700
18536,h2d,1229600,double,153700
18537,h2d,1229600,double,153700
18538,d2h,2048,double,256
18539,h2d,1229600,double,153700
18540,h2d,1229600,double,153700
18541,h2d,1229600,double,153700
18542,h2d,1229600,double,153700
18543,h2d,1229600,double,153700
18544,h2d,1229600,double,153700
18545,h2d,1229600,double,153700
18546,h2d,1229600,double,153700
18547,h2d,1229600,double,153700
18548,h2d,1229600,double,153700
18549,h2d,1229600,double,153700
18550,h2d,1229600,double,153700
18551,h2d,1229600,double,153700
18552,h2d,1229600,double,153700
18553,h2d,1229600,double,153700
18554,h2d,1229600,double,153700
18555,h2d,1229600,double,153700
18556,h2d,1229600,double,153700
18557,h2d,1229600,double,153700
18558,h2d,1229600,double,153700
18559,h2d,1229600,double,153700
18560,h2d,1229600,double,153700
18561,h2d,1229600,double,153700
18562,h2d,1229600,double,153700
18563,d2h,2048,double,256
18564,h2d,1229600,double,153700
18565,h2d,1229600,double,153700
18566,h2d,1229600,double,153700
18567,h2d,1229600,double,153700
18568,h2d,1229600,double,153700
18569,h2d,1229600,double,153700
18570,h2d,1229600,double,153700
18571,h2d,1229600,double,153700
18572,h2d,1229600,double,153700
18573,h2d,1229600,double,153700
18574,h2d,1229600,double,153700
18575,h2d,1229600,double,153700
18576,h2d,1229600,double,153700
18577,h2d,1229600,double,153700
18578,h2d,1229600,double,153700
18579,h2d,1229600,double,153700
18580,h2d,1229600,double,153700
18581,h2d,1229600,double,153700
18582,h2d,1229600,double,153700
18583,h2d,1229600,double,153700
18584,h2d,1229600,double,153700
18585,h2d,1229600,double,153700
18586,h2d,1229600,double,153700
18587,h2d,1229600,double,153700
18588,d2h,2048,double,256
18589,h2d,1229600,double,153700
18590,h2d,1229600,double,153700
18591,h2d,1229600,double,153700
18592,h2d,1229600,double,153700
18593,h2d,1229600,double,153700
18594,h2d,1229600,double,153700
18595,h2d,1229600,double,153700
18596,h2d,1229600,double,153700
18597,h2d,1229600,double,153700
18598,h2d,1229600,double,153700
18599,h2d,1229600,double,153700
18600,h2d,1229600,double,153700
18601,h2d,1229600,double,153700
18602,h2d,1229600,double,153700
18603,h2d,1229600,double,153700
18604,h2d,1229600,double,153700
18605,h2d,1229600,double,153700
18606,h2d,1229600,double,153700
18607,h2d,1229600,double,153700
18608,h2d,1229600,double,153700
18609,h2d,1229600,double,153700
18610,h2d,1229600,double,153700
18611,h2d,1229600,double,153700
18612,h2d,1229600,double,153700
18613,d2h,2048,double,256
18614,h2d,1229600,double,153700
18615,h2d,1229600,double,153700
18616,h2d,1229600,double,153700
18617,h2d,1229600,double,153700
18618,h2d,1229600,double,153700
18619,h2d,1229600,double,153700
18620,h2d,1229600,double,153700
18621,h2d,1229600,double,153700
18622,h2d,1229600,double,153700
18623,h2d,1229600,double,153700
18624,h2d,1229600,double,153700
18625,h2d,1229600,double,153700
18626,h2d,1229600,double,153700
18627,h2d,1229600,double,153700
18628,h2d,1229600,double,153700
18629,h2d,1229600,double,153700
18630,d2h,2048,double,256
18631,d2h,2048,double,256
18632,d2h,2048,double,256
18633,d2h,2048,double,256
18634,d2h,2048,double,256
18635,h2d,1229600,double,153700
18636,h2d,1229600,double,153700
18637,h2d,1229600,double,153700
18638,h2d,1229600,double,153700
18639,h2d,1229600,double,153700
18640,h2d,1229600,double,153700
18641,h2d,1229600,double,153700
18642,h2d,1229600,double,153700
18643,d2h,2048,double,256
18644,h2d,1229600,double,153700
18645,h2d,1229600,double,153700
18646,h2d,1229600,double,153700
18647,h2d,1229600,double,153700
18648,h2d,1229600,double,153700
18649,h2d,1229600,double,153700
18650,h2d,1229600,double,153700
18651,h2d,1229600,double,153700
18652,h2d,1229600,double,153700
18653,h2d,1229600,double,153700
18654,h2d,1229600,double,153700
18655,h2d,1229600,double,153700
18656,h2d,1229600,double,153700
18657,h2d,1229600,double,153700
18658,h2d,1229600,double,153700
18659,h2d,1229600,double,153700
18660,h2d,1229600,double,153700
18661,h2d,1229600,double,153700
18662,h2d,1229600,double,153700
18663,h2d,1229600,double,153700
18664,h2d,1229600,double,153700
18665,h2d,1229600,double,153700
18666,h2d,1229600,double,153700
18667,h2d,1229600,double,153700
18668,d2h,2048,double,256
18669,h2d,1229600,double,153700
18670,h2d,1229600,double,153700
18671,h2d,1229600,double,153700
18672,h2d,1229600,double,153700
18673,h2d,1229600,double,153700
18674,h2d,1229600,double,153700
18675,h2d,1229600,double,153700
18676,h2d,1229600,double,153700
18677,h2d,1229600,double,153700
18678,h2d,1229600,double,153700
18679,h2d,1229600,double,153700
18680,h2d,1229600,double,153700
18681,h2d,1229600,double,153700
18682,h2d,1229600,double,153700
18683,h2d,1229600,double,153700
18684,h2d,1229600,double,153700
18685,h2d,1229600,double,153700
18686,h2d,1229600,double,153700
18687,h2d,1229600,double,153700
18688,h2d,1229600,double,153700
18689,h2d,1229600,double,153700
18690,h2d,1229600,double,153700
18691,h2d,1229600,double,153700
18692,h2d,1229600,double,153700
18693,d2h,2048,double,256
18694,h2d,1229600,double,153700
18695,h2d,1229600,double,153700
18696,h2d,1229600,double,153700
18697,h2d,1229600,double,153700
18698,h2d,1229600,double,153700
18699,h2d,1229600,double,153700
18700,h2d,1229600,double,153700
18701,h2d,1229600,double,153700
18702,h2d,1229600,double,153700
18703,h2d,1229600,double,153700
18704,h2d,1229600,double,153700
18705,h2d,1229600,double,153700
18706,h2d,1229600,double,153700
18707,h2d,1229600,double,153700
18708,h2d,1229600,double,153700
18709,h2d,1229600,double,153700
18710,h2d,1229600,double,153700
18711,h2d,1229600,double,153700
18712,h2d,1229600,double,153700
18713,h2d,1229600,double,153700
18714,h2d,1229600,double,153700
18715,h2d,1229600,double,153700
18716,h2d,1229600,double,153700
18717,h2d,1229600,double,153700
18718,d2h,2048,double,256
18719,h2d,1229600,double,153700
18720,h2d,1229600,double,153700
18721,h2d,1229600,double,153700
18722,h2d,1229600,double,153700
18723,h2d,1229600,double,153700
18724,h2d,1229600,double,153700
18725,h2d,1229600,double,153700
18726,h2d,1229600,double,153700
18727,h2d,1229600,double,153700
18728,h2d,1229600,double,153700
18729,h2d,1229600,double,153700
18730,h2d,1229600,double,153700
18731,h2d,1229600,double,153700
18732,h2d,1229600,double,153700
18733,h2d,1229600,double,153700
18734,h2d,1229600,double,153700
18735,h2d,1229600,double,153700
18736,h2d,1229600,double,153700
18737,h2d,1229600,double,153700
18738,h2d,1229600,double,153700
18739,h2d,1229600,double,153700
18740,h2d,1229600,double,153700
18741,h2d,1229600,double,153700
18742,h2d,1229600,double,153700
18743,d2h,2048,double,256
18744,h2d,1229600,double,153700
18745,h2d,1229600,double,153700
18746,h2d,1229600,double,153700
18747,h2d,1229600,double,153700
18748,h2d,1229600,double,153700
18749,h2d,1229600,double,153700
18750,h2d,1229600,double,153700
18751,h2d,1229600,double,153700
18752,h2d,1229600,double,153700
18753,h2d,1229600,double,153700
18754,h2d,1229600,double,153700
18755,h2d,1229600,double,153700
18756,h2d,1229600,double,153700
18757,h2d,1229600,double,153700
18758,h2d,1229600,double,153700
18759,h2d,1229600,double,153700
18760,h2d,1229600,double,153700
18761,h2d,1229600,double,153700
18762,h2d,1229600,double,153700
18763,h2d,1229600,double,153700
18764,h2d,1229600,double,153700
18765,h2d,1229600,double,153700
18766,h2d,1229600,double,153700
18767,h2d,1229600,double,153700
18768,d2h,2048,double,256
18769,h2d,1229600,double,153700
18770,h2d,1229600,double,153700
18771,h2d,1229600,double,153700
18772,h2d,1229600,double,153700
18773,h2d,1229600,double,153700
18774,h2d,1229600,double,153700
18775,h2d,1229600,double,153700
18776,h2d,1229600,double,153700
18777,h2d,1229600,double,153700
18778,h2d,1229600,double,153700
18779,h2d,1229600,double,153700
18780,h2d,1229600,double,153700
18781,h2d,1229600,double,153700
18782,h2d,1229600,double,153700
18783,h2d,1229600,double,153700
18784,h2d,1229600,double,153700
18785,h2d,1229600,double,153700
18786,h2d,1229600,double,153700
18787,h2d,1229600,double,153700
18788,h2d,1229600,double,153700
18789,h2d,1229600,double,153700
18790,h2d,1229600,double,153700
18791,h2d,1229600,double,153700
18792,h2d,1229600,double,153700
18793,d2h,2048,double,256
18794,h2d,1229600,double,153700
18795,h2d,1229600,double,153700
18796,h2d,1229600,double,153700
18797,h2d,1229600,double,153700
18798,h2d,1229600,double,153700
18799,h2d,1229600,double,153700
18800,h2d,1229600,double,153700
18801,h2d,1229600,double,153700
18802,h2d,1229600,double,153700
18803,h2d,1229600,double,153700
18804,h2d,1229600,double,153700
18805,h2d,1229600,double,153700
18806,h2d,1229600,double,153700
18807,h2d,1229600,double,153700
18808,h2d,1229600,double,153700
18809,h2d,1229600,double,153700
18810,h2d,1229600,double,153700
18811,h2d,1229600,double,153700
18812,h2d,1229600,double,153700
18813,h2d,1229600,double,153700
18814,h2d,1229600,double,153700
18815,h2d,1229600,double,153700
18816,h2d,1229600,double,153700
18817,h2d,1229600,double,153700
18818,d2h,2048,double,256
18819,h2d,1229600,double,153700
18820,h2d,1229600,double,153700
18821,h2d,1229600,double,153700
18822,h2d,1229600,double,153700
18823,h2d,1229600,double,153700
18824,h2d,1229600,double,153700
18825,h2d,1229600,double,153700
18826,h2d,1229600,double,153700
18827,h2d,1229600,double,153700
18828,h2d,1229600,double,153700
18829,h2d,1229600,double,153700
18830,h2d,1229600,double,153700
18831,h2d,1229600,double,153700
18832,h2d,1229600,double,153700
18833,h2d,1229600,double,153700
18834,h2d,1229600,double,153700
18835,h2d,1229600,double,153700
18836,h2d,1229600,double,153700
18837,h2d,1229600,double,153700
18838,h2d,1229600,double,153700
18839,h2d,1229600,double,153700
18840,h2d,1229600,double,153700
18841,h2d,1229600,double,153700
18842,h2d,1229600,double,153700
18843,d2h,2048,double,256
18844,h2d,1229600,double,153700
18845,h2d,1229600,double,153700
18846,h2d,1229600,double,153700
18847,h2d,1229600,double,153700
18848,h2d,1229600,double,153700
18849,h2d,1229600,double,153700
18850,h2d,1229600,double,153700
18851,h2d,1229600,double,153700
18852,h2d,1229600,double,153700
18853,h2d,1229600,double,153700
18854,h2d,1229600,double,153700
18855,h2d,1229600,double,153700
18856,h2d,1229600,double,153700
18857,h2d,1229600,double,153700
18858,h2d,1229600,double,153700
18859,h2d,1229600,double,153700
18860,h2d,1229600,double,153700
18861,h2d,1229600,double,153700
18862,h2d,1229600,double,153700
18863,h2d,1229600,double,153700
18864,h2d,1229600,double,153700
18865,h2d,1229600,double,153700
18866,h2d,1229600,double,153700
18867,h2d,1229600,double,153700
18868,d2h,2048,double,256
18869,h2d,1229600,double,153700
18870,h2d,1229600,double,153700
18871,h2d,1229600,double,153700
18872,h2d,1229600,double,153700
18873,h2d,1229600,double,153700
18874,h2d,1229600,double,153700
18875,h2d,1229600,double,153700
18876,h2d,1229600,double,153700
18877,h2d,1229600,double,153700
18878,h2d,1229600,double,153700
18879,h2d,1229600,double,153700
18880,h2d,1229600,double,153700
18881,h2d,1229600,double,153700
18882,h2d,1229600,double,153700
18883,h2d,1229600,double,153700
18884,h2d,1229600,double,153700
18885,d2h,2048,double,256
18886,d2h,2048,double,256
18887,d2h,2048,double,256
18888,d2h,2048,double,256
18889,d2h,2048,double,256
18890,h2d,1229600,double,153700
18891,h2d,1229600,double,153700
18892,h2d,1229600,double,153700
18893,h2d,1229600,double,153700
18894,h2d,1229600,double,153700
18895,h2d,1229600,double,153700
18896,h2d,1229600,double,153700
18897,h2d,1229600,double,153700
18898,d2h,2048,double,256
18899,h2d,1229600,double,153700
18900,h2d,1229600,double,153700
18901,h2d,1229600,double,153700
18902,h2d,1229600,double,153700
18903,h2d,1229600,double,153700
18904,h2d,1229600,double,153700
18905,h2d,1229600,double,153700
18906,h2d,1229600,double,153700
18907,h2d,1229600,double,153700
18908,h2d,1229600,double,153700
18909,h2d,1229600,double,153700
18910,h2d,1229600,double,153700
18911,h2d,1229600,double,153700
18912,h2d,1229600,double,153700
18913,h2d,1229600,double,153700
18914,h2d,1229600,double,153700
18915,h2d,1229600,double,153700
18916,h2d,1229600,double,153700
18917,h2d,1229600,double,153700
18918,h2d,1229600,double,153700
18919,h2d,1229600,double,153700
18920,h2d,1229600,double,153700
18921,h2d,1229600,double,153700
18922,h2d,1229600,double,153700
18923,d2h,2048,double,256
18924,h2d,1229600,double,153700
18925,h2d,1229600,double,153700
18926,h2d,1229600,double,153700
18927,h2d,1229600,double,153700
18928,h2d,1229600,double,153700
18929,h2d,1229600,double,153700
18930,h2d,1229600,double,153700
18931,h2d,1229600,double,153700
18932,h2d,1229600,double,153700
18933,h2d,1229600,double,153700
18934,h2d,1229600,double,153700
18935,h2d,1229600,double,153700
18936,h2d,1229600,double,153700
18937,h2d,1229600,double,153700
18938,h2d,1229600,double,153700
18939,h2d,1229600,double,153700
18940,h2d,1229600,double,153700
18941,h2d,1229600,double,153700
18942,h2d,1229600,double,153700
18943,h2d,1229600,double,153700
18944,h2d,1229600,double,153700
18945,h2d,1229600,double,153700
18946,h2d,1229600,double,153700
18947,h2d,1229600,double,153700
18948,d2h,2048,double,256
18949,h2d,1229600,double,153700
18950,h2d,1229600,double,153700
18951,h2d,1229600,double,153700
18952,h2d,1229600,double,153700
18953,h2d,1229600,double,153700
18954,h2d,1229600,double,153700
18955,h2d,1229600,double,153700
18956,h2d,1229600,double,153700
18957,h2d,1229600,double,153700
18958,h2d,1229600,double,153700
18959,h2d,1229600,double,153700
18960,h2d,1229600,double,153700
18961,h2d,1229600,double,153700
18962,h2d,1229600,double,153700
18963,h2d,1229600,double,153700
18964,h2d,1229600,double,153700
18965,h2d,1229600,double,153700
18966,h2d,1229600,double,153700
18967,h2d,1229600,double,153700
18968,h2d,1229600,double,153700
18969,h2d,1229600,double,153700
18970,h2d,1229600,double,153700
18971,h2d,1229600,double,153700
18972,h2d,1229600,double,153700
18973,d2h,2048,double,256
18974,h2d,1229600,double,153700
18975,h2d,1229600,double,153700
18976,h2d,1229600,double,153700
18977,h2d,1229600,double,153700
18978,h2d,1229600,double,153700
18979,h2d,1229600,double,153700
18980,h2d,1229600,double,153700
18981,h2d,1229600,double,153700
18982,h2d,1229600,double,153700
18983,h2d,1229600,double,153700
18984,h2d,1229600,double,153700
18985,h2d,1229600,double,153700
18986,h2d,1229600,double,153700
18987,h2d,1229600,double,153700
18988,h2d,1229600,double,153700
18989,h2d,1229600,double,153700
18990,h2d,1229600,double,153700
18991,h2d,1229600,double,153700
18992,h2d,1229600,double,153700
18993,h2d,1229600,double,153700
18994,h2d,1229600,double,153700
18995,h2d,1229600,double,153700
18996,h2d,1229600,double,153700
18997,h2d,1229600,double,153700
18998,d2h,2048,double,256
18999,h2d,1229600,double,153700
19000,h2d,1229600,double,153700
19001,h2d,1229600,double,153700
19002,h2d,1229600,double,153700
19003,h2d,1229600,double,153700
19004,h2d,1229600,double,153700
19005,h2d,1229600,double,153700
19006,h2d,1229600,double,153700
19007,h2d,1229600,double,153700
19008,h2d,1229600,double,153700
19009,h2d,1229600,double,153700
19010,h2d,1229600,double,153700
19011,h2d,1229600,double,153700
19012,h2d,1229600,double,153700
19013,h2d,1229600,double,153700
19014,h2d,1229600,double,153700
19015,h2d,1229600,double,153700
19016,h2d,1229600,double,153700
19017,h2d,1229600,double,153700
19018,h2d,1229600,double,153700
19019,h2d,1229600,double,153700
19020,h2d,1229600,double,153700
19021,h2d,1229600,double,153700
19022,h2d,1229600,double,153700
19023,d2h,2048,double,256
19024,h2d,1229600,double,153700
19025,h2d,1229600,double,153700
19026,h2d,1229600,double,153700
19027,h2d,1229600,double,153700
19028,h2d,1229600,double,153700
19029,h2d,1229600,double,153700
19030,h2d,1229600,double,153700
19031,h2d,1229600,double,153700
19032,h2d,1229600,double,153700
19033,h2d,1229600,double,153700
19034,h2d,1229600,double,153700
19035,h2d,1229600,double,153700
19036,h2d,1229600,double,153700
19037,h2d,1229600,double,153700
19038,h2d,1229600,double,153700
19039,h2d,1229600,double,153700
19040,h2d,1229600,double,153700
19041,h2d,1229600,double,153700
19042,h2d,1229600,double,153700
19043,h2d,1229600,double,153700
19044,h2d,1229600,double,153700
19045,h2d,1229600,double,153700
19046,h2d,1229600,double,153700
19047,h2d,1229600,double,153700
19048,d2h,2048,double,256
19049,h2d,1229600,double,153700
19050,h2d,1229600,double,153700
19051,h2d,1229600,double,153700
19052,h2d,1229600,double,153700
19053,h2d,1229600,double,153700
19054,h2d,1229600,double,153700
19055,h2d,1229600,double,153700
19056,h2d,1229600,double,153700
19057,h2d,1229600,double,153700
19058,h2d,1229600,double,153700
19059,h2d,1229600,double,153700
19060,h2d,1229600,double,153700
19061,h2d,1229600,double,153700
19062,h2d,1229600,double,153700
19063,h2d,1229600,double,153700
19064,h2d,1229600,double,153700
19065,h2d,1229600,double,153700
19066,h2d,1229600,double,153700
19067,h2d,1229600,double,153700
19068,h2d,1229600,double,153700
19069,h2d,1229600,double,153700
19070,h2d,1229600,double,153700
19071,h2d,1229600,double,153700
19072,h2d,1229600,double,153700
19073,d2h,2048,double,256
19074,h2d,1229600,double,153700
19075,h2d,1229600,double,153700
19076,h2d,1229600,double,153700
19077,h2d,1229600,double,153700
19078,h2d,1229600,double,153700
19079,h2d,1229600,double,153700
19080,h2d,1229600,double,153700
19081,h2d,1229600,double,153700
19082,h2d,1229600,double,153700
19083,h2d,1229600,double,153700
19084,h2d,1229600,double,153700
19085,h2d,1229600,double,153700
19086,h2d,1229600,double,153700
19087,h2d,1229600,double,153700
19088,h2d,1229600,double,153700
19089,h2d,1229600,double,153700
19090,h2d,1229600,double,153700
19091,h2d,1229600,double,153700
19092,h2d,1229600,double,153700
19093,h2d,1229600,double,153700
19094,h2d,1229600,double,153700
19095,h2d,1229600,double,153700
19096,h2d,1229600,double,153700
19097,h2d,1229600,double,153700
19098,d2h,2048,double,256
19099,h2d,1229600,double,153700
19100,h2d,1229600,double,153700
19101,h2d,1229600,double,153700
19102,h2d,1229600,double,153700
19103,h2d,1229600,double,153700
19104,h2d,1229600,double,153700
19105,h2d,1229600,double,153700
19106,h2d,1229600,double,153700
19107,h2d,1229600,double,153700
19108,h2d,1229600,double,153700
19109,h2d,1229600,double,153700
19110,h2d,1229600,double,153700
19111,h2d,1229600,double,153700
19112,h2d,1229600,double,153700
19113,h2d,1229600,double,153700
19114,h2d,1229600,double,153700
19115,h2d,1229600,double,153700
19116,h2d,1229600,double,153700
19117,h2d,1229600,double,153700
19118,h2d,1229600,double,153700
19119,h2d,1229600,double,153700
19120,h2d,1229600,double,153700
19121,h2d,1229600,double,153700
19122,h2d,1229600,double,153700
19123,d2h,2048,double,256
19124,h2d,1229600,double,153700
19125,h2d,1229600,double,153700
19126,h2d,1229600,double,153700
19127,h2d,1229600,double,153700
19128,h2d,1229600,double,153700
19129,h2d,1229600,double,153700
19130,h2d,1229600,double,153700
19131,h2d,1229600,double,153700
19132,h2d,1229600,double,153700
19133,h2d,1229600,double,153700
19134,h2d,1229600,double,153700
19135,h2d,1229600,double,153700
19136,h2d,1229600,double,153700
19137,h2d,1229600,double,153700
19138,h2d,1229600,double,153700
19139,h2d,1229600,double,153700
19140,d2h,2048,double,256
19141,d2h,2048,double,256
19142,d2h,2048,double,256
19143,d2h,2048,double,256
19144,d2h,2048,double,256
19145,h2d,1229600,double,153700
19146,h2d,1229600,double,153700
19147,h2d,1229600,double,153700
19148,h2d,1229600,double,153700
19149,h2d,1229600,double,153700
19150,h2d,1229600,double,153700
19151,h2d,1229600,double,153700
19152,h2d,1229600,double,153700
19153,d2h,2048,double,256
19154,h2d,1229600,double,153700
19155,h2d,1229600,double,153700
19156,h2d,1229600,double,153700
19157,h2d,1229600,double,153700
19158,h2d,1229600,double,153700
19159,h2d,1229600,double,153700
19160,h2d,1229600,double,153700
19161,h2d,1229600,double,153700
19162,h2d,1229600,double,153700
19163,h2d,1229600,double,153700
19164,h2d,1229600,double,153700
19165,h2d,1229600,double,153700
19166,h2d,1229600,double,153700
19167,h2d,1229600,double,153700
19168,h2d,1229600,double,153700
19169,h2d,1229600,double,153700
19170,h2d,1229600,double,153700
19171,h2d,1229600,double,153700
19172,h2d,1229600,double,153700
19173,h2d,1229600,double,153700
19174,h2d,1229600,double,153700
19175,h2d,1229600,double,153700
19176,h2d,1229600,double,153700
19177,h2d,1229600,double,153700
19178,d2h,2048,double,256
19179,h2d,1229600,double,153700
19180,h2d,1229600,double,153700
19181,h2d,1229600,double,153700
19182,h2d,1229600,double,153700
19183,h2d,1229600,double,153700
19184,h2d,1229600,double,153700
19185,h2d,1229600,double,153700
19186,h2d,1229600,double,153700
19187,h2d,1229600,double,153700
19188,h2d,1229600,double,153700
19189,h2d,1229600,double,153700
19190,h2d,1229600,double,153700
19191,h2d,1229600,double,153700
19192,h2d,1229600,double,153700
19193,h2d,1229600,double,153700
19194,h2d,1229600,double,153700
19195,h2d,1229600,double,153700
19196,h2d,1229600,double,153700
19197,h2d,1229600,double,153700
19198,h2d,1229600,double,153700
19199,h2d,1229600,double,153700
19200,h2d,1229600,double,153700
19201,h2d,1229600,double,153700
19202,h2d,1229600,double,153700
19203,d2h,2048,double,256
19204,h2d,1229600,double,153700
19205,h2d,1229600,double,153700
19206,h2d,1229600,double,153700
19207,h2d,1229600,double,153700
19208,h2d,1229600,double,153700
19209,h2d,1229600,double,153700
19210,h2d,1229600,double,153700
19211,h2d,1229600,double,153700
19212,h2d,1229600,double,153700
19213,h2d,1229600,double,153700
19214,h2d,1229600,double,153700
19215,h2d,1229600,double,153700
19216,h2d,1229600,double,153700
19217,h2d,1229600,double,153700
19218,h2d,1229600,double,153700
19219,h2d,1229600,double,153700
19220,h2d,1229600,double,153700
19221,h2d,1229600,double,153700
19222,h2d,1229600,double,153700
19223,h2d,1229600,double,153700
19224,h2d,1229600,double,153700
19225,h2d,1229600,double,153700
19226,h2d,1229600,double,153700
19227,h2d,1229600,double,153700
19228,d2h,2048,double,256
19229,h2d,1229600,double,153700
19230,h2d,1229600,double,153700
19231,h2d,1229600,double,153700
19232,h2d,1229600,double,153700
19233,h2d,1229600,double,153700
19234,h2d,1229600,double,153700
19235,h2d,1229600,double,153700
19236,h2d,1229600,double,153700
19237,h2d,1229600,double,153700
19238,h2d,1229600,double,153700
19239,h2d,1229600,double,153700
19240,h2d,1229600,double,153700
19241,h2d,1229600,double,153700
19242,h2d,1229600,double,153700
19243,h2d,1229600,double,153700
19244,h2d,1229600,double,153700
19245,h2d,1229600,double,153700
19246,h2d,1229600,double,153700
19247,h2d,1229600,double,153700
19248,h2d,1229600,double,153700
19249,h2d,1229600,double,153700
19250,h2d,1229600,double,153700
19251,h2d,1229600,double,153700
19252,h2d,1229600,double,153700
19253,d2h,2048,double,256
19254,h2d,1229600,double,153700
19255,h2d,1229600,double,153700
19256,h2d,1229600,double,153700
19257,h2d,1229600,double,153700
19258,h2d,1229600,double,153700
19259,h2d,1229600,double,153700
19260,h2d,1229600,double,153700
19261,h2d,1229600,double,153700
19262,h2d,1229600,double,153700
19263,h2d,1229600,double,153700
19264,h2d,1229600,double,153700
19265,h2d,1229600,double,153700
19266,h2d,1229600,double,153700
19267,h2d,1229600,double,153700
19268,h2d,1229600,double,153700
19269,h2d,1229600,double,153700
19270,h2d,1229600,double,153700
19271,h2d,1229600,double,153700
19272,h2d,1229600,double,153700
19273,h2d,1229600,double,153700
19274,h2d,1229600,double,153700
19275,h2d,1229600,double,153700
19276,h2d,1229600,double,153700
19277,h2d,1229600,double,153700
19278,d2h,2048,double,256
19279,h2d,1229600,double,153700
19280,h2d,1229600,double,153700
19281,h2d,1229600,double,153700
19282,h2d,1229600,double,153700
19283,h2d,1229600,double,153700
19284,h2d,1229600,double,153700
19285,h2d,1229600,double,153700
19286,h2d,1229600,double,153700
19287,h2d,1229600,double,153700
19288,h2d,1229600,double,153700
19289,h2d,1229600,double,153700
19290,h2d,1229600,double,153700
19291,h2d,1229600,double,153700
19292,h2d,1229600,double,153700
19293,h2d,1229600,double,153700
19294,h2d,1229600,double,153700
19295,h2d,1229600,double,153700
19296,h2d,1229600,double,153700
19297,h2d,1229600,double,153700
19298,h2d,1229600,double,153700
19299,h2d,1229600,double,153700
19300,h2d,1229600,double,153700
19301,h2d,1229600,double,153700
19302,h2d,1229600,double,153700
19303,d2h,2048,double,256
19304,h2d,1229600,double,153700
19305,h2d,1229600,double,153700
19306,h2d,1229600,double,153700
19307,h2d,1229600,double,153700
19308,h2d,1229600,double,153700
19309,h2d,1229600,double,153700
19310,h2d,1229600,double,153700
19311,h2d,1229600,double,153700
19312,h2d,1229600,double,153700
19313,h2d,1229600,double,153700
19314,h2d,1229600,double,153700
19315,h2d,1229600,double,153700
19316,h2d,1229600,double,153700
19317,h2d,1229600,double,153700
19318,h2d,1229600,double,153700
19319,h2d,1229600,double,153700
19320,h2d,1229600,double,153700
19321,h2d,1229600,double,153700
19322,h2d,1229600,double,153700
19323,h2d,1229600,double,153700
19324,h2d,1229600,double,153700
19325,h2d,1229600,double,153700
19326,h2d,1229600,double,153700
19327,h2d,1229600,double,153700
19328,d2h,2048,double,256
19329,h2d,1229600,double,153700
19330,h2d,1229600,double,153700
19331,h2d,1229600,double,153700
19332,h2d,1229600,double,153700
19333,h2d,1229600,double,153700
19334,h2d,1229600,double,153700
19335,h2d,1229600,double,153700
19336,h2d,1229600,double,153700
19337,h2d,1229600,double,153700
19338,h2d,1229600,double,153700
19339,h2d,1229600,double,153700
19340,h2d,1229600,double,153700
19341,h2d,1229600,double,153700
19342,h2d,1229600,double,153700
19343,h2d,1229600,double,153700
19344,h2d,1229600,double,153700
19345,h2d,1229600,double,153700
19346,h2d,1229600,double,153700
19347,h2d,1229600,double,153700
19348,h2d,1229600,double,153700
19349,h2d,1229600,double,153700
19350,h2d,1229600,double,153700
19351,h2d,1229600,double,153700
19352,h2d,1229600,double,153700
19353,d2h,2048,double,256
19354,h2d,1229600,double,153700
19355,h2d,1229600,double,153700
19356,h2d,1229600,double,153700
19357,h2d,1229600,double,153700
19358,h2d,1229600,double,153700
19359,h2d,1229600,double,153700
19360,h2d,1229600,double,153700
19361,h2d,1229600,double,153700
19362,h2d,1229600,double,153700
19363,h2d,1229600,double,153700
19364,h2d,1229600,double,153700
19365,h2d,1229600,double,153700
19366,h2d,1229600,double,153700
19367,h2d,1229600,double,153700
19368,h2d,1229600,double,153700
19369,h2d,1229600,double,153700
19370,h2d,1229600,double,153700
19371,h2d,1229600,double,153700
19372,h2d,1229600,double,153700
19373,h2d,1229600,double,153700
19374,h2d,1229600,double,153700
19375,h2d,1229600,double,153700
19376,h2d,1229600,double,153700
19377,h2d,1229600,double,153700
19378,d2h,2048,double,256
19379,h2d,1229600,double,153700
19380,h2d,1229600,double,153700
19381,h2d,1229600,double,153700
19382,h2d,1229600,double,153700
19383,h2d,1229600,double,153700
19384,h2d,1229600,double,153700
19385,h2d,1229600,double,153700
19386,h2d,1229600,double,153700
19387,h2d,1229600,double,153700
19388,h2d,1229600,double,153700
19389,h2d,1229600,double,153700
19390,h2d,1229600,double,153700
19391,h2d,1229600,double,153700
19392,h2d,1229600,double,153700
19393,h2d,1229600,double,153700
19394,h2d,1229600,double,153700
19395,d2h,2048,double,256
19396,d2h,2048,double,256
19397,d2h,2048,double,256
19398,d2h,2048,double,256
19399,d2h,2048,double,256
19400,h2d,1229600,double,153700
19401,h2d,1229600,double,153700
19402,h2d,1229600,double,153700
19403,h2d,1229600,double,153700
19404,h2d,1229600,double,153700
19405,h2d,1229600,double,153700
19406,h2d,1229600,double,153700
19407,h2d,1229600,double,153700
19408,d2h,2048,double,256
19409,h2d,1229600,double,153700
19410,h2d,1229600,double,153700
19411,h2d,1229600,double,153700
19412,h2d,1229600,double,153700
19413,h2d,1229600,double,153700
19414,h2d,1229600,double,153700
19415,h2d,1229600,double,153700
19416,h2d,1229600,double,153700
19417,h2d,1229600,double,153700
19418,h2d,1229600,double,153700
19419,h2d,1229600,double,153700
19420,h2d,1229600,double,153700
19421,h2d,1229600,double,153700
19422,h2d,1229600,double,153700
19423,h2d,1229600,double,153700
19424,h2d,1229600,double,153700
19425,h2d,1229600,double,153700
19426,h2d,1229600,double,153700
19427,h2d,1229600,double,153700
19428,h2d,1229600,double,153700
19429,h2d,1229600,double,153700
19430,h2d,1229600,double,153700
19431,h2d,1229600,double,153700
19432,h2d,1229600,double,153700
19433,d2h,2048,double,256
19434,h2d,1229600,double,153700
19435,h2d,1229600,double,153700
19436,h2d,1229600,double,153700
19437,h2d,1229600,double,153700
19438,h2d,1229600,double,153700
19439,h2d,1229600,double,153700
19440,h2d,1229600,double,153700
19441,h2d,1229600,double,153700
19442,h2d,1229600,double,153700
19443,h2d,1229600,double,153700
19444,h2d,1229600,double,153700
19445,h2d,1229600,double,153700
19446,h2d,1229600,double,153700
19447,h2d,1229600,double,153700
19448,h2d,1229600,double,153700
19449,h2d,1229600,double,153700
19450,h2d,1229600,double,153700
19451,h2d,1229600,double,153700
19452,h2d,1229600,double,153700
19453,h2d,1229600,double,153700
19454,h2d,1229600,double,153700
19455,h2d,1229600,double,153700
19456,h2d,1229600,double,153700
19457,h2d,1229600,double,153700
19458,d2h,2048,double,256
19459,h2d,1229600,double,153700
19460,h2d,1229600,double,153700
19461,h2d,1229600,double,153700
19462,h2d,1229600,double,153700
19463,h2d,1229600,double,153700
19464,h2d,1229600,double,153700
19465,h2d,1229600,double,153700
19466,h2d,1229600,double,153700
19467,h2d,1229600,double,153700
19468,h2d,1229600,double,153700
19469,h2d,1229600,double,153700
19470,h2d,1229600,double,153700
19471,h2d,1229600,double,153700
19472,h2d,1229600,double,153700
19473,h2d,1229600,double,153700
19474,h2d,1229600,double,153700
19475,h2d,1229600,double,153700
19476,h2d,1229600,double,153700
19477,h2d,1229600,double,153700
19478,h2d,1229600,double,153700
19479,h2d,1229600,double,153700
19480,h2d,1229600,double,153700
19481,h2d,1229600,double,153700
19482,h2d,1229600,double,153700
19483,d2h,2048,double,256
19484,h2d,1229600,double,153700
19485,h2d,1229600,double,153700
19486,h2d,1229600,double,153700
19487,h2d,1229600,double,153700
19488,h2d,1229600,double,153700
19489,h2d,1229600,double,153700
19490,h2d,1229600,double,153700
19491,h2d,1229600,double,153700
19492,h2d,1229600,double,153700
19493,h2d,1229600,double,153700
19494,h2d,1229600,double,153700
19495,h2d,1229600,double,153700
19496,h2d,1229600,double,153700
19497,h2d,1229600,double,153700
19498,h2d,1229600,double,153700
19499,h2d,1229600,double,153700
19500,h2d,1229600,double,153700
19501,h2d,1229600,double,153700
19502,h2d,1229600,double,153700
19503,h2d,1229600,double,153700
19504,h2d,1229600,double,153700
19505,h2d,1229600,double,153700
19506,h2d,1229600,double,153700
19507,h2d,1229600,double,153700
19508,d2h,2048,double,256
19509,h2d,1229600,double,153700
19510,h2d,1229600,double,153700
19511,h2d,1229600,double,153700
19512,h2d,1229600,double,153700
19513,h2d,1229600,double,153700
19514,h2d,1229600,double,153700
19515,h2d,1229600,double,153700
19516,h2d,1229600,double,153700
19517,h2d,1229600,double,153700
19518,h2d,1229600,double,153700
19519,h2d,1229600,double,153700
19520,h2d,1229600,double,153700
19521,h2d,1229600,double,153700
19522,h2d,1229600,double,153700
19523,h2d,1229600,double,153700
19524,h2d,1229600,double,153700
19525,h2d,1229600,double,153700
19526,h2d,1229600,double,153700
19527,h2d,1229600,double,153700
19528,h2d,1229600,double,153700
19529,h2d,1229600,double,153700
19530,h2d,1229600,double,153700
19531,h2d,1229600,double,153700
19532,h2d,1229600,double,153700
19533,d2h,2048,double,256
19534,h2d,1229600,double,153700
19535,h2d,1229600,double,153700
19536,h2d,1229600,double,153700
19537,h2d,1229600,double,153700
19538,h2d,1229600,double,153700
19539,h2d,1229600,double,153700
19540,h2d,1229600,double,153700
19541,h2d,1229600,double,153700
19542,h2d,1229600,double,153700
19543,h2d,1229600,double,153700
19544,h2d,1229600,double,153700
19545,h2d,1229600,double,153700
19546,h2d,1229600,double,153700
19547,h2d,1229600,double,153700
19548,h2d,1229600,double,153700
19549,h2d,1229600,double,153700
19550,h2d,1229600,double,153700
19551,h2d,1229600,double,153700
19552,h2d,1229600,double,153700
19553,h2d,1229600,double,153700
19554,h2d,1229600,double,153700
19555,h2d,1229600,double,153700
19556,h2d,1229600,double,153700
19557,h2d,1229600,double,153700
19558,d2h,2048,double,256
19559,h2d,1229600,double,153700
19560,h2d,1229600,double,153700
19561,h2d,1229600,double,153700
19562,h2d,1229600,double,153700
19563,h2d,1229600,double,153700
19564,h2d,1229600,double,153700
19565,h2d,1229600,double,153700
19566,h2d,1229600,double,153700
19567,h2d,1229600,double,153700
19568,h2d,1229600,double,153700
19569,h2d,1229600,double,153700
19570,h2d,1229600,double,153700
19571,h2d,1229600,double,153700
19572,h2d,1229600,double,153700
19573,h2d,1229600,double,153700
19574,h2d,1229600,double,153700
19575,h2d,1229600,double,153700
19576,h2d,1229600,double,153700
19577,h2d,1229600,double,153700
19578,h2d,1229600,double,153700
19579,h2d,1229600,double,153700
19580,h2d,1229600,double,153700
19581,h2d,1229600,double,153700
19582,h2d,1229600,double,153700
19583,d2h,2048,double,256
19584,h2d,1229600,double,153700
19585,h2d,1229600,double,153700
19586,h2d,1229600,double,153700
19587,h2d,1229600,double,153700
19588,h2d,1229600,double,153700
19589,h2d,1229600,double,153700
19590,h2d,1229600,double,153700
19591,h2d,1229600,double,153700
19592,h2d,1229600,double,153700
19593,h2d,1229600,double,153700
19594,h2d,1229600,double,153700
19595,h2d,1229600,double,153700
19596,h2d,1229600,double,153700
19597,h2d,1229600,double,153700
19598,h2d,1229600,double,153700
19599,h2d,1229600,double,153700
19600,h2d,1229600,double,153700
19601,h2d,1229600,double,153700
19602,h2d,1229600,double,153700
19603,h2d,1229600,double,153700
19604,h2d,1229600,double,153700
19605,h2d,1229600,double,153700
19606,h2d,1229600,double,153700
19607,h2d,1229600,double,153700
19608,d2h,2048,double,256
19609,h2d,1229600,double,153700
19610,h2d,1229600,double,153700
19611,h2d,1229600,double,153700
19612,h2d,1229600,double,153700
19613,h2d,1229600,double,153700
19614,h2d,1229600,double,153700
19615,h2d,1229600,double,153700
19616,h2d,1229600,double,153700
19617,h2d,1229600,double,153700
19618,h2d,1229600,double,153700
19619,h2d,1229600,double,153700
19620,h2d,1229600,double,153700
19621,h2d,1229600,double,153700
19622,h2d,1229600,double,153700
19623,h2d,1229600,double,153700
19624,h2d,1229600,double,153700
19625,h2d,1229600,double,153700
19626,h2d,1229600,double,153700
19627,h2d,1229600,double,153700
19628,h2d,1229600,double,153700
19629,h2d,1229600,double,153700
19630,h2d,1229600,double,153700
19631,h2d,1229600,double,153700
19632,h2d,1229600,double,153700
19633,d2h,2048,double,256
19634,h2d,1229600,double,153700
19635,h2d,1229600,double,153700
19636,h2d,1229600,double,153700
19637,h2d,1229600,double,153700
19638,h2d,1229600,double,153700
19639,h2d,1229600,double,153700
19640,h2d,1229600,double,153700
19641,h2d,1229600,double,153700
19642,h2d,1229600,double,153700
19643,h2d,1229600,double,153700
19644,h2d,1229600,double,153700
19645,h2d,1229600,double,153700
19646,h2d,1229600,double,153700
19647,h2d,1229600,double,153700
19648,h2d,1229600,double,153700
19649,h2d,1229600,double,153700
19650,d2h,2048,double,256
19651,d2h,2048,double,256
19652,d2h,2048,double,256
19653,d2h,2048,double,256
19654,d2h,2048,double,256
19655,h2d,1229600,double,153700
19656,h2d,1229600,double,153700
19657,h2d,1229600,double,153700
19658,h2d,1229600,double,153700
19659,h2d,1229600,double,153700
19660,h2d,1229600,double,153700
19661,h2d,1229600,double,153700
19662,h2d,1229600,double,153700
19663,d2h,2048,double,256
19664,h2d,1229600,double,153700
19665,h2d,1229600,double,153700
19666,h2d,1229600,double,153700
19667,h2d,1229600,double,153700
19668,h2d,1229600,double,153700
19669,h2d,1229600,double,153700
19670,h2d,1229600,double,153700
19671,h2d,1229600,double,153700
19672,h2d,1229600,double,153700
19673,h2d,1229600,double,153700
19674,h2d,1229600,double,153700
19675,h2d,1229600,double,153700
19676,h2d,1229600,double,153700
19677,h2d,1229600,double,153700
19678,h2d,1229600,double,153700
19679,h2d,1229600,double,153700
19680,h2d,1229600,double,153700
19681,h2d,1229600,double,153700
19682,h2d,1229600,double,153700
19683,h2d,1229600,double,153700
19684,h2d,1229600,double,153700
19685,h2d,1229600,double,153700
19686,h2d,1229600,double,153700
19687,h2d,1229600,double,153700
19688,d2h,2048,double,256
19689,h2d,1229600,double,153700
19690,h2d,1229600,double,153700
19691,h2d,1229600,double,153700
19692,h2d,1229600,double,153700
19693,h2d,1229600,double,153700
19694,h2d,1229600,double,153700
19695,h2d,1229600,double,153700
19696,h2d,1229600,double,153700
19697,h2d,1229600,double,153700
19698,h2d,1229600,double,153700
19699,h2d,1229600,double,153700
19700,h2d,1229600,double,153700
19701,h2d,1229600,double,153700
19702,h2d,1229600,double,153700
19703,h2d,1229600,double,153700
19704,h2d,1229600,double,153700
19705,h2d,1229600,double,153700
19706,h2d,1229600,double,153700
19707,h2d,1229600,double,153700
19708,h2d,1229600,double,153700
19709,h2d,1229600,double,153700
19710,h2d,1229600,double,153700
19711,h2d,1229600,double,153700
19712,h2d,1229600,double,153700
19713,d2h,2048,double,256
19714,h2d,1229600,double,153700
19715,h2d,1229600,double,153700
19716,h2d,1229600,double,153700
19717,h2d,1229600,double,153700
19718,h2d,1229600,double,153700
19719,h2d,1229600,double,153700
19720,h2d,1229600,double,153700
19721,h2d,1229600,double,153700
19722,h2d,1229600,double,153700
19723,h2d,1229600,double,153700
19724,h2d,1229600,double,153700
19725,h2d,1229600,double,153700
19726,h2d,1229600,double,153700
19727,h2d,1229600,double,153700
19728,h2d,1229600,double,153700
19729,h2d,1229600,double,153700
19730,h2d,1229600,double,153700
19731,h2d,1229600,double,153700
19732,h2d,1229600,double,153700
19733,h2d,1229600,double,153700
19734,h2d,1229600,double,153700
19735,h2d,1229600,double,153700
19736,h2d,1229600,double,153700
19737,h2d,1229600,double,153700
19738,d2h,2048,double,256
19739,h2d,1229600,double,153700
19740,h2d,1229600,double,153700
19741,h2d,1229600,double,153700
19742,h2d,1229600,double,153700
19743,h2d,1229600,double,153700
19744,h2d,1229600,double,153700
19745,h2d,1229600,double,153700
19746,h2d,1229600,double,153700
19747,h2d,1229600,double,153700
19748,h2d,1229600,double,153700
19749,h2d,1229600,double,153700
19750,h2d,1229600,double,153700
19751,h2d,1229600,double,153700
19752,h2d,1229600,double,153700
19753,h2d,1229600,double,153700
19754,h2d,1229600,double,153700
19755,h2d,1229600,double,153700
19756,h2d,1229600,double,153700
19757,h2d,1229600,double,153700
19758,h2d,1229600,double,153700
19759,h2d,1229600,double,153700
19760,h2d,1229600,double,153700
19761,h2d,1229600,double,153700
19762,h2d,1229600,double,153700
19763,d2h,2048,double,256
19764,h2d,1229600,double,153700
19765,h2d,1229600,double,153700
19766,h2d,1229600,double,153700
19767,h2d,1229600,double,153700
19768,h2d,1229600,double,153700
19769,h2d,1229600,double,153700
19770,h2d,1229600,double,153700
19771,h2d,1229600,double,153700
19772,h2d,1229600,double,153700
19773,h2d,1229600,double,153700
19774,h2d,1229600,double,153700
19775,h2d,1229600,double,153700
19776,h2d,1229600,double,153700
19777,h2d,1229600,double,153700
19778,h2d,1229600,double,153700
19779,h2d,1229600,double,153700
19780,h2d,1229600,double,153700
19781,h2d,1229600,double,153700
19782,h2d,1229600,double,153700
19783,h2d,1229600,double,153700
19784,h2d,1229600,double,153700
19785,h2d,1229600,double,153700
19786,h2d,1229600,double,153700
19787,h2d,1229600,double,153700
19788,d2h,2048,double,256
19789,h2d,1229600,double,153700
19790,h2d,1229600,double,153700
19791,h2d,1229600,double,153700
19792,h2d,1229600,double,153700
19793,h2d,1229600,double,153700
19794,h2d,1229600,double,153700
19795,h2d,1229600,double,153700
19796,h2d,1229600,double,153700
19797,h2d,1229600,double,153700
19798,h2d,1229600,double,153700
19799,h2d,1229600,double,153700
19800,h2d,1229600,double,153700
19801,h2d,1229600,double,153700
19802,h2d,1229600,double,153700
19803,h2d,1229600,double,153700
19804,h2d,1229600,double,153700
19805,h2d,1229600,double,153700
19806,h2d,1229600,double,153700
19807,h2d,1229600,double,153700
19808,h2d,1229600,double,153700
19809,h2d,1229600,double,153700
19810,h2d,1229600,double,153700
19811,h2d,1229600,double,153700
19812,h2d,1229600,double,153700
19813,d2h,2048,double,256
19814,h2d,1229600,double,153700
19815,h2d,1229600,double,153700
19816,h2d,1229600,double,153700
19817,h2d,1229600,double,153700
19818,h2d,1229600,double,153700
19819,h2d,1229600,double,153700
19820,h2d,1229600,double,153700
19821,h2d,1229600,double,153700
19822,h2d,1229600,double,153700
19823,h2d,1229600,double,153700
19824,h2d,1229600,double,153700
19825,h2d,1229600,double,153700
19826,h2d,1229600,double,153700
19827,h2d,1229600,double,153700
19828,h2d,1229600,double,153700
19829,h2d,1229600,double,153700
19830,h2d,1229600,double,153700
19831,h2d,1229600,double,153700
19832,h2d,1229600,double,153700
19833,h2d,1229600,double,153700
19834,h2d,1229600,double,153700
19835,h2d,1229600,double,153700
19836,h2d,1229600,double,153700
19837,h2d,1229600,double,153700
19838,d2h,2048,double,256
19839,h2d,1229600,double,153700
19840,h2d,1229600,double,153700
19841,h2d,1229600,double,153700
19842,h2d,1229600,double,153700
19843,h2d,1229600,double,153700
19844,h2d,1229600,double,153700
19845,h2d,1229600,double,153700
19846,h2d,1229600,double,153700
19847,h2d,1229600,double,153700
19848,h2d,1229600,double,153700
19849,h2d,1229600,double,153700
19850,h2d,1229600,double,153700
19851,h2d,1229600,double,153700
19852,h2d,1229600,double,153700
19853,h2d,1229600,double,153700
19854,h2d,1229600,double,153700
19855,h2d,1229600,double,153700
19856,h2d,1229600,double,153700
19857,h2d,1229600,double,153700
19858,h2d,1229600,double,153700
19859,h2d,1229600,double,153700
19860,h2d,1229600,double,153700
19861,h2d,1229600,double,153700
19862,h2d,1229600,double,153700
19863,d2h,2048,double,256
19864,h2d,1229600,double,153700
19865,h2d,1229600,double,153700
19866,h2d,1229600,double,153700
19867,h2d,1229600,double,153700
19868,h2d,1229600,double,153700
19869,h2d,1229600,double,153700
19870,h2d,1229600,double,153700
19871,h2d,1229600,double,153700
19872,h2d,1229600,double,153700
19873,h2d,1229600,double,153700
19874,h2d,1229600,double,153700
19875,h2d,1229600,double,153700
19876,h2d,1229600,double,153700
19877,h2d,1229600,double,153700
19878,h2d,1229600,double,153700
19879,h2d,1229600,double,153700
19880,h2d,1229600,double,153700
19881,h2d,1229600,double,153700
19882,h2d,1229600,double,153700
19883,h2d,1229600,double,153700
19884,h2d,1229600,double,153700
19885,h2d,1229600,double,153700
19886,h2d,1229600,double,153700
19887,h2d,1229600,double,153700
19888,d2h,2048,double,256
19889,h2d,1229600,double,153700
19890,h2d,1229600,double,153700
19891,h2d,1229600,double,153700
19892,h2d,1229600,double,153700
19893,h2d,1229600,double,153700
19894,h2d,1229600,double,153700
19895,h2d,1229600,double,153700
19896,h2d,1229600,double,153700
19897,h2d,1229600,double,153700
19898,h2d,1229600,double,153700
19899,h2d,1229600,double,153700
19900,h2d,1229600,double,153700
19901,h2d,1229600,double,153700
19902,h2d,1229600,double,153700
19903,h2d,1229600,double,153700
19904,h2d,1229600,double,153700
19905,d2h,2048,double,256
19906,d2h,2048,double,256
19907,d2h,2048,double,256
19908,d2h,2048,double,256
19909,d2h,2048,double,256
19910,h2d,1229600,double,153700
19911,h2d,1229600,double,153700
19912,h2d,1229600,double,153700
19913,h2d,1229600,double,153700
19914,h2d,1229600,double,153700
19915,h2d,1229600,double,153700
19916,h2d,1229600,double,153700
19917,h2d,1229600,double,153700
19918,d2h,2048,double,256
19919,h2d,1229600,double,153700
19920,h2d,1229600,double,153700
19921,h2d,1229600,double,153700
19922,h2d,1229600,double,153700
19923,h2d,1229600,double,153700
19924,h2d,1229600,double,153700
19925,h2d,1229600,double,153700
19926,h2d,1229600,double,153700
19927,h2d,1229600,double,153700
19928,h2d,1229600,double,153700
19929,h2d,1229600,double,153700
19930,h2d,1229600,double,153700
19931,h2d,1229600,double,153700
19932,h2d,1229600,double,153700
19933,h2d,1229600,double,153700
19934,h2d,1229600,double,153700
19935,h2d,1229600,double,153700
19936,h2d,1229600,double,153700
19937,h2d,1229600,double,153700
19938,h2d,1229600,double,153700
19939,h2d,1229600,double,153700
19940,h2d,1229600,double,153700
19941,h2d,1229600,double,153700
19942,h2d,1229600,double,153700
19943,d2h,2048,double,256
19944,h2d,1229600,double,153700
19945,h2d,1229600,double,153700
19946,h2d,1229600,double,153700
19947,h2d,1229600,double,153700
19948,h2d,1229600,double,153700
19949,h2d,1229600,double,153700
19950,h2d,1229600,double,153700
19951,h2d,1229600,double,153700
19952,h2d,1229600,double,153700
19953,h2d,1229600,double,153700
19954,h2d,1229600,double,153700
19955,h2d,1229600,double,153700
19956,h2d,1229600,double,153700
19957,h2d,1229600,double,153700
19958,h2d,1229600,double,153700
19959,h2d,1229600,double,153700
19960,h2d,1229600,double,153700
19961,h2d,1229600,double,153700
19962,h2d,1229600,double,153700
19963,h2d,1229600,double,153700
19964,h2d,1229600,double,153700
19965,h2d,1229600,double,153700
19966,h2d,1229600,double,153700
19967,h2d,1229600,double,153700
19968,d2h,2048,double,256
19969,h2d,1229600,double,153700
19970,h2d,1229600,double,153700
19971,h2d,1229600,double,153700
19972,h2d,1229600,double,153700
19973,h2d,1229600,double,153700
19974,h2d,1229600,double,153700
19975,h2d,1229600,double,153700
19976,h2d,1229600,double,153700
19977,h2d,1229600,double,153700
19978,h2d,1229600,double,153700
19979,h2d,1229600,double,153700
19980,h2d,1229600,double,153700
19981,h2d,1229600,double,153700
19982,h2d,1229600,double,153700
19983,h2d,1229600,double,153700
19984,h2d,1229600,double,153700
19985,h2d,1229600,double,153700
19986,h2d,1229600,double,153700
19987,h2d,1229600,double,153700
19988,h2d,1229600,double,153700
19989,h2d,1229600,double,153700
19990,h2d,1229600,double,153700
19991,h2d,1229600,double,153700
19992,h2d,1229600,double,153700
19993,d2h,2048,double,256
19994,h2d,1229600,double,153700
19995,h2d,1229600,double,153700
19996,h2d,1229600,double,153700
19997,h2d,1229600,double,153700
19998,h2d,1229600,double,153700
19999,h2d,1229600,double,153700
20000,h2d,1229600,double,153700
20001,h2d,1229600,double,153700
20002,h2d,1229600,double,153700
20003,h2d,1229600,double,153700
20004,h2d,1229600,double,153700
20005,h2d,1229600,double,153700
20006,h2d,1229600,double,153700
20007,h2d,1229600,double,153700
20008,h2d,1229600,double,153700
20009,h2d,1229600,double,153700
20010,h2d,1229600,double,153700
20011,h2d,1229600,double,153700
20012,h2d,1229600,double,153700
20013,h2d,1229600,double,153700
20014,h2d,1229600,double,153700
20015,h2d,1229600,double,153700
20016,h2d,1229600,double,153700
20017,h2d,1229600,double,153700
20018,d2h,2048,double,256
20019,h2d,1229600,double,153700
20020,h2d,1229600,double,153700
20021,h2d,1229600,double,153700
20022,h2d,1229600,double,153700
20023,h2d,1229600,double,153700
20024,h2d,1229600,double,153700
20025,h2d,1229600,double,153700
20026,h2d,1229600,double,153700
20027,h2d,1229600,double,153700
20028,h2d,1229600,double,153700
20029,h2d,1229600,double,153700
20030,h2d,1229600,double,153700
20031,h2d,1229600,double,153700
20032,h2d,1229600,double,153700
20033,h2d,1229600,double,153700
20034,h2d,1229600,double,153700
20035,h2d,1229600,double,153700
20036,h2d,1229600,double,153700
20037,h2d,1229600,double,153700
20038,h2d,1229600,double,153700
20039,h2d,1229600,double,153700
20040,h2d,1229600,double,153700
20041,h2d,1229600,double,153700
20042,h2d,1229600,double,153700
20043,d2h,2048,double,256
20044,h2d,1229600,double,153700
20045,h2d,1229600,double,153700
20046,h2d,1229600,double,153700
20047,h2d,1229600,double,153700
20048,h2d,1229600,double,153700
20049,h2d,1229600,double,153700
20050,h2d,1229600,double,153700
20051,h2d,1229600,double,153700
20052,h2d,1229600,double,153700
20053,h2d,1229600,double,153700
20054,h2d,1229600,double,153700
20055,h2d,1229600,double,153700
20056,h2d,1229600,double,153700
20057,h2d,1229600,double,153700
20058,h2d,1229600,double,153700
20059,h2d,1229600,double,153700
20060,h2d,1229600,double,153700
20061,h2d,1229600,double,153700
20062,h2d,1229600,double,153700
20063,h2d,1229600,double,153700
20064,h2d,1229600,double,153700
20065,h2d,1229600,double,153700
20066,h2d,1229600,double,153700
20067,h2d,1229600,double,153700
20068,d2h,2048,double,256
20069,h2d,1229600,double,153700
20070,h2d,1229600,double,153700
20071,h2d,1229600,double,153700
20072,h2d,1229600,double,153700
20073,h2d,1229600,double,153700
20074,h2d,1229600,double,153700
20075,h2d,1229600,double,153700
20076,h2d,1229600,double,153700
20077,h2d,1229600,double,153700
20078,h2d,1229600,double,153700
20079,h2d,1229600,double,153700
20080,h2d,1229600,double,153700
20081,h2d,1229600,double,153700
20082,h2d,1229600,double,153700
20083,h2d,1229600,double,153700
20084,h2d,1229600,double,153700
20085,h2d,1229600,double,153700
20086,h2d,1229600,double,153700
20087,h2d,1229600,double,153700
20088,h2d,1229600,double,153700
20089,h2d,1229600,double,153700
20090,h2d,1229600,double,153700
20091,h2d,1229600,double,153700
20092,h2d,1229600,double,153700
20093,d2h,2048,double,256
20094,h2d,1229600,double,153700
20095,h2d,1229600,double,153700
20096,h2d,1229600,double,153700
20097,h2d,1229600,double,153700
20098,h2d,1229600,double,153700
20099,h2d,1229600,double,153700
20100,h2d,1229600,double,153700
20101,h2d,1229600,double,153700
20102,h2d,1229600,double,153700
20103,h2d,1229600,double,153700
20104,h2d,1229600,double,153700
20105,h2d,1229600,double,153700
20106,h2d,1229600,double,153700
20107,h2d,1229600,double,153700
20108,h2d,1229600,double,153700
20109,h2d,1229600,double,153700
20110,h2d,1229600,double,153700
20111,h2d,1229600,double,153700
20112,h2d,1229600,double,153700
20113,h2d,1229600,double,153700
20114,h2d,1229600,double,153700
20115,h2d,1229600,double,153700
20116,h2d,1229600,double,153700
20117,h2d,1229600,double,153700
20118,d2h,2048,double,256
20119,h2d,1229600,double,153700
20120,h2d,1229600,double,153700
20121,h2d,1229600,double,153700
20122,h2d,1229600,double,153700
20123,h2d,1229600,double,153700
20124,h2d,1229600,double,153700
20125,h2d,1229600,double,153700
20126,h2d,1229600,double,153700
20127,h2d,1229600,double,153700
20128,h2d,1229600,double,153700
20129,h2d,1229600,double,153700
20130,h2d,1229600,double,153700
20131,h2d,1229600,double,153700
20132,h2d,1229600,double,153700
20133,h2d,1229600,double,153700
20134,h2d,1229600,double,153700
20135,h2d,1229600,double,153700
20136,h2d,1229600,double,153700
20137,h2d,1229600,double,153700
20138,h2d,1229600,double,153700
20139,h2d,1229600,double,153700
20140,h2d,1229600,double,153700
20141,h2d,1229600,double,153700
20142,h2d,1229600,double,153700
20143,d2h,2048,double,256
20144,h2d,1229600,double,153700
20145,h2d,1229600,double,153700
20146,h2d,1229600,double,153700
20147,h2d,1229600,double,153700
20148,h2d,1229600,double,153700
20149,h2d,1229600,double,153700
20150,h2d,1229600,double,153700
20151,h2d,1229600,double,153700
20152,h2d,1229600,double,153700
20153,h2d,1229600,double,153700
20154,h2d,1229600,double,153700
20155,h2d,1229600,double,153700
20156,h2d,1229600,double,153700
20157,h2d,1229600,double,153700
20158,h2d,1229600,double,153700
20159,h2d,1229600,double,153700
20160,d2h,2048,double,256
20161,d2h,2048,double,256
20162,d2h,2048,double,256
20163,d2h,2048,double,256
20164,d2h,2048,double,256
20165,h2d,1229600,double,153700
20166,h2d,1229600,double,153700
20167,h2d,1229600,double,153700
20168,h2d,1229600,double,153700
20169,h2d,1229600,double,153700
20170,h2d,1229600,double,153700
20171,h2d,1229600,double,153700
20172,h2d,1229600,double,153700
20173,d2h,2048,double,256
20174,h2d,1229600,double,153700
20175,h2d,1229600,double,153700
20176,h2d,1229600,double,153700
20177,h2d,1229600,double,153700
20178,h2d,1229600,double,153700
20179,h2d,1229600,double,153700
20180,h2d,1229600,double,153700
20181,h2d,1229600,double,153700
20182,h2d,1229600,double,153700
20183,h2d,1229600,double,153700
20184,h2d,1229600,double,153700
20185,h2d,1229600,double,153700
20186,h2d,1229600,double,153700
20187,h2d,1229600,double,153700
20188,h2d,1229600,double,153700
20189,h2d,1229600,double,153700
20190,h2d,1229600,double,153700
20191,h2d,1229600,double,153700
20192,h2d,1229600,double,153700
20193,h2d,1229600,double,153700
20194,h2d,1229600,double,153700
20195,h2d,1229600,double,153700
20196,h2d,1229600,double,153700
20197,h2d,1229600,double,153700
20198,d2h,2048,double,256
20199,h2d,1229600,double,153700
20200,h2d,1229600,double,153700
20201,h2d,1229600,double,153700
20202,h2d,1229600,double,153700
20203,h2d,1229600,double,153700
20204,h2d,1229600,double,153700
20205,h2d,1229600,double,153700
20206,h2d,1229600,double,153700
20207,h2d,1229600,double,153700
20208,h2d,1229600,double,153700
20209,h2d,1229600,double,153700
20210,h2d,1229600,double,153700
20211,h2d,1229600,double,153700
20212,h2d,1229600,double,153700
20213,h2d,1229600,double,153700
20214,h2d,1229600,double,153700
20215,h2d,1229600,double,153700
20216,h2d,1229600,double,153700
20217,h2d,1229600,double,153700
20218,h2d,1229600,double,153700
20219,h2d,1229600,double,153700
20220,h2d,1229600,double,153700
20221,h2d,1229600,double,153700
20222,h2d,1229600,double,153700
20223,d2h,2048,double,256
20224,h2d,1229600,double,153700
20225,h2d,1229600,double,153700
20226,h2d,1229600,double,153700
20227,h2d,1229600,double,153700
20228,h2d,1229600,double,153700
20229,h2d,1229600,double,153700
20230,h2d,1229600,double,153700
20231,h2d,1229600,double,153700
20232,h2d,1229600,double,153700
20233,h2d,1229600,double,153700
20234,h2d,1229600,double,153700
20235,h2d,1229600,double,153700
20236,h2d,1229600,double,153700
20237,h2d,1229600,double,153700
20238,h2d,1229600,double,153700
20239,h2d,1229600,double,153700
20240,h2d,1229600,double,153700
20241,h2d,1229600,double,153700
20242,h2d,1229600,double,153700
20243,h2d,1229600,double,153700
20244,h2d,1229600,double,153700
20245,h2d,1229600,double,153700
20246,h2d,1229600,double,153700
20247,h2d,1229600,double,153700
20248,d2h,2048,double,256
20249,h2d,1229600,double,153700
20250,h2d,1229600,double,153700
20251,h2d,1229600,double,153700
20252,h2d,1229600,double,153700
20253,h2d,1229600,double,153700
20254,h2d,1229600,double,153700
20255,h2d,1229600,double,153700
20256,h2d,1229600,double,153700
20257,h2d,1229600,double,153700
20258,h2d,1229600,double,153700
20259,h2d,1229600,double,153700
20260,h2d,1229600,double,153700
20261,h2d,1229600,double,153700
20262,h2d,1229600,double,153700
20263,h2d,1229600,double,153700
20264,h2d,1229600,double,153700
20265,h2d,1229600,double,153700
20266,h2d,1229600,double,153700
20267,h2d,1229600,double,153700
20268,h2d,1229600,double,153700
20269,h2d,1229600,double,153700
20270,h2d,1229600,double,153700
20271,h2d,1229600,double,153700
20272,h2d,1229600,double,153700
20273,d2h,2048,double,256
20274,h2d,1229600,double,153700
20275,h2d,1229600,double,153700
20276,h2d,1229600,double,153700
20277,h2d,1229600,double,153700
20278,h2d,1229600,double,153700
20279,h2d,1229600,double,153700
20280,h2d,1229600,double,153700
20281,h2d,1229600,double,153700
20282,h2d,1229600,double,153700
20283,h2d,1229600,double,153700
20284,h2d,1229600,double,153700
20285,h2d,1229600,double,153700
20286,h2d,1229600,double,153700
20287,h2d,1229600,double,153700
20288,h2d,1229600,double,153700
20289,h2d,1229600,double,153700
20290,h2d,1229600,double,153700
20291,h2d,1229600,double,153700
20292,h2d,1229600,double,153700
20293,h2d,1229600,double,153700
20294,h2d,1229600,double,153700
20295,h2d,1229600,double,153700
20296,h2d,1229600,double,153700
20297,h2d,1229600,double,153700
20298,d2h,2048,double,256
20299,h2d,1229600,double,153700
20300,h2d,1229600,double,153700
20301,h2d,1229600,double,153700
20302,h2d,1229600,double,153700
20303,h2d,1229600,double,153700
20304,h2d,1229600,double,153700
20305,h2d,1229600,double,153700
20306,h2d,1229600,double,153700
20307,h2d,1229600,double,153700
20308,h2d,1229600,double,153700
20309,h2d,1229600,double,153700
20310,h2d,1229600,double,153700
20311,h2d,1229600,double,153700
20312,h2d,1229600,double,153700
20313,h2d,1229600,double,153700
20314,h2d,1229600,double,153700
20315,h2d,1229600,double,153700
20316,h2d,1229600,double,153700
20317,h2d,1229600,double,153700
20318,h2d,1229600,double,153700
20319,h2d,1229600,double,153700
20320,h2d,1229600,double,153700
20321,h2d,1229600,double,153700
20322,h2d,1229600,double,153700
20323,d2h,2048,double,256
20324,h2d,1229600,double,153700
20325,h2d,1229600,double,153700
20326,h2d,1229600,double,153700
20327,h2d,1229600,double,153700
20328,h2d,1229600,double,153700
20329,h2d,1229600,double,153700
20330,h2d,1229600,double,153700
20331,h2d,1229600,double,153700
20332,h2d,1229600,double,153700
20333,h2d,1229600,double,153700
20334,h2d,1229600,double,153700
20335,h2d,1229600,double,153700
20336,h2d,1229600,double,153700
20337,h2d,1229600,double,153700
20338,h2d,1229600,double,153700
20339,h2d,1229600,double,153700
20340,h2d,1229600,double,153700
20341,h2d,1229600,double,153700
20342,h2d,1229600,double,153700
20343,h2d,1229600,double,153700
20344,h2d,1229600,double,153700
20345,h2d,1229600,double,153700
20346,h2d,1229600,double,153700
20347,h2d,1229600,double,153700
20348,d2h,2048,double,256
20349,h2d,1229600,double,153700
20350,h2d,1229600,double,153700
20351,h2d,1229600,double,153700
20352,h2d,1229600,double,153700
20353,h2d,1229600,double,153700
20354,h2d,1229600,double,153700
20355,h2d,1229600,double,153700
20356,h2d,1229600,double,153700
20357,h2d,1229600,double,153700
20358,h2d,1229600,double,153700
20359,h2d,1229600,double,153700
20360,h2d,1229600,double,153700
20361,h2d,1229600,double,153700
20362,h2d,1229600,double,153700
20363,h2d,1229600,double,153700
20364,h2d,1229600,double,153700
20365,h2d,1229600,double,153700
20366,h2d,1229600,double,153700
20367,h2d,1229600,double,153700
20368,h2d,1229600,double,153700
20369,h2d,1229600,double,153700
20370,h2d,1229600,double,153700
20371,h2d,1229600,double,153700
20372,h2d,1229600,double,153700
20373,d2h,2048,double,256
20374,h2d,1229600,double,153700
20375,h2d,1229600,double,153700
20376,h2d,1229600,double,153700
20377,h2d,1229600,double,153700
20378,h2d,1229600,double,153700
20379,h2d,1229600,double,153700
20380,h2d,1229600,double,153700
20381,h2d,1229600,double,153700
20382,h2d,1229600,double,153700
20383,h2d,1229600,double,153700
20384,h2d,1229600,double,153700
20385,h2d,1229600,double,153700
20386,h2d,1229600,double,153700
20387,h2d,1229600,double,153700
20388,h2d,1229600,double,153700
20389,h2d,1229600,double,153700
20390,h2d,1229600,double,153700
20391,h2d,1229600,double,153700
20392,h2d,1229600,double,153700
20393,h2d,1229600,double,153700
20394,h2d,1229600,double,153700
20395,h2d,1229600,double,153700
20396,h2d,1229600,double,153700
20397,h2d,1229600,double,153700
20398,d2h,2048,double,256
20399,h2d,1229600,double,153700
20400,h2d,1229600,double,153700
20401,h2d,1229600,double,153700
20402,h2d,1229600,double,153700
20403,h2d,1229600,double,153700
20404,h2d,1229600,double,153700
20405,h2d,1229600,double,153700
20406,h2d,1229600,double,153700
20407,h2d,1229600,double,153700
20408,h2d,1229600,double,153700
20409,h2d,1229600,double,153700
20410,h2d,1229600,double,153700
20411,h2d,1229600,double,153700
20412,h2d,1229600,double,153700
20413,h2d,1229600,double,153700
20414,h2d,1229600,double,153700
20415,d2h,2048,double,256
20416,d2h,2048,double,256
20417,d2h,2048,double,256
20418,d2h,2048,double,256
20419,d2h,2048,double,256
20420,h2d,1229600,double,153700
20421,h2d,1229600,double,153700
20422,h2d,1229600,double,153700
20423,h2d,1229600,double,153700
20424,h2d,1229600,double,153700
20425,h2d,1229600,double,153700
20426,h2d,1229600,double,153700
20427,h2d,1229600,double,153700
20428,d2h,2048,double,256
20429,h2d,1229600,double,153700
20430,h2d,1229600,double,153700
20431,h2d,1229600,double,153700
20432,h2d,1229600,double,153700
20433,h2d,1229600,double,153700
20434,h2d,1229600,double,153700
20435,h2d,1229600,double,153700
20436,h2d,1229600,double,153700
20437,h2d,1229600,double,153700
20438,h2d,1229600,double,153700
20439,h2d,1229600,double,153700
20440,h2d,1229600,double,153700
20441,h2d,1229600,double,153700
20442,h2d,1229600,double,153700
20443,h2d,1229600,double,153700
20444,h2d,1229600,double,153700
20445,h2d,1229600,double,153700
20446,h2d,1229600,double,153700
20447,h2d,1229600,double,153700
20448,h2d,1229600,double,153700
20449,h2d,1229600,double,153700
20450,h2d,1229600,double,153700
20451,h2d,1229600,double,153700
20452,h2d,1229600,double,153700
20453,d2h,2048,double,256
20454,h2d,1229600,double,153700
20455,h2d,1229600,double,153700
20456,h2d,1229600,double,153700
20457,h2d,1229600,double,153700
20458,h2d,1229600,double,153700
20459,h2d,1229600,double,153700
20460,h2d,1229600,double,153700
20461,h2d,1229600,double,153700
20462,h2d,1229600,double,153700
20463,h2d,1229600,double,153700
20464,h2d,1229600,double,153700
20465,h2d,1229600,double,153700
20466,h2d,1229600,double,153700
20467,h2d,1229600,double,153700
20468,h2d,1229600,double,153700
20469,h2d,1229600,double,153700
20470,h2d,1229600,double,153700
20471,h2d,1229600,double,153700
20472,h2d,1229600,double,153700
20473,h2d,1229600,double,153700
20474,h2d,1229600,double,153700
20475,h2d,1229600,double,153700
20476,h2d,1229600,double,153700
20477,h2d,1229600,double,153700
20478,d2h,2048,double,256
20479,h2d,1229600,double,153700
20480,h2d,1229600,double,153700
20481,h2d,1229600,double,153700
20482,h2d,1229600,double,153700
20483,h2d,1229600,double,153700
20484,h2d,1229600,double,153700
20485,h2d,1229600,double,153700
20486,h2d,1229600,double,153700
20487,h2d,1229600,double,153700
20488,h2d,1229600,double,153700
20489,h2d,1229600,double,153700
20490,h2d,1229600,double,153700
20491,h2d,1229600,double,153700
20492,h2d,1229600,double,153700
20493,h2d,1229600,double,153700
20494,h2d,1229600,double,153700
20495,h2d,1229600,double,153700
20496,h2d,1229600,double,153700
20497,h2d,1229600,double,153700
20498,h2d,1229600,double,153700
20499,h2d,1229600,double,153700
20500,h2d,1229600,double,153700
20501,h2d,1229600,double,153700
20502,h2d,1229600,double,153700
20503,d2h,2048,double,256
20504,h2d,1229600,double,153700
20505,h2d,1229600,double,153700
20506,h2d,1229600,double,153700
20507,h2d,1229600,double,153700
20508,h2d,1229600,double,153700
20509,h2d,1229600,double,153700
20510,h2d,1229600,double,153700
20511,h2d,1229600,double,153700
20512,h2d,1229600,double,153700
20513,h2d,1229600,double,153700
20514,h2d,1229600,double,153700
20515,h2d,1229600,double,153700
20516,h2d,1229600,double,153700
20517,h2d,1229600,double,153700
20518,h2d,1229600,double,153700
20519,h2d,1229600,double,153700
20520,h2d,1229600,double,153700
20521,h2d,1229600,double,153700
20522,h2d,1229600,double,153700
20523,h2d,1229600,double,153700
20524,h2d,1229600,double,153700
20525,h2d,1229600,double,153700
20526,h2d,1229600,double,153700
20527,h2d,1229600,double,153700
20528,d2h,2048,double,256
20529,h2d,1229600,double,153700
20530,h2d,1229600,double,153700
20531,h2d,1229600,double,153700
20532,h2d,1229600,double,153700
20533,h2d,1229600,double,153700
20534,h2d,1229600,double,153700
20535,h2d,1229600,double,153700
20536,h2d,1229600,double,153700
20537,h2d,1229600,double,153700
20538,h2d,1229600,double,153700
20539,h2d,1229600,double,153700
20540,h2d,1229600,double,153700
20541,h2d,1229600,double,153700
20542,h2d,1229600,double,153700
20543,h2d,1229600,double,153700
20544,h2d,1229600,double,153700
20545,h2d,1229600,double,153700
20546,h2d,1229600,double,153700
20547,h2d,1229600,double,153700
20548,h2d,1229600,double,153700
20549,h2d,1229600,double,153700
20550,h2d,1229600,double,153700
20551,h2d,1229600,double,153700
20552,h2d,1229600,double,153700
20553,d2h,2048,double,256
20554,h2d,1229600,double,153700
20555,h2d,1229600,double,153700
20556,h2d,1229600,double,153700
20557,h2d,1229600,double,153700
20558,h2d,1229600,double,153700
20559,h2d,1229600,double,153700
20560,h2d,1229600,double,153700
20561,h2d,1229600,double,153700
20562,h2d,1229600,double,153700
20563,h2d,1229600,double,153700
20564,h2d,1229600,double,153700
20565,h2d,1229600,double,153700
20566,h2d,1229600,double,153700
20567,h2d,1229600,double,153700
20568,h2d,1229600,double,153700
20569,h2d,1229600,double,153700
20570,h2d,1229600,double,153700
20571,h2d,1229600,double,153700
20572,h2d,1229600,double,153700
20573,h2d,1229600,double,153700
20574,h2d,1229600,double,153700
20575,h2d,1229600,double,153700
20576,h2d,1229600,double,153700
20577,h2d,1229600,double,153700
20578,d2h,2048,double,256
20579,h2d,1229600,double,153700
20580,h2d,1229600,double,153700
20581,h2d,1229600,double,153700
20582,h2d,1229600,double,153700
20583,h2d,1229600,double,153700
20584,h2d,1229600,double,153700
20585,h2d,1229600,double,153700
20586,h2d,1229600,double,153700
20587,h2d,1229600,double,153700
20588,h2d,1229600,double,153700
20589,h2d,1229600,double,153700
20590,h2d,1229600,double,153700
20591,h2d,1229600,double,153700
20592,h2d,1229600,double,153700
20593,h2d,1229600,double,153700
20594,h2d,1229600,double,153700
20595,h2d,1229600,double,153700
20596,h2d,1229600,double,153700
20597,h2d,1229600,double,153700
20598,h2d,1229600,double,153700
20599,h2d,1229600,double,153700
20600,h2d,1229600,double,153700
20601,h2d,1229600,double,153700
20602,h2d,1229600,double,153700
20603,d2h,2048,double,256
20604,h2d,1229600,double,153700
20605,h2d,1229600,double,153700
20606,h2d,1229600,double,153700
20607,h2d,1229600,double,153700
20608,h2d,1229600,double,153700
20609,h2d,1229600,double,153700
20610,h2d,1229600,double,153700
20611,h2d,1229600,double,153700
20612,h2d,1229600,double,153700
20613,h2d,1229600,double,153700
20614,h2d,1229600,double,153700
20615,h2d,1229600,double,153700
20616,h2d,1229600,double,153700
20617,h2d,1229600,double,153700
20618,h2d,1229600,double,153700
20619,h2d,1229600,double,153700
20620,h2d,1229600,double,153700
20621,h2d,1229600,double,153700
20622,h2d,1229600,double,153700
20623,h2d,1229600,double,153700
20624,h2d,1229600,double,153700
20625,h2d,1229600,double,153700
20626,h2d,1229600,double,153700
20627,h2d,1229600,double,153700
20628,d2h,2048,double,256
20629,h2d,1229600,double,153700
20630,h2d,1229600,double,153700
20631,h2d,1229600,double,153700
20632,h2d,1229600,double,153700
20633,h2d,1229600,double,153700
20634,h2d,1229600,double,153700
20635,h2d,1229600,double,153700
20636,h2d,1229600,double,153700
20637,h2d,1229600,double,153700
20638,h2d,1229600,double,153700
20639,h2d,1229600,double,153700
20640,h2d,1229600,double,153700
20641,h2d,1229600,double,153700
20642,h2d,1229600,double,153700
20643,h2d,1229600,double,153700
20644,h2d,1229600,double,153700
20645,h2d,1229600,double,153700
20646,h2d,1229600,double,153700
20647,h2d,1229600,double,153700
20648,h2d,1229600,double,153700
20649,h2d,1229600,double,153700
20650,h2d,1229600,double,153700
20651,h2d,1229600,double,153700
20652,h2d,1229600,double,153700
20653,d2h,2048,double,256
20654,h2d,1229600,double,153700
20655,h2d,1229600,double,153700
20656,h2d,1229600,double,153700
20657,h2d,1229600,double,153700
20658,h2d,1229600,double,153700
20659,h2d,1229600,double,153700
20660,h2d,1229600,double,153700
20661,h2d,1229600,double,153700
20662,h2d,1229600,double,153700
20663,h2d,1229600,double,153700
20664,h2d,1229600,double,153700
20665,h2d,1229600,double,153700
20666,h2d,1229600,double,153700
20667,h2d,1229600,double,153700
20668,h2d,1229600,double,153700
20669,h2d,1229600,double,153700
20670,d2h,2048,double,256
20671,d2h,2048,double,256
20672,d2h,2048,double,256
20673,d2h,2048,double,256
20674,d2h,2048,double,256
20675,h2d,1229600,double,153700
20676,h2d,1229600,double,153700
20677,h2d,1229600,double,153700
20678,h2d,1229600,double,153700
20679,h2d,1229600,double,153700
20680,h2d,1229600,double,153700
20681,h2d,1229600,double,153700
20682,h2d,1229600,double,153700
20683,d2h,2048,double,256
20684,h2d,1229600,double,153700
20685,h2d,1229600,double,153700
20686,h2d,1229600,double,153700
20687,h2d,1229600,double,153700
20688,h2d,1229600,double,153700
20689,h2d,1229600,double,153700
20690,h2d,1229600,double,153700
20691,h2d,1229600,double,153700
20692,h2d,1229600,double,153700
20693,h2d,1229600,double,153700
20694,h2d,1229600,double,153700
20695,h2d,1229600,double,153700
20696,h2d,1229600,double,153700
20697,h2d,1229600,double,153700
20698,h2d,1229600,double,153700
20699,h2d,1229600,double,153700
20700,h2d,1229600,double,153700
20701,h2d,1229600,double,153700
20702,h2d,1229600,double,153700
20703,h2d,1229600,double,153700
20704,h2d,1229600,double,153700
20705,h2d,1229600,double,153700
20706,h2d,1229600,double,153700
20707,h2d,1229600,double,153700
20708,d2h,2048,double,256
20709,h2d,1229600,double,153700
20710,h2d,1229600,double,153700
20711,h2d,1229600,double,153700
20712,h2d,1229600,double,153700
20713,h2d,1229600,double,153700
20714,h2d,1229600,double,153700
20715,h2d,1229600,double,153700
20716,h2d,1229600,double,153700
20717,h2d,1229600,double,153700
20718,h2d,1229600,double,153700
20719,h2d,1229600,double,153700
20720,h2d,1229600,double,153700
20721,h2d,1229600,double,153700
20722,h2d,1229600,double,153700
20723,h2d,1229600,double,153700
20724,h2d,1229600,double,153700
20725,h2d,1229600,double,153700
20726,h2d,1229600,double,153700
20727,h2d,1229600,double,153700
20728,h2d,1229600,double,153700
20729,h2d,1229600,double,153700
20730,h2d,1229600,double,153700
20731,h2d,1229600,double,153700
20732,h2d,1229600,double,153700
20733,d2h,2048,double,256
20734,h2d,1229600,double,153700
20735,h2d,1229600,double,153700
20736,h2d,1229600,double,153700
20737,h2d,1229600,double,153700
20738,h2d,1229600,double,153700
20739,h2d,1229600,double,153700
20740,h2d,1229600,double,153700
20741,h2d,1229600,double,153700
20742,h2d,1229600,double,153700
20743,h2d,1229600,double,153700
20744,h2d,1229600,double,153700
20745,h2d,1229600,double,153700
20746,h2d,1229600,double,153700
20747,h2d,1229600,double,153700
20748,h2d,1229600,double,153700
20749,h2d,1229600,double,153700
20750,h2d,1229600,double,153700
20751,h2d,1229600,double,153700
20752,h2d,1229600,double,153700
20753,h2d,1229600,double,153700
20754,h2d,1229600,double,153700
20755,h2d,1229600,double,153700
20756,h2d,1229600,double,153700
20757,h2d,1229600,double,153700
20758,d2h,2048,double,256
20759,h2d,1229600,double,153700
20760,h2d,1229600,double,153700
20761,h2d,1229600,double,153700
20762,h2d,1229600,double,153700
20763,h2d,1229600,double,153700
20764,h2d,1229600,double,153700
20765,h2d,1229600,double,153700
20766,h2d,1229600,double,153700
20767,h2d,1229600,double,153700
20768,h2d,1229600,double,153700
20769,h2d,1229600,double,153700
20770,h2d,1229600,double,153700
20771,h2d,1229600,double,153700
20772,h2d,1229600,double,153700
20773,h2d,1229600,double,153700
20774,h2d,1229600,double,153700
20775,h2d,1229600,double,153700
20776,h2d,1229600,double,153700
20777,h2d,1229600,double,153700
20778,h2d,1229600,double,153700
20779,h2d,1229600,double,153700
20780,h2d,1229600,double,153700
20781,h2d,1229600,double,153700
20782,h2d,1229600,double,153700
20783,d2h,2048,double,256
20784,h2d,1229600,double,153700
20785,h2d,1229600,double,153700
20786,h2d,1229600,double,153700
20787,h2d,1229600,double,153700
20788,h2d,1229600,double,153700
20789,h2d,1229600,double,153700
20790,h2d,1229600,double,153700
20791,h2d,1229600,double,153700
20792,h2d,1229600,double,153700
20793,h2d,1229600,double,153700
20794,h2d,1229600,double,153700
20795,h2d,1229600,double,153700
20796,h2d,1229600,double,153700
20797,h2d,1229600,double,153700
20798,h2d,1229600,double,153700
20799,h2d,1229600,double,153700
20800,h2d,1229600,double,153700
20801,h2d,1229600,double,153700
20802,h2d,1229600,double,153700
20803,h2d,1229600,double,153700
20804,h2d,1229600,double,153700
20805,h2d,1229600,double,153700
20806,h2d,1229600,double,153700
20807,h2d,1229600,double,153700
20808,d2h,2048,double,256
20809,h2d,1229600,double,153700
20810,h2d,1229600,double,153700
20811,h2d,1229600,double,153700
20812,h2d,1229600,double,153700
20813,h2d,1229600,double,153700
20814,h2d,1229600,double,153700
20815,h2d,1229600,double,153700
20816,h2d,1229600,double,153700
20817,h2d,1229600,double,153700
20818,h2d,1229600,double,153700
20819,h2d,1229600,double,153700
20820,h2d,1229600,double,153700
20821,h2d,1229600,double,153700
20822,h2d,1229600,double,153700
20823,h2d,1229600,double,153700
20824,h2d,1229600,double,153700
20825,h2d,1229600,double,153700
20826,h2d,1229600,double,153700
20827,h2d,1229600,double,153700
20828,h2d,1229600,double,153700
20829,h2d,1229600,double,153700
20830,h2d,1229600,double,153700
20831,h2d,1229600,double,153700
20832,h2d,1229600,double,153700
20833,d2h,2048,double,256
20834,h2d,1229600,double,153700
20835,h2d,1229600,double,153700
20836,h2d,1229600,double,153700
20837,h2d,1229600,double,153700
20838,h2d,1229600,double,153700
20839,h2d,1229600,double,153700
20840,h2d,1229600,double,153700
20841,h2d,1229600,double,153700
20842,h2d,1229600,double,153700
20843,h2d,1229600,double,153700
20844,h2d,1229600,double,153700
20845,h2d,1229600,double,153700
20846,h2d,1229600,double,153700
20847,h2d,1229600,double,153700
20848,h2d,1229600,double,153700
20849,h2d,1229600,double,153700
20850,h2d,1229600,double,153700
20851,h2d,1229600,double,153700
20852,h2d,1229600,double,153700
20853,h2d,1229600,double,153700
20854,h2d,1229600,double,153700
20855,h2d,1229600,double,153700
20856,h2d,1229600,double,153700
20857,h2d,1229600,double,153700
20858,d2h,2048,double,256
20859,h2d,1229600,double,153700
20860,h2d,1229600,double,153700
20861,h2d,1229600,double,153700
20862,h2d,1229600,double,153700
20863,h2d,1229600,double,153700
20864,h2d,1229600,double,153700
20865,h2d,1229600,double,153700
20866,h2d,1229600,double,153700
20867,h2d,1229600,double,153700
20868,h2d,1229600,double,153700
20869,h2d,1229600,double,153700
20870,h2d,1229600,double,153700
20871,h2d,1229600,double,153700
20872,h2d,1229600,double,153700
20873,h2d,1229600,double,153700
20874,h2d,1229600,double,153700
20875,h2d,1229600,double,153700
20876,h2d,1229600,double,153700
20877,h2d,1229600,double,153700
20878,h2d,1229600,double,153700
20879,h2d,1229600,double,153700
20880,h2d,1229600,double,153700
20881,h2d,1229600,double,153700
20882,h2d,1229600,double,153700
20883,d2h,2048,double,256
20884,h2d,1229600,double,153700
20885,h2d,1229600,double,153700
20886,h2d,1229600,double,153700
20887,h2d,1229600,double,153700
20888,h2d,1229600,double,153700
20889,h2d,1229600,double,153700
20890,h2d,1229600,double,153700
20891,h2d,1229600,double,153700
20892,h2d,1229600,double,153700
20893,h2d,1229600,double,153700
20894,h2d,1229600,double,153700
20895,h2d,1229600,double,153700
20896,h2d,1229600,double,153700
20897,h2d,1229600,double,153700
20898,h2d,1229600,double,153700
20899,h2d,1229600,double,153700
20900,h2d,1229600,double,153700
20901,h2d,1229600,double,153700
20902,h2d,1229600,double,153700
20903,h2d,1229600,double,153700
20904,h2d,1229600,double,153700
20905,h2d,1229600,double,153700
20906,h2d,1229600,double,153700
20907,h2d,1229600,double,153700
20908,d2h,2048,double,256
20909,h2d,1229600,double,153700
20910,h2d,1229600,double,153700
20911,h2d,1229600,double,153700
20912,h2d,1229600,double,153700
20913,h2d,1229600,double,153700
20914,h2d,1229600,double,153700
20915,h2d,1229600,double,153700
20916,h2d,1229600,double,153700
20917,h2d,1229600,double,153700
20918,h2d,1229600,double,153700
20919,h2d,1229600,double,153700
20920,h2d,1229600,double,153700
20921,h2d,1229600,double,153700
20922,h2d,1229600,double,153700
20923,h2d,1229600,double,153700
20924,h2d,1229600,double,153700
20925,d2h,2048,double,256
20926,d2h,2048,double,256
20927,d2h,2048,double,256
20928,d2h,2048,double,256
20929,d2h,2048,double,256
20930,h2d,1229600,double,153700
20931,h2d,1229600,double,153700
20932,h2d,1229600,double,153700
20933,h2d,1229600,double,153700
20934,h2d,1229600,double,153700
20935,h2d,1229600,double,153700
20936,h2d,1229600,double,153700
20937,h2d,1229600,double,153700
20938,d2h,2048,double,256
20939,h2d,1229600,double,153700
20940,h2d,1229600,double,153700
20941,h2d,1229600,double,153700
20942,h2d,1229600,double,153700
20943,h2d,1229600,double,153700
20944,h2d,1229600,double,153700
20945,h2d,1229600,double,153700
20946,h2d,1229600,double,153700
20947,h2d,1229600,double,153700
20948,h2d,1229600,double,153700
20949,h2d,1229600,double,153700
20950,h2d,1229600,double,153700
20951,h2d,1229600,double,153700
20952,h2d,1229600,double,153700
20953,h2d,1229600,double,153700
20954,h2d,1229600,double,153700
20955,h2d,1229600,double,153700
20956,h2d,1229600,double,153700
20957,h2d,1229600,double,153700
20958,h2d,1229600,double,153700
20959,h2d,1229600,double,153700
20960,h2d,1229600,double,153700
20961,h2d,1229600,double,153700
20962,h2d,1229600,double,153700
20963,d2h,2048,double,256
20964,h2d,1229600,double,153700
20965,h2d,1229600,double,153700
20966,h2d,1229600,double,153700
20967,h2d,1229600,double,153700
20968,h2d,1229600,double,153700
20969,h2d,1229600,double,153700
20970,h2d,1229600,double,153700
20971,h2d,1229600,double,153700
20972,h2d,1229600,double,153700
20973,h2d,1229600,double,153700
20974,h2d,1229600,double,153700
20975,h2d,1229600,double,153700
20976,h2d,1229600,double,153700
20977,h2d,1229600,double,153700
20978,h2d,1229600,double,153700
20979,h2d,1229600,double,153700
20980,h2d,1229600,double,153700
20981,h2d,1229600,double,153700
20982,h2d,1229600,double,153700
20983,h2d,1229600,double,153700
20984,h2d,1229600,double,153700
20985,h2d,1229600,double,153700
20986,h2d,1229600,double,153700
20987,h2d,1229600,double,153700
20988,d2h,2048,double,256
20989,h2d,1229600,double,153700
20990,h2d,1229600,double,153700
20991,h2d,1229600,double,153700
20992,h2d,1229600,double,153700
20993,h2d,1229600,double,153700
20994,h2d,1229600,double,153700
20995,h2d,1229600,double,153700
20996,h2d,1229600,double,153700
20997,h2d,1229600,double,153700
20998,h2d,1229600,double,153700
20999,h2d,1229600,double,153700
21000,h2d,1229600,double,153700
21001,h2d,1229600,double,153700
21002,h2d,1229600,double,153700
21003,h2d,1229600,double,153700
21004,h2d,1229600,double,153700
21005,h2d,1229600,double,153700
21006,h2d,1229600,double,153700
21007,h2d,1229600,double,153700
21008,h2d,1229600,double,153700
21009,h2d,1229600,double,153700
21010,h2d,1229600,double,153700
21011,h2d,1229600,double,153700
21012,h2d,1229600,double,153700
21013,d2h,2048,double,256
21014,h2d,1229600,double,153700
21015,h2d,1229600,double,153700
21016,h2d,1229600,double,153700
21017,h2d,1229600,double,153700
21018,h2d,1229600,double,153700
21019,h2d,1229600,double,153700
21020,h2d,1229600,double,153700
21021,h2d,1229600,double,153700
21022,h2d,1229600,double,153700
21023,h2d,1229600,double,153700
21024,h2d,1229600,double,153700
21025,h2d,1229600,double,153700
21026,h2d,1229600,double,153700
21027,h2d,1229600,double,153700
21028,h2d,1229600,double,153700
21029,h2d,1229600,double,153700
21030,h2d,1229600,double,153700
21031,h2d,1229600,double,153700
21032,h2d,1229600,double,153700
21033,h2d,1229600,double,153700
21034,h2d,1229600,double,153700
21035,h2d,1229600,double,153700
21036,h2d,1229600,double,153700
21037,h2d,1229600,double,153700
21038,d2h,2048,double,256
21039,h2d,1229600,double,153700
21040,h2d,1229600,double,153700
21041,h2d,1229600,double,153700
21042,h2d,1229600,double,153700
21043,h2d,1229600,double,153700
21044,h2d,1229600,double,153700
21045,h2d,1229600,double,153700
21046,h2d,1229600,double,153700
21047,h2d,1229600,double,153700
21048,h2d,1229600,double,153700
21049,h2d,1229600,double,153700
21050,h2d,1229600,double,153700
21051,h2d,1229600,double,153700
21052,h2d,1229600,double,153700
21053,h2d,1229600,double,153700
21054,h2d,1229600,double,153700
21055,h2d,1229600,double,153700
21056,h2d,1229600,double,153700
21057,h2d,1229600,double,153700
21058,h2d,1229600,double,153700
21059,h2d,1229600,double,153700
21060,h2d,1229600,double,153700
21061,h2d,1229600,double,153700
21062,h2d,1229600,double,153700
21063,d2h,2048,double,256
21064,h2d,1229600,double,153700
21065,h2d,1229600,double,153700
21066,h2d,1229600,double,153700
21067,h2d,1229600,double,153700
21068,h2d,1229600,double,153700
21069,h2d,1229600,double,153700
21070,h2d,1229600,double,153700
21071,h2d,1229600,double,153700
21072,h2d,1229600,double,153700
21073,h2d,1229600,double,153700
21074,h2d,1229600,double,153700
21075,h2d,1229600,double,153700
21076,h2d,1229600,double,153700
21077,h2d,1229600,double,153700
21078,h2d,1229600,double,153700
21079,h2d,1229600,double,153700
21080,h2d,1229600,double,153700
21081,h2d,1229600,double,153700
21082,h2d,1229600,double,153700
21083,h2d,1229600,double,153700
21084,h2d,1229600,double,153700
21085,h2d,1229600,double,153700
21086,h2d,1229600,double,153700
21087,h2d,1229600,double,153700
21088,d2h,2048,double,256
21089,h2d,1229600,double,153700
21090,h2d,1229600,double,153700
21091,h2d,1229600,double,153700
21092,h2d,1229600,double,153700
21093,h2d,1229600,double,153700
21094,h2d,1229600,double,153700
21095,h2d,1229600,double,153700
21096,h2d,1229600,double,153700
21097,h2d,1229600,double,153700
21098,h2d,1229600,double,153700
21099,h2d,1229600,double,153700
21100,h2d,1229600,double,153700
21101,h2d,1229600,double,153700
21102,h2d,1229600,double,153700
21103,h2d,1229600,double,153700
21104,h2d,1229600,double,153700
21105,h2d,1229600,double,153700
21106,h2d,1229600,double,153700
21107,h2d,1229600,double,153700
21108,h2d,1229600,double,153700
21109,h2d,1229600,double,153700
21110,h2d,1229600,double,153700
21111,h2d,1229600,double,153700
21112,h2d,1229600,double,153700
21113,d2h,2048,double,256
21114,h2d,1229600,double,153700
21115,h2d,1229600,double,153700
21116,h2d,1229600,double,153700
21117,h2d,1229600,double,153700
21118,h2d,1229600,double,153700
21119,h2d,1229600,double,153700
21120,h2d,1229600,double,153700
21121,h2d,1229600,double,153700
21122,h2d,1229600,double,153700
21123,h2d,1229600,double,153700
21124,h2d,1229600,double,153700
21125,h2d,1229600,double,153700
21126,h2d,1229600,double,153700
21127,h2d,1229600,double,153700
21128,h2d,1229600,double,153700
21129,h2d,1229600,double,153700
21130,h2d,1229600,double,153700
21131,h2d,1229600,double,153700
21132,h2d,1229600,double,153700
21133,h2d,1229600,double,153700
21134,h2d,1229600,double,153700
21135,h2d,1229600,double,153700
21136,h2d,1229600,double,153700
21137,h2d,1229600,double,153700
21138,d2h,2048,double,256
21139,h2d,1229600,double,153700
21140,h2d,1229600,double,153700
21141,h2d,1229600,double,153700
21142,h2d,1229600,double,153700
21143,h2d,1229600,double,153700
21144,h2d,1229600,double,153700
21145,h2d,1229600,double,153700
21146,h2d,1229600,double,153700
21147,h2d,1229600,double,153700
21148,h2d,1229600,double,153700
21149,h2d,1229600,double,153700
21150,h2d,1229600,double,153700
21151,h2d,1229600,double,153700
21152,h2d,1229600,double,153700
21153,h2d,1229600,double,153700
21154,h2d,1229600,double,153700
21155,h2d,1229600,double,153700
21156,h2d,1229600,double,153700
21157,h2d,1229600,double,153700
21158,h2d,1229600,double,153700
21159,h2d,1229600,double,153700
21160,h2d,1229600,double,153700
21161,h2d,1229600,double,153700
21162,h2d,1229600,double,153700
21163,d2h,2048,double,256
21164,h2d,1229600,double,153700
21165,h2d,1229600,double,153700
21166,h2d,1229600,double,153700
21167,h2d,1229600,double,153700
21168,h2d,1229600,double,153700
21169,h2d,1229600,double,153700
21170,h2d,1229600,double,153700
21171,h2d,1229600,double,153700
21172,h2d,1229600,double,153700
21173,h2d,1229600,double,153700
21174,h2d,1229600,double,153700
21175,h2d,1229600,double,153700
21176,h2d,1229600,double,153700
21177,h2d,1229600,double,153700
21178,h2d,1229600,double,153700
21179,h2d,1229600,double,153700
21180,d2h,2048,double,256
21181,d2h,2048,double,256
21182,d2h,2048,double,256
21183,d2h,2048,double,256
21184,d2h,2048,double,256
21185,h2d,1229600,double,153700
21186,h2d,1229600,double,153700
21187,h2d,1229600,double,153700
21188,h2d,1229600,double,153700
21189,h2d,1229600,double,153700
21190,h2d,1229600,double,153700
21191,h2d,1229600,double,153700
21192,h2d,1229600,double,153700
21193,d2h,2048,double,256
21194,h2d,1229600,double,153700
21195,h2d,1229600,double,153700
21196,h2d,1229600,double,153700
21197,h2d,1229600,double,153700
21198,h2d,1229600,double,153700
21199,h2d,1229600,double,153700
21200,h2d,1229600,double,153700
21201,h2d,1229600,double,153700
21202,h2d,1229600,double,153700
21203,h2d,1229600,double,153700
21204,h2d,1229600,double,153700
21205,h2d,1229600,double,153700
21206,h2d,1229600,double,153700
21207,h2d,1229600,double,153700
21208,h2d,1229600,double,153700
21209,h2d,1229600,double,153700
21210,h2d,1229600,double,153700
21211,h2d,1229600,double,153700
21212,h2d,1229600,double,153700
21213,h2d,1229600,double,153700
21214,h2d,1229600,double,153700
21215,h2d,1229600,double,153700
21216,h2d,1229600,double,153700
21217,h2d,1229600,double,153700
21218,d2h,2048,double,256
21219,h2d,1229600,double,153700
21220,h2d,1229600,double,153700
21221,h2d,1229600,double,153700
21222,h2d,1229600,double,153700
21223,h2d,1229600,double,153700
21224,h2d,1229600,double,153700
21225,h2d,1229600,double,153700
21226,h2d,1229600,double,153700
21227,h2d,1229600,double,153700
21228,h2d,1229600,double,153700
21229,h2d,1229600,double,153700
21230,h2d,1229600,double,153700
21231,h2d,1229600,double,153700
21232,h2d,1229600,double,153700
21233,h2d,1229600,double,153700
21234,h2d,1229600,double,153700
21235,h2d,1229600,double,153700
21236,h2d,1229600,double,153700
21237,h2d,1229600,double,153700
21238,h2d,1229600,double,153700
21239,h2d,1229600,double,153700
21240,h2d,1229600,double,153700
21241,h2d,1229600,double,153700
21242,h2d,1229600,double,153700
21243,d2h,2048,double,256
21244,h2d,1229600,double,153700
21245,h2d,1229600,double,153700
21246,h2d,1229600,double,153700
21247,h2d,1229600,double,153700
21248,h2d,1229600,double,153700
21249,h2d,1229600,double,153700
21250,h2d,1229600,double,153700
21251,h2d,1229600,double,153700
21252,h2d,1229600,double,153700
21253,h2d,1229600,double,153700
21254,h2d,1229600,double,153700
21255,h2d,1229600,double,153700
21256,h2d,1229600,double,153700
21257,h2d,1229600,double,153700
21258,h2d,1229600,double,153700
21259,h2d,1229600,double,153700
21260,h2d,1229600,double,153700
21261,h2d,1229600,double,153700
21262,h2d,1229600,double,153700
21263,h2d,1229600,double,153700
21264,h2d,1229600,double,153700
21265,h2d,1229600,double,153700
21266,h2d,1229600,double,153700
21267,h2d,1229600,double,153700
21268,d2h,2048,double,256
21269,h2d,1229600,double,153700
21270,h2d,1229600,double,153700
21271,h2d,1229600,double,153700
21272,h2d,1229600,double,153700
21273,h2d,1229600,double,153700
21274,h2d,1229600,double,153700
21275,h2d,1229600,double,153700
21276,h2d,1229600,double,153700
21277,h2d,1229600,double,153700
21278,h2d,1229600,double,153700
21279,h2d,1229600,double,153700
21280,h2d,1229600,double,153700
21281,h2d,1229600,double,153700
21282,h2d,1229600,double,153700
21283,h2d,1229600,double,153700
21284,h2d,1229600,double,153700
21285,h2d,1229600,double,153700
21286,h2d,1229600,double,153700
21287,h2d,1229600,double,153700
21288,h2d,1229600,double,153700
21289,h2d,1229600,double,153700
21290,h2d,1229600,double,153700
21291,h2d,1229600,double,153700
21292,h2d,1229600,double,153700
21293,d2h,2048,double,256
21294,h2d,1229600,double,153700
21295,h2d,1229600,double,153700
21296,h2d,1229600,double,153700
21297,h2d,1229600,double,153700
21298,h2d,1229600,double,153700
21299,h2d,1229600,double,153700
21300,h2d,1229600,double,153700
21301,h2d,1229600,double,153700
21302,h2d,1229600,double,153700
21303,h2d,1229600,double,153700
21304,h2d,1229600,double,153700
21305,h2d,1229600,double,153700
21306,h2d,1229600,double,153700
21307,h2d,1229600,double,153700
21308,h2d,1229600,double,153700
21309,h2d,1229600,double,153700
21310,h2d,1229600,double,153700
21311,h2d,1229600,double,153700
21312,h2d,1229600,double,153700
21313,h2d,1229600,double,153700
21314,h2d,1229600,double,153700
21315,h2d,1229600,double,153700
21316,h2d,1229600,double,153700
21317,h2d,1229600,double,153700
21318,d2h,2048,double,256
21319,h2d,1229600,double,153700
21320,h2d,1229600,double,153700
21321,h2d,1229600,double,153700
21322,h2d,1229600,double,153700
21323,h2d,1229600,double,153700
21324,h2d,1229600,double,153700
21325,h2d,1229600,double,153700
21326,h2d,1229600,double,153700
21327,h2d,1229600,double,153700
21328,h2d,1229600,double,153700
21329,h2d,1229600,double,153700
21330,h2d,1229600,double,153700
21331,h2d,1229600,double,153700
21332,h2d,1229600,double,153700
21333,h2d,1229600,double,153700
21334,h2d,1229600,double,153700
21335,h2d,1229600,double,153700
21336,h2d,1229600,double,153700
21337,h2d,1229600,double,153700
21338,h2d,1229600,double,153700
21339,h2d,1229600,double,153700
21340,h2d,1229600,double,153700
21341,h2d,1229600,double,153700
21342,h2d,1229600,double,153700
21343,d2h,2048,double,256
21344,h2d,1229600,double,153700
21345,h2d,1229600,double,153700
21346,h2d,1229600,double,153700
21347,h2d,1229600,double,153700
21348,h2d,1229600,double,153700
21349,h2d,1229600,double,153700
21350,h2d,1229600,double,153700
21351,h2d,1229600,double,153700
21352,h2d,1229600,double,153700
21353,h2d,1229600,double,153700
21354,h2d,1229600,double,153700
21355,h2d,1229600,double,153700
21356,h2d,1229600,double,153700
21357,h2d,1229600,double,153700
21358,h2d,1229600,double,153700
21359,h2d,1229600,double,153700
21360,h2d,1229600,double,153700
21361,h2d,1229600,double,153700
21362,h2d,1229600,double,153700
21363,h2d,1229600,double,153700
21364,h2d,1229600,double,153700
21365,h2d,1229600,double,153700
21366,h2d,1229600,double,153700
21367,h2d,1229600,double,153700
21368,d2h,2048,double,256
21369,h2d,1229600,double,153700
21370,h2d,1229600,double,153700
21371,h2d,1229600,double,153700
21372,h2d,1229600,double,153700
21373,h2d,1229600,double,153700
21374,h2d,1229600,double,153700
21375,h2d,1229600,double,153700
21376,h2d,1229600,double,153700
21377,h2d,1229600,double,153700
21378,h2d,1229600,double,153700
21379,h2d,1229600,double,153700
21380,h2d,1229600,double,153700
21381,h2d,1229600,double,153700
21382,h2d,1229600,double,153700
21383,h2d,1229600,double,153700
21384,h2d,1229600,double,153700
21385,h2d,1229600,double,153700
21386,h2d,1229600,double,153700
21387,h2d,1229600,double,153700
21388,h2d,1229600,double,153700
21389,h2d,1229600,double,153700
21390,h2d,1229600,double,153700
21391,h2d,1229600,double,153700
21392,h2d,1229600,double,153700
21393,d2h,2048,double,256
21394,h2d,1229600,double,153700
21395,h2d,1229600,double,153700
21396,h2d,1229600,double,153700
21397,h2d,1229600,double,153700
21398,h2d,1229600,double,153700
21399,h2d,1229600,double,153700
21400,h2d,1229600,double,153700
21401,h2d,1229600,double,153700
21402,h2d,1229600,double,153700
21403,h2d,1229600,double,153700
21404,h2d,1229600,double,153700
21405,h2d,1229600,double,153700
21406,h2d,1229600,double,153700
21407,h2d,1229600,double,153700
21408,h2d,1229600,double,153700
21409,h2d,1229600,double,153700
21410,h2d,1229600,double,153700
21411,h2d,1229600,double,153700
21412,h2d,1229600,double,153700
21413,h2d,1229600,double,153700
21414,h2d,1229600,double,153700
21415,h2d,1229600,double,153700
21416,h2d,1229600,double,153700
21417,h2d,1229600,double,153700
21418,d2h,2048,double,256
21419,h2d,1229600,double,153700
21420,h2d,1229600,double,153700
21421,h2d,1229600,double,153700
21422,h2d,1229600,double,153700
21423,h2d,1229600,double,153700
21424,h2d,1229600,double,153700
21425,h2d,1229600,double,153700
21426,h2d,1229600,double,153700
21427,h2d,1229600,double,153700
21428,h2d,1229600,double,153700
21429,h2d,1229600,double,153700
21430,h2d,1229600,double,153700
21431,h2d,1229600,double,153700
21432,h2d,1229600,double,153700
21433,h2d,1229600,double,153700
21434,h2d,1229600,double,153700
21435,d2h,2048,double,256
21436,d2h,2048,double,256
21437,d2h,2048,double,256
21438,d2h,2048,double,256
21439,d2h,2048,double,256
21440,h2d,1229600,double,153700
21441,h2d,1229600,double,153700
21442,h2d,1229600,double,153700
21443,h2d,1229600,double,153700
21444,h2d,1229600,double,153700
21445,h2d,1229600,double,153700
21446,h2d,1229600,double,153700
21447,h2d,1229600,double,153700
21448,d2h,2048,double,256
21449,h2d,1229600,double,153700
21450,h2d,1229600,double,153700
21451,h2d,1229600,double,153700
21452,h2d,1229600,double,153700
21453,h2d,1229600,double,153700
21454,h2d,1229600,double,153700
21455,h2d,1229600,double,153700
21456,h2d,1229600,double,153700
21457,h2d,1229600,double,153700
21458,h2d,1229600,double,153700
21459,h2d,1229600,double,153700
21460,h2d,1229600,double,153700
21461,h2d,1229600,double,153700
21462,h2d,1229600,double,153700
21463,h2d,1229600,double,153700
21464,h2d,1229600,double,153700
21465,h2d,1229600,double,153700
21466,h2d,1229600,double,153700
21467,h2d,1229600,double,153700
21468,h2d,1229600,double,153700
21469,h2d,1229600,double,153700
21470,h2d,1229600,double,153700
21471,h2d,1229600,double,153700
21472,h2d,1229600,double,153700
21473,d2h,2048,double,256
21474,h2d,1229600,double,153700
21475,h2d,1229600,double,153700
21476,h2d,1229600,double,153700
21477,h2d,1229600,double,153700
21478,h2d,1229600,double,153700
21479,h2d,1229600,double,153700
21480,h2d,1229600,double,153700
21481,h2d,1229600,double,153700
21482,h2d,1229600,double,153700
21483,h2d,1229600,double,153700
21484,h2d,1229600,double,153700
21485,h2d,1229600,double,153700
21486,h2d,1229600,double,153700
21487,h2d,1229600,double,153700
21488,h2d,1229600,double,153700
21489,h2d,1229600,double,153700
21490,h2d,1229600,double,153700
21491,h2d,1229600,double,153700
21492,h2d,1229600,double,153700
21493,h2d,1229600,double,153700
21494,h2d,1229600,double,153700
21495,h2d,1229600,double,153700
21496,h2d,1229600,double,153700
21497,h2d,1229600,double,153700
21498,d2h,2048,double,256
21499,h2d,1229600,double,153700
21500,h2d,1229600,double,153700
21501,h2d,1229600,double,153700
21502,h2d,1229600,double,153700
21503,h2d,1229600,double,153700
21504,h2d,1229600,double,153700
21505,h2d,1229600,double,153700
21506,h2d,1229600,double,153700
21507,h2d,1229600,double,153700
21508,h2d,1229600,double,153700
21509,h2d,1229600,double,153700
21510,h2d,1229600,double,153700
21511,h2d,1229600,double,153700
21512,h2d,1229600,double,153700
21513,h2d,1229600,double,153700
21514,h2d,1229600,double,153700
21515,h2d,1229600,double,153700
21516,h2d,1229600,double,153700
21517,h2d,1229600,double,153700
21518,h2d,1229600,double,153700
21519,h2d,1229600,double,153700
21520,h2d,1229600,double,153700
21521,h2d,1229600,double,153700
21522,h2d,1229600,double,153700
21523,d2h,2048,double,256
21524,h2d,1229600,double,153700
21525,h2d,1229600,double,153700
21526,h2d,1229600,double,153700
21527,h2d,1229600,double,153700
21528,h2d,1229600,double,153700
21529,h2d,1229600,double,153700
21530,h2d,1229600,double,153700
21531,h2d,1229600,double,153700
21532,h2d,1229600,double,153700
21533,h2d,1229600,double,153700
21534,h2d,1229600,double,153700
21535,h2d,1229600,double,153700
21536,h2d,1229600,double,153700
21537,h2d,1229600,double,153700
21538,h2d,1229600,double,153700
21539,h2d,1229600,double,153700
21540,h2d,1229600,double,153700
21541,h2d,1229600,double,153700
21542,h2d,1229600,double,153700
21543,h2d,1229600,double,153700
21544,h2d,1229600,double,153700
21545,h2d,1229600,double,153700
21546,h2d,1229600,double,153700
21547,h2d,1229600,double,153700
21548,d2h,2048,double,256
21549,h2d,1229600,double,153700
21550,h2d,1229600,double,153700
21551,h2d,1229600,double,153700
21552,h2d,1229600,double,153700
21553,h2d,1229600,double,153700
21554,h2d,1229600,double,153700
21555,h2d,1229600,double,153700
21556,h2d,1229600,double,153700
21557,h2d,1229600,double,153700
21558,h2d,1229600,double,153700
21559,h2d,1229600,double,153700
21560,h2d,1229600,double,153700
21561,h2d,1229600,double,153700
21562,h2d,1229600,double,153700
21563,h2d,1229600,double,153700
21564,h2d,1229600,double,153700
21565,h2d,1229600,double,153700
21566,h2d,1229600,double,153700
21567,h2d,1229600,double,153700
21568,h2d,1229600,double,153700
21569,h2d,1229600,double,153700
21570,h2d,1229600,double,153700
21571,h2d,1229600,double,153700
21572,h2d,1229600,double,153700
21573,d2h,2048,double,256
21574,h2d,1229600,double,153700
21575,h2d,1229600,double,153700
21576,h2d,1229600,double,153700
21577,h2d,1229600,double,153700
21578,h2d,1229600,double,153700
21579,h2d,1229600,double,153700
21580,h2d,1229600,double,153700
21581,h2d,1229600,double,153700
21582,h2d,1229600,double,153700
21583,h2d,1229600,double,153700
21584,h2d,1229600,double,153700
21585,h2d,1229600,double,153700
21586,h2d,1229600,double,153700
21587,h2d,1229600,double,153700
21588,h2d,1229600,double,153700
21589,h2d,1229600,double,153700
21590,h2d,1229600,double,153700
21591,h2d,1229600,double,153700
21592,h2d,1229600,double,153700
21593,h2d,1229600,double,153700
21594,h2d,1229600,double,153700
21595,h2d,1229600,double,153700
21596,h2d,1229600,double,153700
21597,h2d,1229600,double,153700
21598,d2h,2048,double,256
21599,h2d,1229600,double,153700
21600,h2d,1229600,double,153700
21601,h2d,1229600,double,153700
21602,h2d,1229600,double,153700
21603,h2d,1229600,double,153700
21604,h2d,1229600,double,153700
21605,h2d,1229600,double,153700
21606,h2d,1229600,double,153700
21607,h2d,1229600,double,153700
21608,h2d,1229600,double,153700
21609,h2d,1229600,double,153700
21610,h2d,1229600,double,153700
21611,h2d,1229600,double,153700
21612,h2d,1229600,double,153700
21613,h2d,1229600,double,153700
21614,h2d,1229600,double,153700
21615,h2d,1229600,double,153700
21616,h2d,1229600,double,153700
21617,h2d,1229600,double,153700
21618,h2d,1229600,double,153700
21619,h2d,1229600,double,153700
21620,h2d,1229600,double,153700
21621,h2d,1229600,double,153700
21622,h2d,1229600,double,153700
21623,d2h,2048,double,256
21624,h2d,1229600,double,153700
21625,h2d,1229600,double,153700
21626,h2d,1229600,double,153700
21627,h2d,1229600,double,153700
21628,h2d,1229600,double,153700
21629,h2d,1229600,double,153700
21630,h2d,1229600,double,153700
21631,h2d,1229600,double,153700
21632,h2d,1229600,double,153700
21633,h2d,1229600,double,153700
21634,h2d,1229600,double,153700
21635,h2d,1229600,double,153700
21636,h2d,1229600,double,153700
21637,h2d,1229600,double,153700
21638,h2d,1229600,double,153700
21639,h2d,1229600,double,153700
21640,h2d,1229600,double,153700
21641,h2d,1229600,double,153700
21642,h2d,1229600,double,153700
21643,h2d,1229600,double,153700
21644,h2d,1229600,double,153700
21645,h2d,1229600,double,153700
21646,h2d,1229600,double,153700
21647,h2d,1229600,double,153700
21648,d2h,2048,double,256
21649,h2d,1229600,double,153700
21650,h2d,1229600,double,153700
21651,h2d,1229600,double,153700
21652,h2d,1229600,double,153700
21653,h2d,1229600,double,153700
21654,h2d,1229600,double,153700
21655,h2d,1229600,double,153700
21656,h2d,1229600,double,153700
21657,h2d,1229600,double,153700
21658,h2d,1229600,double,153700
21659,h2d,1229600,double,153700
21660,h2d,1229600,double,153700
21661,h2d,1229600,double,153700
21662,h2d,1229600,double,153700
21663,h2d,1229600,double,153700
21664,h2d,1229600,double,153700
21665,h2d,1229600,double,153700
21666,h2d,1229600,double,153700
21667,h2d,1229600,double,153700
21668,h2d,1229600,double,153700
21669,h2d,1229600,double,153700
21670,h2d,1229600,double,153700
21671,h2d,1229600,double,153700
21672,h2d,1229600,double,153700
21673,d2h,2048,double,256
21674,h2d,1229600,double,153700
21675,h2d,1229600,double,153700
21676,h2d,1229600,double,153700
21677,h2d,1229600,double,153700
21678,h2d,1229600,double,153700
21679,h2d,1229600,double,153700
21680,h2d,1229600,double,153700
21681,h2d,1229600,double,153700
21682,h2d,1229600,double,153700
21683,h2d,1229600,double,153700
21684,h2d,1229600,double,153700
21685,h2d,1229600,double,153700
21686,h2d,1229600,double,153700
21687,h2d,1229600,double,153700
21688,h2d,1229600,double,153700
21689,h2d,1229600,double,153700
21690,d2h,2048,double,256
21691,d2h,2048,double,256
21692,d2h,2048,double,256
21693,d2h,2048,double,256
21694,d2h,2048,double,256
21695,h2d,1229600,double,153700
21696,h2d,1229600,double,153700
21697,h2d,1229600,double,153700
21698,h2d,1229600,double,153700
21699,h2d,1229600,double,153700
21700,h2d,1229600,double,153700
21701,h2d,1229600,double,153700
21702,h2d,1229600,double,153700
21703,d2h,2048,double,256
21704,h2d,1229600,double,153700
21705,h2d,1229600,double,153700
21706,h2d,1229600,double,153700
21707,h2d,1229600,double,153700
21708,h2d,1229600,double,153700
21709,h2d,1229600,double,153700
21710,h2d,1229600,double,153700
21711,h2d,1229600,double,153700
21712,h2d,1229600,double,153700
21713,h2d,1229600,double,153700
21714,h2d,1229600,double,153700
21715,h2d,1229600,double,153700
21716,h2d,1229600,double,153700
21717,h2d,1229600,double,153700
21718,h2d,1229600,double,153700
21719,h2d,1229600,double,153700
21720,h2d,1229600,double,153700
21721,h2d,1229600,double,153700
21722,h2d,1229600,double,153700
21723,h2d,1229600,double,153700
21724,h2d,1229600,double,153700
21725,h2d,1229600,double,153700
21726,h2d,1229600,double,153700
21727,h2d,1229600,double,153700
21728,d2h,2048,double,256
21729,h2d,1229600,double,153700
21730,h2d,1229600,double,153700
21731,h2d,1229600,double,153700
21732,h2d,1229600,double,153700
21733,h2d,1229600,double,153700
21734,h2d,1229600,double,153700
21735,h2d,1229600,double,153700
21736,h2d,1229600,double,153700
21737,h2d,1229600,double,153700
21738,h2d,1229600,double,153700
21739,h2d,1229600,double,153700
21740,h2d,1229600,double,153700
21741,h2d,1229600,double,153700
21742,h2d,1229600,double,153700
21743,h2d,1229600,double,153700
21744,h2d,1229600,double,153700
21745,h2d,1229600,double,153700
21746,h2d,1229600,double,153700
21747,h2d,1229600,double,153700
21748,h2d,1229600,double,153700
21749,h2d,1229600,double,153700
21750,h2d,1229600,double,153700
21751,h2d,1229600,double,153700
21752,h2d,1229600,double,153700
21753,d2h,2048,double,256
21754,h2d,1229600,double,153700
21755,h2d,1229600,double,153700
21756,h2d,1229600,double,153700
21757,h2d,1229600,double,153700
21758,h2d,1229600,double,153700
21759,h2d,1229600,double,153700
21760,h2d,1229600,double,153700
21761,h2d,1229600,double,153700
21762,h2d,1229600,double,153700
21763,h2d,1229600,double,153700
21764,h2d,1229600,double,153700
21765,h2d,1229600,double,153700
21766,h2d,1229600,double,153700
21767,h2d,1229600,double,153700
21768,h2d,1229600,double,153700
21769,h2d,1229600,double,153700
21770,h2d,1229600,double,153700
21771,h2d,1229600,double,153700
21772,h2d,1229600,double,153700
21773,h2d,1229600,double,153700
21774,h2d,1229600,double,153700
21775,h2d,1229600,double,153700
21776,h2d,1229600,double,153700
21777,h2d,1229600,double,153700
21778,d2h,2048,double,256
21779,h2d,1229600,double,153700
21780,h2d,1229600,double,153700
21781,h2d,1229600,double,153700
21782,h2d,1229600,double,153700
21783,h2d,1229600,double,153700
21784,h2d,1229600,double,153700
21785,h2d,1229600,double,153700
21786,h2d,1229600,double,153700
21787,h2d,1229600,double,153700
21788,h2d,1229600,double,153700
21789,h2d,1229600,double,153700
21790,h2d,1229600,double,153700
21791,h2d,1229600,double,153700
21792,h2d,1229600,double,153700
21793,h2d,1229600,double,153700
21794,h2d,1229600,double,153700
21795,h2d,1229600,double,153700
21796,h2d,1229600,double,153700
21797,h2d,1229600,double,153700
21798,h2d,1229600,double,153700
21799,h2d,1229600,double,153700
21800,h2d,1229600,double,153700
21801,h2d,1229600,double,153700
21802,h2d,1229600,double,153700
21803,d2h,2048,double,256
21804,h2d,1229600,double,153700
21805,h2d,1229600,double,153700
21806,h2d,1229600,double,153700
21807,h2d,1229600,double,153700
21808,h2d,1229600,double,153700
21809,h2d,1229600,double,153700
21810,h2d,1229600,double,153700
21811,h2d,1229600,double,153700
21812,h2d,1229600,double,153700
21813,h2d,1229600,double,153700
21814,h2d,1229600,double,153700
21815,h2d,1229600,double,153700
21816,h2d,1229600,double,153700
21817,h2d,1229600,double,153700
21818,h2d,1229600,double,153700
21819,h2d,1229600,double,153700
21820,h2d,1229600,double,153700
21821,h2d,1229600,double,153700
21822,h2d,1229600,double,153700
21823,h2d,1229600,double,153700
21824,h2d,1229600,double,153700
21825,h2d,1229600,double,153700
21826,h2d,1229600,double,153700
21827,h2d,1229600,double,153700
21828,d2h,2048,double,256
21829,h2d,1229600,double,153700
21830,h2d,1229600,double,153700
21831,h2d,1229600,double,153700
21832,h2d,1229600,double,153700
21833,h2d,1229600,double,153700
21834,h2d,1229600,double,153700
21835,h2d,1229600,double,153700
21836,h2d,1229600,double,153700
21837,h2d,1229600,double,153700
21838,h2d,1229600,double,153700
21839,h2d,1229600,double,153700
21840,h2d,1229600,double,153700
21841,h2d,1229600,double,153700
21842,h2d,1229600,double,153700
21843,h2d,1229600,double,153700
21844,h2d,1229600,double,153700
21845,h2d,1229600,double,153700
21846,h2d,1229600,double,153700
21847,h2d,1229600,double,153700
21848,h2d,1229600,double,153700
21849,h2d,1229600,double,153700
21850,h2d,1229600,double,153700
21851,h2d,1229600,double,153700
21852,h2d,1229600,double,153700
21853,d2h,2048,double,256
21854,h2d,1229600,double,153700
21855,h2d,1229600,double,153700
21856,h2d,1229600,double,153700
21857,h2d,1229600,double,153700
21858,h2d,1229600,double,153700
21859,h2d,1229600,double,153700
21860,h2d,1229600,double,153700
21861,h2d,1229600,double,153700
21862,h2d,1229600,double,153700
21863,h2d,1229600,double,153700
21864,h2d,1229600,double,153700
21865,h2d,1229600,double,153700
21866,h2d,1229600,double,153700
21867,h2d,1229600,double,153700
21868,h2d,1229600,double,153700
21869,h2d,1229600,double,153700
21870,h2d,1229600,double,153700
21871,h2d,1229600,double,153700
21872,h2d,1229600,double,153700
21873,h2d,1229600,double,153700
21874,h2d,1229600,double,153700
21875,h2d,1229600,double,153700
21876,h2d,1229600,double,153700
21877,h2d,1229600,double,153700
21878,d2h,2048,double,256
21879,h2d,1229600,double,153700
21880,h2d,1229600,double,153700
21881,h2d,1229600,double,153700
21882,h2d,1229600,double,153700
21883,h2d,1229600,double,153700
21884,h2d,1229600,double,153700
21885,h2d,1229600,double,153700
21886,h2d,1229600,double,153700
21887,h2d,1229600,double,153700
21888,h2d,1229600,double,153700
21889,h2d,1229600,double,153700
21890,h2d,1229600,double,153700
21891,h2d,1229600,double,153700
21892,h2d,1229600,double,153700
21893,h2d,1229600,double,153700
21894,h2d,1229600,double,153700
21895,h2d,1229600,double,153700
21896,h2d,1229600,double,153700
21897,h2d,1229600,double,153700
21898,h2d,1229600,double,153700
21899,h2d,1229600,double,153700
21900,h2d,1229600,double,153700
21901,h2d,1229600,double,153700
21902,h2d,1229600,double,153700
21903,d2h,2048,double,256
21904,h2d,1229600,double,153700
21905,h2d,1229600,double,153700
21906,h2d,1229600,double,153700
21907,h2d,1229600,double,153700
21908,h2d,1229600,double,153700
21909,h2d,1229600,double,153700
21910,h2d,1229600,double,153700
21911,h2d,1229600,double,153700
21912,h2d,1229600,double,153700
21913,h2d,1229600,double,153700
21914,h2d,1229600,double,153700
21915,h2d,1229600,double,153700
21916,h2d,1229600,double,153700
21917,h2d,1229600,double,153700
21918,h2d,1229600,double,153700
21919,h2d,1229600,double,153700
21920,h2d,1229600,double,153700
21921,h2d,1229600,double,153700
21922,h2d,1229600,double,153700
21923,h2d,1229600,double,153700
21924,h2d,1229600,double,153700
21925,h2d,1229600,double,153700
21926,h2d,1229600,double,153700
21927,h2d,1229600,double,153700
21928,d2h,2048,double,256
21929,h2d,1229600,double,153700
21930,h2d,1229600,double,153700
21931,h2d,1229600,double,153700
21932,h2d,1229600,double,153700
21933,h2d,1229600,double,153700
21934,h2d,1229600,double,153700
21935,h2d,1229600,double,153700
21936,h2d,1229600,double,153700
21937,h2d,1229600,double,153700
21938,h2d,1229600,double,153700
21939,h2d,1229600,double,153700
21940,h2d,1229600,double,153700
21941,h2d,1229600,double,153700
21942,h2d,1229600,double,153700
21943,h2d,1229600,double,153700
21944,h2d,1229600,double,153700
21945,d2h,2048,double,256
21946,d2h,2048,double,256
21947,d2h,2048,double,256
21948,d2h,2048,double,256
21949,d2h,2048,double,256
21950,h2d,1229600,double,153700
21951,h2d,1229600,double,153700
21952,h2d,1229600,double,153700
21953,h2d,1229600,double,153700
21954,h2d,1229600,double,153700
21955,h2d,1229600,double,153700
21956,h2d,1229600,double,153700
21957,h2d,1229600,double,153700
21958,d2h,2048,double,256
21959,h2d,1229600,double,153700
21960,h2d,1229600,double,153700
21961,h2d,1229600,double,153700
21962,h2d,1229600,double,153700
21963,h2d,1229600,double,153700
21964,h2d,1229600,double,153700
21965,h2d,1229600,double,153700
21966,h2d,1229600,double,153700
21967,h2d,1229600,double,153700
21968,h2d,1229600,double,153700
21969,h2d,1229600,double,153700
21970,h2d,1229600,double,153700
21971,h2d,1229600,double,153700
21972,h2d,1229600,double,153700
21973,h2d,1229600,double,153700
21974,h2d,1229600,double,153700
21975,h2d,1229600,double,153700
21976,h2d,1229600,double,153700
21977,h2d,1229600,double,153700
21978,h2d,1229600,double,153700
21979,h2d,1229600,double,153700
21980,h2d,1229600,double,153700
21981,h2d,1229600,double,153700
21982,h2d,1229600,double,153700
21983,d2h,2048,double,256
21984,h2d,1229600,double,153700
21985,h2d,1229600,double,153700
21986,h2d,1229600,double,153700
21987,h2d,1229600,double,153700
21988,h2d,1229600,double,153700
21989,h2d,1229600,double,153700
21990,h2d,1229600,double,153700
21991,h2d,1229600,double,153700
21992,h2d,1229600,double,153700
21993,h2d,1229600,double,153700
21994,h2d,1229600,double,153700
21995,h2d,1229600,double,153700
21996,h2d,1229600,double,153700
21997,h2d,1229600,double,153700
21998,h2d,1229600,double,153700
21999,h2d,1229600,double,153700
22000,h2d,1229600,double,153700
22001,h2d,1229600,double,153700
22002,h2d,1229600,double,153700
22003,h2d,1229600,double,153700
22004,h2d,1229600,double,153700
22005,h2d,1229600,double,153700
22006,h2d,1229600,double,153700
22007,h2d,1229600,double,153700
22008,d2h,2048,double,256
22009,h2d,1229600,double,153700
22010,h2d,1229600,double,153700
22011,h2d,1229600,double,153700
22012,h2d,1229600,double,153700
22013,h2d,1229600,double,153700
22014,h2d,1229600,double,153700
22015,h2d,1229600,double,153700
22016,h2d,1229600,double,153700
22017,h2d,1229600,double,153700
22018,h2d,1229600,double,153700
22019,h2d,1229600,double,153700
22020,h2d,1229600,double,153700
22021,h2d,1229600,double,153700
22022,h2d,1229600,double,153700
22023,h2d,1229600,double,153700
22024,h2d,1229600,double,153700
22025,h2d,1229600,double,153700
22026,h2d,1229600,double,153700
22027,h2d,1229600,double,153700
22028,h2d,1229600,double,153700
22029,h2d,1229600,double,153700
22030,h2d,1229600,double,153700
22031,h2d,1229600,double,153700
22032,h2d,1229600,double,153700
22033,d2h,2048,double,256
22034,h2d,1229600,double,153700
22035,h2d,1229600,double,153700
22036,h2d,1229600,double,153700
22037,h2d,1229600,double,153700
22038,h2d,1229600,double,153700
22039,h2d,1229600,double,153700
22040,h2d,1229600,double,153700
22041,h2d,1229600,double,153700
22042,h2d,1229600,double,153700
22043,h2d,1229600,double,153700
22044,h2d,1229600,double,153700
22045,h2d,1229600,double,153700
22046,h2d,1229600,double,153700
22047,h2d,1229600,double,153700
22048,h2d,1229600,double,153700
22049,h2d,1229600,double,153700
22050,h2d,1229600,double,153700
22051,h2d,1229600,double,153700
22052,h2d,1229600,double,153700
22053,h2d,1229600,double,153700
22054,h2d,1229600,double,153700
22055,h2d,1229600,double,153700
22056,h2d,1229600,double,153700
22057,h2d,1229600,double,153700
22058,d2h,2048,double,256
22059,h2d,1229600,double,153700
22060,h2d,1229600,double,153700
22061,h2d,1229600,double,153700
22062,h2d,1229600,double,153700
22063,h2d,1229600,double,153700
22064,h2d,1229600,double,153700
22065,h2d,1229600,double,153700
22066,h2d,1229600,double,153700
22067,h2d,1229600,double,153700
22068,h2d,1229600,double,153700
22069,h2d,1229600,double,153700
22070,h2d,1229600,double,153700
22071,h2d,1229600,double,153700
22072,h2d,1229600,double,153700
22073,h2d,1229600,double,153700
22074,h2d,1229600,double,153700
22075,h2d,1229600,double,153700
22076,h2d,1229600,double,153700
22077,h2d,1229600,double,153700
22078,h2d,1229600,double,153700
22079,h2d,1229600,double,153700
22080,h2d,1229600,double,153700
22081,h2d,1229600,double,153700
22082,h2d,1229600,double,153700
22083,d2h,2048,double,256
22084,h2d,1229600,double,153700
22085,h2d,1229600,double,153700
22086,h2d,1229600,double,153700
22087,h2d,1229600,double,153700
22088,h2d,1229600,double,153700
22089,h2d,1229600,double,153700
22090,h2d,1229600,double,153700
22091,h2d,1229600,double,153700
22092,h2d,1229600,double,153700
22093,h2d,1229600,double,153700
22094,h2d,1229600,double,153700
22095,h2d,1229600,double,153700
22096,h2d,1229600,double,153700
22097,h2d,1229600,double,153700
22098,h2d,1229600,double,153700
22099,h2d,1229600,double,153700
22100,h2d,1229600,double,153700
22101,h2d,1229600,double,153700
22102,h2d,1229600,double,153700
22103,h2d,1229600,double,153700
22104,h2d,1229600,double,153700
22105,h2d,1229600,double,153700
22106,h2d,1229600,double,153700
22107,h2d,1229600,double,153700
22108,d2h,2048,double,256
22109,h2d,1229600,double,153700
22110,h2d,1229600,double,153700
22111,h2d,1229600,double,153700
22112,h2d,1229600,double,153700
22113,h2d,1229600,double,153700
22114,h2d,1229600,double,153700
22115,h2d,1229600,double,153700
22116,h2d,1229600,double,153700
22117,h2d,1229600,double,153700
22118,h2d,1229600,double,153700
22119,h2d,1229600,double,153700
22120,h2d,1229600,double,153700
22121,h2d,1229600,double,153700
22122,h2d,1229600,double,153700
22123,h2d,1229600,double,153700
22124,h2d,1229600,double,153700
22125,h2d,1229600,double,153700
22126,h2d,1229600,double,153700
22127,h2d,1229600,double,153700
22128,h2d,1229600,double,153700
22129,h2d,1229600,double,153700
22130,h2d,1229600,double,153700
22131,h2d,1229600,double,153700
22132,h2d,1229600,double,153700
22133,d2h,2048,double,256
22134,h2d,1229600,double,153700
22135,h2d,1229600,double,153700
22136,h2d,1229600,double,153700
22137,h2d,1229600,double,153700
22138,h2d,1229600,double,153700
22139,h2d,1229600,double,153700
22140,h2d,1229600,double,153700
22141,h2d,1229600,double,153700
22142,h2d,1229600,double,153700
22143,h2d,1229600,double,153700
22144,h2d,1229600,double,153700
22145,h2d,1229600,double,153700
22146,h2d,1229600,double,153700
22147,h2d,1229600,double,153700
22148,h2d,1229600,double,153700
22149,h2d,1229600,double,153700
22150,h2d,1229600,double,153700
22151,h2d,1229600,double,153700
22152,h2d,1229600,double,153700
22153,h2d,1229600,double,153700
22154,h2d,1229600,double,153700
22155,h2d,1229600,double,153700
22156,h2d,1229600,double,153700
22157,h2d,1229600,double,153700
22158,d2h,2048,double,256
22159,h2d,1229600,double,153700
22160,h2d,1229600,double,153700
22161,h2d,1229600,double,153700
22162,h2d,1229600,double,153700
22163,h2d,1229600,double,153700
22164,h2d,1229600,double,153700
22165,h2d,1229600,double,153700
22166,h2d,1229600,double,153700
22167,h2d,1229600,double,153700
22168,h2d,1229600,double,153700
22169,h2d,1229600,double,153700
22170,h2d,1229600,double,153700
22171,h2d,1229600,double,153700
22172,h2d,1229600,double,153700
22173,h2d,1229600,double,153700
22174,h2d,1229600,double,153700
22175,h2d,1229600,double,153700
22176,h2d,1229600,double,153700
22177,h2d,1229600,double,153700
22178,h2d,1229600,double,153700
22179,h2d,1229600,double,153700
22180,h2d,1229600,double,153700
22181,h2d,1229600,double,153700
22182,h2d,1229600,double,153700
22183,d2h,2048,double,256
22184,h2d,1229600,double,153700
22185,h2d,1229600,double,153700
22186,h2d,1229600,double,153700
22187,h2d,1229600,double,153700
22188,h2d,1229600,double,153700
22189,h2d,1229600,double,153700
22190,h2d,1229600,double,153700
22191,h2d,1229600,double,153700
22192,h2d,1229600,double,153700
22193,h2d,1229600,double,153700
22194,h2d,1229600,double,153700
22195,h2d,1229600,double,153700
22196,h2d,1229600,double,153700
22197,h2d,1229600,double,153700
22198,h2d,1229600,double,153700
22199,h2d,1229600,double,153700
22200,d2h,2048,double,256
22201,d2h,2048,double,256
22202,d2h,2048,double,256
22203,d2h,2048,double,256
22204,d2h,2048,double,256
22205,h2d,1229600,double,153700
22206,h2d,1229600,double,153700
22207,h2d,1229600,double,153700
22208,h2d,1229600,double,153700
22209,h2d,1229600,double,153700
22210,h2d,1229600,double,153700
22211,h2d,1229600,double,153700
22212,h2d,1229600,double,153700
22213,d2h,2048,double,256
22214,h2d,1229600,double,153700
22215,h2d,1229600,double,153700
22216,h2d,1229600,double,153700
22217,h2d,1229600,double,153700
22218,h2d,1229600,double,153700
22219,h2d,1229600,double,153700
22220,h2d,1229600,double,153700
22221,h2d,1229600,double,153700
22222,h2d,1229600,double,153700
22223,h2d,1229600,double,153700
22224,h2d,1229600,double,153700
22225,h2d,1229600,double,153700
22226,h2d,1229600,double,153700
22227,h2d,1229600,double,153700
22228,h2d,1229600,double,153700
22229,h2d,1229600,double,153700
22230,h2d,1229600,double,153700
22231,h2d,1229600,double,153700
22232,h2d,1229600,double,153700
22233,h2d,1229600,double,153700
22234,h2d,1229600,double,153700
22235,h2d,1229600,double,153700
22236,h2d,1229600,double,153700
22237,h2d,1229600,double,153700
22238,d2h,2048,double,256
22239,h2d,1229600,double,153700
22240,h2d,1229600,double,153700
22241,h2d,1229600,double,153700
22242,h2d,1229600,double,153700
22243,h2d,1229600,double,153700
22244,h2d,1229600,double,153700
22245,h2d,1229600,double,153700
22246,h2d,1229600,double,153700
22247,h2d,1229600,double,153700
22248,h2d,1229600,double,153700
22249,h2d,1229600,double,153700
22250,h2d,1229600,double,153700
22251,h2d,1229600,double,153700
22252,h2d,1229600,double,153700
22253,h2d,1229600,double,153700
22254,h2d,1229600,double,153700
22255,h2d,1229600,double,153700
22256,h2d,1229600,double,153700
22257,h2d,1229600,double,153700
22258,h2d,1229600,double,153700
22259,h2d,1229600,double,153700
22260,h2d,1229600,double,153700
22261,h2d,1229600,double,153700
22262,h2d,1229600,double,153700
22263,d2h,2048,double,256
22264,h2d,1229600,double,153700
22265,h2d,1229600,double,153700
22266,h2d,1229600,double,153700
22267,h2d,1229600,double,153700
22268,h2d,1229600,double,153700
22269,h2d,1229600,double,153700
22270,h2d,1229600,double,153700
22271,h2d,1229600,double,153700
22272,h2d,1229600,double,153700
22273,h2d,1229600,double,153700
22274,h2d,1229600,double,153700
22275,h2d,1229600,double,153700
22276,h2d,1229600,double,153700
22277,h2d,1229600,double,153700
22278,h2d,1229600,double,153700
22279,h2d,1229600,double,153700
22280,h2d,1229600,double,153700
22281,h2d,1229600,double,153700
22282,h2d,1229600,double,153700
22283,h2d,1229600,double,153700
22284,h2d,1229600,double,153700
22285,h2d,1229600,double,153700
22286,h2d,1229600,double,153700
22287,h2d,1229600,double,153700
22288,d2h,2048,double,256
22289,h2d,1229600,double,153700
22290,h2d,1229600,double,153700
22291,h2d,1229600,double,153700
22292,h2d,1229600,double,153700
22293,h2d,1229600,double,153700
22294,h2d,1229600,double,153700
22295,h2d,1229600,double,153700
22296,h2d,1229600,double,153700
22297,h2d,1229600,double,153700
22298,h2d,1229600,double,153700
22299,h2d,1229600,double,153700
22300,h2d,1229600,double,153700
22301,h2d,1229600,double,153700
22302,h2d,1229600,double,153700
22303,h2d,1229600,double,153700
22304,h2d,1229600,double,153700
22305,h2d,1229600,double,153700
22306,h2d,1229600,double,153700
22307,h2d,1229600,double,153700
22308,h2d,1229600,double,153700
22309,h2d,1229600,double,153700
22310,h2d,1229600,double,153700
22311,h2d,1229600,double,153700
22312,h2d,1229600,double,153700
22313,d2h,2048,double,256
22314,h2d,1229600,double,153700
22315,h2d,1229600,double,153700
22316,h2d,1229600,double,153700
22317,h2d,1229600,double,153700
22318,h2d,1229600,double,153700
22319,h2d,1229600,double,153700
22320,h2d,1229600,double,153700
22321,h2d,1229600,double,153700
22322,h2d,1229600,double,153700
22323,h2d,1229600,double,153700
22324,h2d,1229600,double,153700
22325,h2d,1229600,double,153700
22326,h2d,1229600,double,153700
22327,h2d,1229600,double,153700
22328,h2d,1229600,double,153700
22329,h2d,1229600,double,153700
22330,h2d,1229600,double,153700
22331,h2d,1229600,double,153700
22332,h2d,1229600,double,153700
22333,h2d,1229600,double,153700
22334,h2d,1229600,double,153700
22335,h2d,1229600,double,153700
22336,h2d,1229600,double,153700
22337,h2d,1229600,double,153700
22338,d2h,2048,double,256
22339,h2d,1229600,double,153700
22340,h2d,1229600,double,153700
22341,h2d,1229600,double,153700
22342,h2d,1229600,double,153700
22343,h2d,1229600,double,153700
22344,h2d,1229600,double,153700
22345,h2d,1229600,double,153700
22346,h2d,1229600,double,153700
22347,h2d,1229600,double,153700
22348,h2d,1229600,double,153700
22349,h2d,1229600,double,153700
22350,h2d,1229600,double,153700
22351,h2d,1229600,double,153700
22352,h2d,1229600,double,153700
22353,h2d,1229600,double,153700
22354,h2d,1229600,double,153700
22355,h2d,1229600,double,153700
22356,h2d,1229600,double,153700
22357,h2d,1229600,double,153700
22358,h2d,1229600,double,153700
22359,h2d,1229600,double,153700
22360,h2d,1229600,double,153700
22361,h2d,1229600,double,153700
22362,h2d,1229600,double,153700
22363,d2h,2048,double,256
22364,h2d,1229600,double,153700
22365,h2d,1229600,double,153700
22366,h2d,1229600,double,153700
22367,h2d,1229600,double,153700
22368,h2d,1229600,double,153700
22369,h2d,1229600,double,153700
22370,h2d,1229600,double,153700
22371,h2d,1229600,double,153700
22372,h2d,1229600,double,153700
22373,h2d,1229600,double,153700
22374,h2d,1229600,double,153700
22375,h2d,1229600,double,153700
22376,h2d,1229600,double,153700
22377,h2d,1229600,double,153700
22378,h2d,1229600,double,153700
22379,h2d,1229600,double,153700
22380,h2d,1229600,double,153700
22381,h2d,1229600,double,153700
22382,h2d,1229600,double,153700
22383,h2d,1229600,double,153700
22384,h2d,1229600,double,153700
22385,h2d,1229600,double,153700
22386,h2d,1229600,double,153700
22387,h2d,1229600,double,153700
22388,d2h,2048,double,256
22389,h2d,1229600,double,153700
22390,h2d,1229600,double,153700
22391,h2d,1229600,double,153700
22392,h2d,1229600,double,153700
22393,h2d,1229600,double,153700
22394,h2d,1229600,double,153700
22395,h2d,1229600,double,153700
22396,h2d,1229600,double,153700
22397,h2d,1229600,double,153700
22398,h2d,1229600,double,153700
22399,h2d,1229600,double,153700
22400,h2d,1229600,double,153700
22401,h2d,1229600,double,153700
22402,h2d,1229600,double,153700
22403,h2d,1229600,double,153700
22404,h2d,1229600,double,153700
22405,h2d,1229600,double,153700
22406,h2d,1229600,double,153700
22407,h2d,1229600,double,153700
22408,h2d,1229600,double,153700
22409,h2d,1229600,double,153700
22410,h2d,1229600,double,153700
22411,h2d,1229600,double,153700
22412,h2d,1229600,double,153700
22413,d2h,2048,double,256
22414,h2d,1229600,double,153700
22415,h2d,1229600,double,153700
22416,h2d,1229600,double,153700
22417,h2d,1229600,double,153700
22418,h2d,1229600,double,153700
22419,h2d,1229600,double,153700
22420,h2d,1229600,double,153700
22421,h2d,1229600,double,153700
22422,h2d,1229600,double,153700
22423,h2d,1229600,double,153700
22424,h2d,1229600,double,153700
22425,h2d,1229600,double,153700
22426,h2d,1229600,double,153700
22427,h2d,1229600,double,153700
22428,h2d,1229600,double,153700
22429,h2d,1229600,double,153700
22430,h2d,1229600,double,153700
22431,h2d,1229600,double,153700
22432,h2d,1229600,double,153700
22433,h2d,1229600,double,153700
22434,h2d,1229600,double,153700
22435,h2d,1229600,double,153700
22436,h2d,1229600,double,153700
22437,h2d,1229600,double,153700
22438,d2h,2048,double,256
22439,h2d,1229600,double,153700
22440,h2d,1229600,double,153700
22441,h2d,1229600,double,153700
22442,h2d,1229600,double,153700
22443,h2d,1229600,double,153700
22444,h2d,1229600,double,153700
22445,h2d,1229600,double,153700
22446,h2d,1229600,double,153700
22447,h2d,1229600,double,153700
22448,h2d,1229600,double,153700
22449,h2d,1229600,double,153700
22450,h2d,1229600,double,153700
22451,h2d,1229600,double,153700
22452,h2d,1229600,double,153700
22453,h2d,1229600,double,153700
22454,h2d,1229600,double,153700
22455,d2h,2048,double,256
22456,d2h,2048,double,256
22457,d2h,2048,double,256
22458,d2h,2048,double,256
22459,d2h,2048,double,256
22460,h2d,1229600,double,153700
22461,h2d,1229600,double,153700
22462,h2d,1229600,double,153700
22463,h2d,1229600,double,153700
22464,h2d,1229600,double,153700
22465,h2d,1229600,double,153700
22466,h2d,1229600,double,153700
22467,h2d,1229600,double,153700
22468,d2h,2048,double,256
22469,h2d,1229600,double,153700
22470,h2d,1229600,double,153700
22471,h2d,1229600,double,153700
22472,h2d,1229600,double,153700
22473,h2d,1229600,double,153700
22474,h2d,1229600,double,153700
22475,h2d,1229600,double,153700
22476,h2d,1229600,double,153700
22477,h2d,1229600,double,153700
22478,h2d,1229600,double,153700
22479,h2d,1229600,double,153700
22480,h2d,1229600,double,153700
22481,h2d,1229600,double,153700
22482,h2d,1229600,double,153700
22483,h2d,1229600,double,153700
22484,h2d,1229600,double,153700
22485,h2d,1229600,double,153700
22486,h2d,1229600,double,153700
22487,h2d,1229600,double,153700
22488,h2d,1229600,double,153700
22489,h2d,1229600,double,153700
22490,h2d,1229600,double,153700
22491,h2d,1229600,double,153700
22492,h2d,1229600,double,153700
22493,d2h,2048,double,256
22494,h2d,1229600,double,153700
22495,h2d,1229600,double,153700
22496,h2d,1229600,double,153700
22497,h2d,1229600,double,153700
22498,h2d,1229600,double,153700
22499,h2d,1229600,double,153700
22500,h2d,1229600,double,153700
22501,h2d,1229600,double,153700
22502,h2d,1229600,double,153700
22503,h2d,1229600,double,153700
22504,h2d,1229600,double,153700
22505,h2d,1229600,double,153700
22506,h2d,1229600,double,153700
22507,h2d,1229600,double,153700
22508,h2d,1229600,double,153700
22509,h2d,1229600,double,153700
22510,h2d,1229600,double,153700
22511,h2d,1229600,double,153700
22512,h2d,1229600,double,153700
22513,h2d,1229600,double,153700
22514,h2d,1229600,double,153700
22515,h2d,1229600,double,153700
22516,h2d,1229600,double,153700
22517,h2d,1229600,double,153700
22518,d2h,2048,double,256
22519,h2d,1229600,double,153700
22520,h2d,1229600,double,153700
22521,h2d,1229600,double,153700
22522,h2d,1229600,double,153700
22523,h2d,1229600,double,153700
22524,h2d,1229600,double,153700
22525,h2d,1229600,double,153700
22526,h2d,1229600,double,153700
22527,h2d,1229600,double,153700
22528,h2d,1229600,double,153700
22529,h2d,1229600,double,153700
22530,h2d,1229600,double,153700
22531,h2d,1229600,double,153700
22532,h2d,1229600,double,153700
22533,h2d,1229600,double,153700
22534,h2d,1229600,double,153700
22535,h2d,1229600,double,153700
22536,h2d,1229600,double,153700
22537,h2d,1229600,double,153700
22538,h2d,1229600,double,153700
22539,h2d,1229600,double,153700
22540,h2d,1229600,double,153700
22541,h2d,1229600,double,153700
22542,h2d,1229600,double,153700
22543,d2h,2048,double,256
22544,h2d,1229600,double,153700
22545,h2d,1229600,double,153700
22546,h2d,1229600,double,153700
22547,h2d,1229600,double,153700
22548,h2d,1229600,double,153700
22549,h2d,1229600,double,153700
22550,h2d,1229600,double,153700
22551,h2d,1229600,double,153700
22552,h2d,1229600,double,153700
22553,h2d,1229600,double,153700
22554,h2d,1229600,double,153700
22555,h2d,1229600,double,153700
22556,h2d,1229600,double,153700
22557,h2d,1229600,double,153700
22558,h2d,1229600,double,153700
22559,h2d,1229600,double,153700
22560,h2d,1229600,double,153700
22561,h2d,1229600,double,153700
22562,h2d,1229600,double,153700
22563,h2d,1229600,double,153700
22564,h2d,1229600,double,153700
22565,h2d,1229600,double,153700
22566,h2d,1229600,double,153700
22567,h2d,1229600,double,153700
22568,d2h,2048,double,256
22569,h2d,1229600,double,153700
22570,h2d,1229600,double,153700
22571,h2d,1229600,double,153700
22572,h2d,1229600,double,153700
22573,h2d,1229600,double,153700
22574,h2d,1229600,double,153700
22575,h2d,1229600,double,153700
22576,h2d,1229600,double,153700
22577,h2d,1229600,double,153700
22578,h2d,1229600,double,153700
22579,h2d,1229600,double,153700
22580,h2d,1229600,double,153700
22581,h2d,1229600,double,153700
22582,h2d,1229600,double,153700
22583,h2d,1229600,double,153700
22584,h2d,1229600,double,153700
22585,h2d,1229600,double,153700
22586,h2d,1229600,double,153700
22587,h2d,1229600,double,153700
22588,h2d,1229600,double,153700
22589,h2d,1229600,double,153700
22590,h2d,1229600,double,153700
22591,h2d,1229600,double,153700
22592,h2d,1229600,double,153700
22593,d2h,2048,double,256
22594,h2d,1229600,double,153700
22595,h2d,1229600,double,153700
22596,h2d,1229600,double,153700
22597,h2d,1229600,double,153700
22598,h2d,1229600,double,153700
22599,h2d,1229600,double,153700
22600,h2d,1229600,double,153700
22601,h2d,1229600,double,153700
22602,h2d,1229600,double,153700
22603,h2d,1229600,double,153700
22604,h2d,1229600,double,153700
22605,h2d,1229600,double,153700
22606,h2d,1229600,double,153700
22607,h2d,1229600,double,153700
22608,h2d,1229600,double,153700
22609,h2d,1229600,double,153700
22610,h2d,1229600,double,153700
22611,h2d,1229600,double,153700
22612,h2d,1229600,double,153700
22613,h2d,1229600,double,153700
22614,h2d,1229600,double,153700
22615,h2d,1229600,double,153700
22616,h2d,1229600,double,153700
22617,h2d,1229600,double,153700
22618,d2h,2048,double,256
22619,h2d,1229600,double,153700
22620,h2d,1229600,double,153700
22621,h2d,1229600,double,153700
22622,h2d,1229600,double,153700
22623,h2d,1229600,double,153700
22624,h2d,1229600,double,153700
22625,h2d,1229600,double,153700
22626,h2d,1229600,double,153700
22627,h2d,1229600,double,153700
22628,h2d,1229600,double,153700
22629,h2d,1229600,double,153700
22630,h2d,1229600,double,153700
22631,h2d,1229600,double,153700
22632,h2d,1229600,double,153700
22633,h2d,1229600,double,153700
22634,h2d,1229600,double,153700
22635,h2d,1229600,double,153700
22636,h2d,1229600,double,153700
22637,h2d,1229600,double,153700
22638,h2d,1229600,double,153700
22639,h2d,1229600,double,153700
22640,h2d,1229600,double,153700
22641,h2d,1229600,double,153700
22642,h2d,1229600,double,153700
22643,d2h,2048,double,256
22644,h2d,1229600,double,153700
22645,h2d,1229600,double,153700
22646,h2d,1229600,double,153700
22647,h2d,1229600,double,153700
22648,h2d,1229600,double,153700
22649,h2d,1229600,double,153700
22650,h2d,1229600,double,153700
22651,h2d,1229600,double,153700
22652,h2d,1229600,double,153700
22653,h2d,1229600,double,153700
22654,h2d,1229600,double,153700
22655,h2d,1229600,double,153700
22656,h2d,1229600,double,153700
22657,h2d,1229600,double,153700
22658,h2d,1229600,double,153700
22659,h2d,1229600,double,153700
22660,h2d,1229600,double,153700
22661,h2d,1229600,double,153700
22662,h2d,1229600,double,153700
22663,h2d,1229600,double,153700
22664,h2d,1229600,double,153700
22665,h2d,1229600,double,153700
22666,h2d,1229600,double,153700
22667,h2d,1229600,double,153700
22668,d2h,2048,double,256
22669,h2d,1229600,double,153700
22670,h2d,1229600,double,153700
22671,h2d,1229600,double,153700
22672,h2d,1229600,double,153700
22673,h2d,1229600,double,153700
22674,h2d,1229600,double,153700
22675,h2d,1229600,double,153700
22676,h2d,1229600,double,153700
22677,h2d,1229600,double,153700
22678,h2d,1229600,double,153700
22679,h2d,1229600,double,153700
22680,h2d,1229600,double,153700
22681,h2d,1229600,double,153700
22682,h2d,1229600,double,153700
22683,h2d,1229600,double,153700
22684,h2d,1229600,double,153700
22685,h2d,1229600,double,153700
22686,h2d,1229600,double,153700
22687,h2d,1229600,double,153700
22688,h2d,1229600,double,153700
22689,h2d,1229600,double,153700
22690,h2d,1229600,double,153700
22691,h2d,1229600,double,153700
22692,h2d,1229600,double,153700
22693,d2h,2048,double,256
22694,h2d,1229600,double,153700
22695,h2d,1229600,double,153700
22696,h2d,1229600,double,153700
22697,h2d,1229600,double,153700
22698,h2d,1229600,double,153700
22699,h2d,1229600,double,153700
22700,h2d,1229600,double,153700
22701,h2d,1229600,double,153700
22702,h2d,1229600,double,153700
22703,h2d,1229600,double,153700
22704,h2d,1229600,double,153700
22705,h2d,1229600,double,153700
22706,h2d,1229600,double,153700
22707,h2d,1229600,double,153700
22708,h2d,1229600,double,153700
22709,h2d,1229600,double,153700
22710,d2h,2048,double,256
22711,d2h,2048,double,256
22712,d2h,2048,double,256
22713,d2h,2048,double,256
22714,d2h,2048,double,256
22715,h2d,1229600,double,153700
22716,h2d,1229600,double,153700
22717,h2d,1229600,double,153700
22718,h2d,1229600,double,153700
22719,h2d,1229600,double,153700
22720,h2d,1229600,double,153700
22721,h2d,1229600,double,153700
22722,h2d,1229600,double,153700
22723,d2h,2048,double,256
22724,h2d,1229600,double,153700
22725,h2d,1229600,double,153700
22726,h2d,1229600,double,153700
22727,h2d,1229600,double,153700
22728,h2d,1229600,double,153700
22729,h2d,1229600,double,153700
22730,h2d,1229600,double,153700
22731,h2d,1229600,double,153700
22732,h2d,1229600,double,153700
22733,h2d,1229600,double,153700
22734,h2d,1229600,double,153700
22735,h2d,1229600,double,153700
22736,h2d,1229600,double,153700
22737,h2d,1229600,double,153700
22738,h2d,1229600,double,153700
22739,h2d,1229600,double,153700
22740,h2d,1229600,double,153700
22741,h2d,1229600,double,153700
22742,h2d,1229600,double,153700
22743,h2d,1229600,double,153700
22744,h2d,1229600,double,153700
22745,h2d,1229600,double,153700
22746,h2d,1229600,double,153700
22747,h2d,1229600,double,153700
22748,d2h,2048,double,256
22749,h2d,1229600,double,153700
22750,h2d,1229600,double,153700
22751,h2d,1229600,double,153700
22752,h2d,1229600,double,153700
22753,h2d,1229600,double,153700
22754,h2d,1229600,double,153700
22755,h2d,1229600,double,153700
22756,h2d,1229600,double,153700
22757,h2d,1229600,double,153700
22758,h2d,1229600,double,153700
22759,h2d,1229600,double,153700
22760,h2d,1229600,double,153700
22761,h2d,1229600,double,153700
22762,h2d,1229600,double,153700
22763,h2d,1229600,double,153700
22764,h2d,1229600,double,153700
22765,h2d,1229600,double,153700
22766,h2d,1229600,double,153700
22767,h2d,1229600,double,153700
22768,h2d,1229600,double,153700
22769,h2d,1229600,double,153700
22770,h2d,1229600,double,153700
22771,h2d,1229600,double,153700
22772,h2d,1229600,double,153700
22773,d2h,2048,double,256
22774,h2d,1229600,double,153700
22775,h2d,1229600,double,153700
22776,h2d,1229600,double,153700
22777,h2d,1229600,double,153700
22778,h2d,1229600,double,153700
22779,h2d,1229600,double,153700
22780,h2d,1229600,double,153700
22781,h2d,1229600,double,153700
22782,h2d,1229600,double,153700
22783,h2d,1229600,double,153700
22784,h2d,1229600,double,153700
22785,h2d,1229600,double,153700
22786,h2d,1229600,double,153700
22787,h2d,1229600,double,153700
22788,h2d,1229600,double,153700
22789,h2d,1229600,double,153700
22790,h2d,1229600,double,153700
22791,h2d,1229600,double,153700
22792,h2d,1229600,double,153700
22793,h2d,1229600,double,153700
22794,h2d,1229600,double,153700
22795,h2d,1229600,double,153700
22796,h2d,1229600,double,153700
22797,h2d,1229600,double,153700
22798,d2h,2048,double,256
22799,h2d,1229600,double,153700
22800,h2d,1229600,double,153700
22801,h2d,1229600,double,153700
22802,h2d,1229600,double,153700
22803,h2d,1229600,double,153700
22804,h2d,1229600,double,153700
22805,h2d,1229600,double,153700
22806,h2d,1229600,double,153700
22807,h2d,1229600,double,153700
22808,h2d,1229600,double,153700
22809,h2d,1229600,double,153700
22810,h2d,1229600,double,153700
22811,h2d,1229600,double,153700
22812,h2d,1229600,double,153700
22813,h2d,1229600,double,153700
22814,h2d,1229600,double,153700
22815,h2d,1229600,double,153700
22816,h2d,1229600,double,153700
22817,h2d,1229600,double,153700
22818,h2d,1229600,double,153700
22819,h2d,1229600,double,153700
22820,h2d,1229600,double,153700
22821,h2d,1229600,double,153700
22822,h2d,1229600,double,153700
22823,d2h,2048,double,256
22824,h2d,1229600,double,153700
22825,h2d,1229600,double,153700
22826,h2d,1229600,double,153700
22827,h2d,1229600,double,153700
22828,h2d,1229600,double,153700
22829,h2d,1229600,double,153700
22830,h2d,1229600,double,153700
22831,h2d,1229600,double,153700
22832,h2d,1229600,double,153700
22833,h2d,1229600,double,153700
22834,h2d,1229600,double,153700
22835,h2d,1229600,double,153700
22836,h2d,1229600,double,153700
22837,h2d,1229600,double,153700
22838,h2d,1229600,double,153700
22839,h2d,1229600,double,153700
22840,h2d,1229600,double,153700
22841,h2d,1229600,double,153700
22842,h2d,1229600,double,153700
22843,h2d,1229600,double,153700
22844,h2d,1229600,double,153700
22845,h2d,1229600,double,153700
22846,h2d,1229600,double,153700
22847,h2d,1229600,double,153700
22848,d2h,2048,double,256
22849,h2d,1229600,double,153700
22850,h2d,1229600,double,153700
22851,h2d,1229600,double,153700
22852,h2d,1229600,double,153700
22853,h2d,1229600,double,153700
22854,h2d,1229600,double,153700
22855,h2d,1229600,double,153700
22856,h2d,1229600,double,153700
22857,h2d,1229600,double,153700
22858,h2d,1229600,double,153700
22859,h2d,1229600,double,153700
22860,h2d,1229600,double,153700
22861,h2d,1229600,double,153700
22862,h2d,1229600,double,153700
22863,h2d,1229600,double,153700
22864,h2d,1229600,double,153700
22865,h2d,1229600,double,153700
22866,h2d,1229600,double,153700
22867,h2d,1229600,double,153700
22868,h2d,1229600,double,153700
22869,h2d,1229600,double,153700
22870,h2d,1229600,double,153700
22871,h2d,1229600,double,153700
22872,h2d,1229600,double,153700
22873,d2h,2048,double,256
22874,h2d,1229600,double,153700
22875,h2d,1229600,double,153700
22876,h2d,1229600,double,153700
22877,h2d,1229600,double,153700
22878,h2d,1229600,double,153700
22879,h2d,1229600,double,153700
22880,h2d,1229600,double,153700
22881,h2d,1229600,double,153700
22882,h2d,1229600,double,153700
22883,h2d,1229600,double,153700
22884,h2d,1229600,double,153700
22885,h2d,1229600,double,153700
22886,h2d,1229600,double,153700
22887,h2d,1229600,double,153700
22888,h2d,1229600,double,153700
22889,h2d,1229600,double,153700
22890,h2d,1229600,double,153700
22891,h2d,1229600,double,153700
22892,h2d,1229600,double,153700
22893,h2d,1229600,double,153700
22894,h2d,1229600,double,153700
22895,h2d,1229600,double,153700
22896,h2d,1229600,double,153700
22897,h2d,1229600,double,153700
22898,d2h,2048,double,256
22899,h2d,1229600,double,153700
22900,h2d,1229600,double,153700
22901,h2d,1229600,double,153700
22902,h2d,1229600,double,153700
22903,h2d,1229600,double,153700
22904,h2d,1229600,double,153700
22905,h2d,1229600,double,153700
22906,h2d,1229600,double,153700
22907,h2d,1229600,double,153700
22908,h2d,1229600,double,153700
22909,h2d,1229600,double,153700
22910,h2d,1229600,double,153700
22911,h2d,1229600,double,153700
22912,h2d,1229600,double,153700
22913,h2d,1229600,double,153700
22914,h2d,1229600,double,153700
22915,h2d,1229600,double,153700
22916,h2d,1229600,double,153700
22917,h2d,1229600,double,153700
22918,h2d,1229600,double,153700
22919,h2d,1229600,double,153700
22920,h2d,1229600,double,153700
22921,h2d,1229600,double,153700
22922,h2d,1229600,double,153700
22923,d2h,2048,double,256
22924,h2d,1229600,double,153700
22925,h2d,1229600,double,153700
22926,h2d,1229600,double,153700
22927,h2d,1229600,double,153700
22928,h2d,1229600,double,153700
22929,h2d,1229600,double,153700
22930,h2d,1229600,double,153700
22931,h2d,1229600,double,153700
22932,h2d,1229600,double,153700
22933,h2d,1229600,double,153700
22934,h2d,1229600,double,153700
22935,h2d,1229600,double,153700
22936,h2d,1229600,double,153700
22937,h2d,1229600,double,153700
22938,h2d,1229600,double,153700
22939,h2d,1229600,double,153700
22940,h2d,1229600,double,153700
22941,h2d,1229600,double,153700
22942,h2d,1229600,double,153700
22943,h2d,1229600,double,153700
22944,h2d,1229600,double,153700
22945,h2d,1229600,double,153700
22946,h2d,1229600,double,153700
22947,h2d,1229600,double,153700
22948,d2h,2048,double,256
22949,h2d,1229600,double,153700
22950,h2d,1229600,double,153700
22951,h2d,1229600,double,153700
22952,h2d,1229600,double,153700
22953,h2d,1229600,double,153700
22954,h2d,1229600,double,153700
22955,h2d,1229600,double,153700
22956,h2d,1229600,double,153700
22957,h2d,1229600,double,153700
22958,h2d,1229600,double,153700
22959,h2d,1229600,double,153700
22960,h2d,1229600,double,153700
22961,h2d,1229600,double,153700
22962,h2d,1229600,double,153700
22963,h2d,1229600,double,153700
22964,h2d,1229600,double,153700
22965,d2h,2048,double,256
22966,d2h,2048,double,256
22967,d2h,2048,double,256
22968,d2h,2048,double,256
22969,d2h,2048,double,256
22970,h2d,1229600,double,153700
22971,h2d,1229600,double,153700
22972,h2d,1229600,double,153700
22973,h2d,1229600,double,153700
22974,h2d,1229600,double,153700
22975,h2d,1229600,double,153700
22976,h2d,1229600,double,153700
22977,h2d,1229600,double,153700
22978,d2h,2048,double,256
22979,h2d,1229600,double,153700
22980,h2d,1229600,double,153700
22981,h2d,1229600,double,153700
22982,h2d,1229600,double,153700
22983,h2d,1229600,double,153700
22984,h2d,1229600,double,153700
22985,h2d,1229600,double,153700
22986,h2d,1229600,double,153700
22987,h2d,1229600,double,153700
22988,h2d,1229600,double,153700
22989,h2d,1229600,double,153700
22990,h2d,1229600,double,153700
22991,h2d,1229600,double,153700
22992,h2d,1229600,double,153700
22993,h2d,1229600,double,153700
22994,h2d,1229600,double,153700
22995,h2d,1229600,double,153700
22996,h2d,1229600,double,153700
22997,h2d,1229600,double,153700
22998,h2d,1229600,double,153700
22999,h2d,1229600,double,153700
23000,h2d,1229600,double,153700
23001,h2d,1229600,double,153700
23002,h2d,1229600,double,153700
23003,d2h,2048,double,256
23004,h2d,1229600,double,153700
23005,h2d,1229600,double,153700
23006,h2d,1229600,double,153700
23007,h2d,1229600,double,153700
23008,h2d,1229600,double,153700
23009,h2d,1229600,double,153700
23010,h2d,1229600,double,153700
23011,h2d,1229600,double,153700
23012,h2d,1229600,double,153700
23013,h2d,1229600,double,153700
23014,h2d,1229600,double,153700
23015,h2d,1229600,double,153700
23016,h2d,1229600,double,153700
23017,h2d,1229600,double,153700
23018,h2d,1229600,double,153700
23019,h2d,1229600,double,153700
23020,h2d,1229600,double,153700
23021,h2d,1229600,double,153700
23022,h2d,1229600,double,153700
23023,h2d,1229600,double,153700
23024,h2d,1229600,double,153700
23025,h2d,1229600,double,153700
23026,h2d,1229600,double,153700
23027,h2d,1229600,double,153700
23028,d2h,2048,double,256
23029,h2d,1229600,double,153700
23030,h2d,1229600,double,153700
23031,h2d,1229600,double,153700
23032,h2d,1229600,double,153700
23033,h2d,1229600,double,153700
23034,h2d,1229600,double,153700
23035,h2d,1229600,double,153700
23036,h2d,1229600,double,153700
23037,h2d,1229600,double,153700
23038,h2d,1229600,double,153700
23039,h2d,1229600,double,153700
23040,h2d,1229600,double,153700
23041,h2d,1229600,double,153700
23042,h2d,1229600,double,153700
23043,h2d,1229600,double,153700
23044,h2d,1229600,double,153700
23045,h2d,1229600,double,153700
23046,h2d,1229600,double,153700
23047,h2d,1229600,double,153700
23048,h2d,1229600,double,153700
23049,h2d,1229600,double,153700
23050,h2d,1229600,double,153700
23051,h2d,1229600,double,153700
23052,h2d,1229600,double,153700
23053,d2h,2048,double,256
23054,h2d,1229600,double,153700
23055,h2d,1229600,double,153700
23056,h2d,1229600,double,153700
23057,h2d,1229600,double,153700
23058,h2d,1229600,double,153700
23059,h2d,1229600,double,153700
23060,h2d,1229600,double,153700
23061,h2d,1229600,double,153700
23062,h2d,1229600,double,153700
23063,h2d,1229600,double,153700
23064,h2d,1229600,double,153700
23065,h2d,1229600,double,153700
23066,h2d,1229600,double,153700
23067,h2d,1229600,double,153700
23068,h2d,1229600,double,153700
23069,h2d,1229600,double,153700
23070,h2d,1229600,double,153700
23071,h2d,1229600,double,153700
23072,h2d,1229600,double,153700
23073,h2d,1229600,double,153700
23074,h2d,1229600,double,153700
23075,h2d,1229600,double,153700
23076,h2d,1229600,double,153700
23077,h2d,1229600,double,153700
23078,d2h,2048,double,256
23079,h2d,1229600,double,153700
23080,h2d,1229600,double,153700
23081,h2d,1229600,double,153700
23082,h2d,1229600,double,153700
23083,h2d,1229600,double,153700
23084,h2d,1229600,double,153700
23085,h2d,1229600,double,153700
23086,h2d,1229600,double,153700
23087,h2d,1229600,double,153700
23088,h2d,1229600,double,153700
23089,h2d,1229600,double,153700
23090,h2d,1229600,double,153700
23091,h2d,1229600,double,153700
23092,h2d,1229600,double,153700
23093,h2d,1229600,double,153700
23094,h2d,1229600,double,153700
23095,h2d,1229600,double,153700
23096,h2d,1229600,double,153700
23097,h2d,1229600,double,153700
23098,h2d,1229600,double,153700
23099,h2d,1229600,double,153700
23100,h2d,1229600,double,153700
23101,h2d,1229600,double,153700
23102,h2d,1229600,double,153700
23103,d2h,2048,double,256
23104,h2d,1229600,double,153700
23105,h2d,1229600,double,153700
23106,h2d,1229600,double,153700
23107,h2d,1229600,double,153700
23108,h2d,1229600,double,153700
23109,h2d,1229600,double,153700
23110,h2d,1229600,double,153700
23111,h2d,1229600,double,153700
23112,h2d,1229600,double,153700
23113,h2d,1229600,double,153700
23114,h2d,1229600,double,153700
23115,h2d,1229600,double,153700
23116,h2d,1229600,double,153700
23117,h2d,1229600,double,153700
23118,h2d,1229600,double,153700
23119,h2d,1229600,double,153700
23120,h2d,1229600,double,153700
23121,h2d,1229600,double,153700
23122,h2d,1229600,double,153700
23123,h2d,1229600,double,153700
23124,h2d,1229600,double,153700
23125,h2d,1229600,double,153700
23126,h2d,1229600,double,153700
23127,h2d,1229600,double,153700
23128,d2h,2048,double,256
23129,h2d,1229600,double,153700
23130,h2d,1229600,double,153700
23131,h2d,1229600,double,153700
23132,h2d,1229600,double,153700
23133,h2d,1229600,double,153700
23134,h2d,1229600,double,153700
23135,h2d,1229600,double,153700
23136,h2d,1229600,double,153700
23137,h2d,1229600,double,153700
23138,h2d,1229600,double,153700
23139,h2d,1229600,double,153700
23140,h2d,1229600,double,153700
23141,h2d,1229600,double,153700
23142,h2d,1229600,double,153700
23143,h2d,1229600,double,153700
23144,h2d,1229600,double,153700
23145,h2d,1229600,double,153700
23146,h2d,1229600,double,153700
23147,h2d,1229600,double,153700
23148,h2d,1229600,double,153700
23149,h2d,1229600,double,153700
23150,h2d,1229600,double,153700
23151,h2d,1229600,double,153700
23152,h2d,1229600,double,153700
23153,d2h,2048,double,256
23154,h2d,1229600,double,153700
23155,h2d,1229600,double,153700
23156,h2d,1229600,double,153700
23157,h2d,1229600,double,153700
23158,h2d,1229600,double,153700
23159,h2d,1229600,double,153700
23160,h2d,1229600,double,153700
23161,h2d,1229600,double,153700
23162,h2d,1229600,double,153700
23163,h2d,1229600,double,153700
23164,h2d,1229600,double,153700
23165,h2d,1229600,double,153700
23166,h2d,1229600,double,153700
23167,h2d,1229600,double,153700
23168,h2d,1229600,double,153700
23169,h2d,1229600,double,153700
23170,h2d,1229600,double,153700
23171,h2d,1229600,double,153700
23172,h2d,1229600,double,153700
23173,h2d,1229600,double,153700
23174,h2d,1229600,double,153700
23175,h2d,1229600,double,153700
23176,h2d,1229600,double,153700
23177,h2d,1229600,double,153700
23178,d2h,2048,double,256
23179,h2d,1229600,double,153700
23180,h2d,1229600,double,153700
23181,h2d,1229600,double,153700
23182,h2d,1229600,double,153700
23183,h2d,1229600,double,153700
23184,h2d,1229600,double,153700
23185,h2d,1229600,double,153700
23186,h2d,1229600,double,153700
23187,h2d,1229600,double,153700
23188,h2d,1229600,double,153700
23189,h2d,1229600,double,153700
23190,h2d,1229600,double,153700
23191,h2d,1229600,double,153700
23192,h2d,1229600,double,153700
23193,h2d,1229600,double,153700
23194,h2d,1229600,double,153700
23195,h2d,1229600,double,153700
23196,h2d,1229600,double,153700
23197,h2d,1229600,double,153700
23198,h2d,1229600,double,153700
23199,h2d,1229600,double,153700
23200,h2d,1229600,double,153700
23201,h2d,1229600,double,153700
23202,h2d,1229600,double,153700
23203,d2h,2048,double,256
23204,h2d,1229600,double,153700
23205,h2d,1229600,double,153700
23206,h2d,1229600,double,153700
23207,h2d,1229600,double,153700
23208,h2d,1229600,double,153700
23209,h2d,1229600,double,153700
23210,h2d,1229600,double,153700
23211,h2d,1229600,double,153700
23212,h2d,1229600,double,153700
23213,h2d,1229600,double,153700
23214,h2d,1229600,double,153700
23215,h2d,1229600,double,153700
23216,h2d,1229600,double,153700
23217,h2d,1229600,double,153700
23218,h2d,1229600,double,153700
23219,h2d,1229600,double,153700
23220,d2h,2048,double,256
23221,d2h,2048,double,256
23222,d2h,2048,double,256
23223,d2h,2048,double,256
23224,d2h,2048,double,256
23225,h2d,1229600,double,153700
23226,h2d,1229600,double,153700
23227,h2d,1229600,double,153700
23228,h2d,1229600,double,153700
23229,h2d,1229600,double,153700
23230,h2d,1229600,double,153700
23231,h2d,1229600,double,153700
23232,h2d,1229600,double,153700
23233,d2h,2048,double,256
23234,h2d,1229600,double,153700
23235,h2d,1229600,double,153700
23236,h2d,1229600,double,153700
23237,h2d,1229600,double,153700
23238,h2d,1229600,double,153700
23239,h2d,1229600,double,153700
23240,h2d,1229600,double,153700
23241,h2d,1229600,double,153700
23242,h2d,1229600,double,153700
23243,h2d,1229600,double,153700
23244,h2d,1229600,double,153700
23245,h2d,1229600,double,153700
23246,h2d,1229600,double,153700
23247,h2d,1229600,double,153700
23248,h2d,1229600,double,153700
23249,h2d,1229600,double,153700
23250,h2d,1229600,double,153700
23251,h2d,1229600,double,153700
23252,h2d,1229600,double,153700
23253,h2d,1229600,double,153700
23254,h2d,1229600,double,153700
23255,h2d,1229600,double,153700
23256,h2d,1229600,double,153700
23257,h2d,1229600,double,153700
23258,d2h,2048,double,256
23259,h2d,1229600,double,153700
23260,h2d,1229600,double,153700
23261,h2d,1229600,double,153700
23262,h2d,1229600,double,153700
23263,h2d,1229600,double,153700
23264,h2d,1229600,double,153700
23265,h2d,1229600,double,153700
23266,h2d,1229600,double,153700
23267,h2d,1229600,double,153700
23268,h2d,1229600,double,153700
23269,h2d,1229600,double,153700
23270,h2d,1229600,double,153700
23271,h2d,1229600,double,153700
23272,h2d,1229600,double,153700
23273,h2d,1229600,double,153700
23274,h2d,1229600,double,153700
23275,h2d,1229600,double,153700
23276,h2d,1229600,double,153700
23277,h2d,1229600,double,153700
23278,h2d,1229600,double,153700
23279,h2d,1229600,double,153700
23280,h2d,1229600,double,153700
23281,h2d,1229600,double,153700
23282,h2d,1229600,double,153700
23283,d2h,2048,double,256
23284,h2d,1229600,double,153700
23285,h2d,1229600,double,153700
23286,h2d,1229600,double,153700
23287,h2d,1229600,double,153700
23288,h2d,1229600,double,153700
23289,h2d,1229600,double,153700
23290,h2d,1229600,double,153700
23291,h2d,1229600,double,153700
23292,h2d,1229600,double,153700
23293,h2d,1229600,double,153700
23294,h2d,1229600,double,153700
23295,h2d,1229600,double,153700
23296,h2d,1229600,double,153700
23297,h2d,1229600,double,153700
23298,h2d,1229600,double,153700
23299,h2d,1229600,double,153700
23300,h2d,1229600,double,153700
23301,h2d,1229600,double,153700
23302,h2d,1229600,double,153700
23303,h2d,1229600,double,153700
23304,h2d,1229600,double,153700
23305,h2d,1229600,double,153700
23306,h2d,1229600,double,153700
23307,h2d,1229600,double,153700
23308,d2h,2048,double,256
23309,h2d,1229600,double,153700
23310,h2d,1229600,double,153700
23311,h2d,1229600,double,153700
23312,h2d,1229600,double,153700
23313,h2d,1229600,double,153700
23314,h2d,1229600,double,153700
23315,h2d,1229600,double,153700
23316,h2d,1229600,double,153700
23317,h2d,1229600,double,153700
23318,h2d,1229600,double,153700
23319,h2d,1229600,double,153700
23320,h2d,1229600,double,153700
23321,h2d,1229600,double,153700
23322,h2d,1229600,double,153700
23323,h2d,1229600,double,153700
23324,h2d,1229600,double,153700
23325,h2d,1229600,double,153700
23326,h2d,1229600,double,153700
23327,h2d,1229600,double,153700
23328,h2d,1229600,double,153700
23329,h2d,1229600,double,153700
23330,h2d,1229600,double,153700
23331,h2d,1229600,double,153700
23332,h2d,1229600,double,153700
23333,d2h,2048,double,256
23334,h2d,1229600,double,153700
23335,h2d,1229600,double,153700
23336,h2d,1229600,double,153700
23337,h2d,1229600,double,153700
23338,h2d,1229600,double,153700
23339,h2d,1229600,double,153700
23340,h2d,1229600,double,153700
23341,h2d,1229600,double,153700
23342,h2d,1229600,double,153700
23343,h2d,1229600,double,153700
23344,h2d,1229600,double,153700
23345,h2d,1229600,double,153700
23346,h2d,1229600,double,153700
23347,h2d,1229600,double,153700
23348,h2d,1229600,double,153700
23349,h2d,1229600,double,153700
23350,h2d,1229600,double,153700
23351,h2d,1229600,double,153700
23352,h2d,1229600,double,153700
23353,h2d,1229600,double,153700
23354,h2d,1229600,double,153700
23355,h2d,1229600,double,153700
23356,h2d,1229600,double,153700
23357,h2d,1229600,double,153700
23358,d2h,2048,double,256
23359,h2d,1229600,double,153700
23360,h2d,1229600,double,153700
23361,h2d,1229600,double,153700
23362,h2d,1229600,double,153700
23363,h2d,1229600,double,153700
23364,h2d,1229600,double,153700
23365,h2d,1229600,double,153700
23366,h2d,1229600,double,153700
23367,h2d,1229600,double,153700
23368,h2d,1229600,double,153700
23369,h2d,1229600,double,153700
23370,h2d,1229600,double,153700
23371,h2d,1229600,double,153700
23372,h2d,1229600,double,153700
23373,h2d,1229600,double,153700
23374,h2d,1229600,double,153700
23375,h2d,1229600,double,153700
23376,h2d,1229600,double,153700
23377,h2d,1229600,double,153700
23378,h2d,1229600,double,153700
23379,h2d,1229600,double,153700
23380,h2d,1229600,double,153700
23381,h2d,1229600,double,153700
23382,h2d,1229600,double,153700
23383,d2h,2048,double,256
23384,h2d,1229600,double,153700
23385,h2d,1229600,double,153700
23386,h2d,1229600,double,153700
23387,h2d,1229600,double,153700
23388,h2d,1229600,double,153700
23389,h2d,1229600,double,153700
23390,h2d,1229600,double,153700
23391,h2d,1229600,double,153700
23392,h2d,1229600,double,153700
23393,h2d,1229600,double,153700
23394,h2d,1229600,double,153700
23395,h2d,1229600,double,153700
23396,h2d,1229600,double,153700
23397,h2d,1229600,double,153700
23398,h2d,1229600,double,153700
23399,h2d,1229600,double,153700
23400,h2d,1229600,double,153700
23401,h2d,1229600,double,153700
23402,h2d,1229600,double,153700
23403,h2d,1229600,double,153700
23404,h2d,1229600,double,153700
23405,h2d,1229600,double,153700
23406,h2d,1229600,double,153700
23407,h2d,1229600,double,153700
23408,d2h,2048,double,256
23409,h2d,1229600,double,153700
23410,h2d,1229600,double,153700
23411,h2d,1229600,double,153700
23412,h2d,1229600,double,153700
23413,h2d,1229600,double,153700
23414,h2d,1229600,double,153700
23415,h2d,1229600,double,153700
23416,h2d,1229600,double,153700
23417,h2d,1229600,double,153700
23418,h2d,1229600,double,153700
23419,h2d,1229600,double,153700
23420,h2d,1229600,double,153700
23421,h2d,1229600,double,153700
23422,h2d,1229600,double,153700
23423,h2d,1229600,double,153700
23424,h2d,1229600,double,153700
23425,h2d,1229600,double,153700
23426,h2d,1229600,double,153700
23427,h2d,1229600,double,153700
23428,h2d,1229600,double,153700
23429,h2d,1229600,double,153700
23430,h2d,1229600,double,153700
23431,h2d,1229600,double,153700
23432,h2d,1229600,double,153700
23433,d2h,2048,double,256
23434,h2d,1229600,double,153700
23435,h2d,1229600,double,153700
23436,h2d,1229600,double,153700
23437,h2d,1229600,double,153700
23438,h2d,1229600,double,153700
23439,h2d,1229600,double,153700
23440,h2d,1229600,double,153700
23441,h2d,1229600,double,153700
23442,h2d,1229600,double,153700
23443,h2d,1229600,double,153700
23444,h2d,1229600,double,153700
23445,h2d,1229600,double,153700
23446,h2d,1229600,double,153700
23447,h2d,1229600,double,153700
23448,h2d,1229600,double,153700
23449,h2d,1229600,double,153700
23450,h2d,1229600,double,153700
23451,h2d,1229600,double,153700
23452,h2d,1229600,double,153700
23453,h2d,1229600,double,153700
23454,h2d,1229600,double,153700
23455,h2d,1229600,double,153700
23456,h2d,1229600,double,153700
23457,h2d,1229600,double,153700
23458,d2h,2048,double,256
23459,h2d,1229600,double,153700
23460,h2d,1229600,double,153700
23461,h2d,1229600,double,153700
23462,h2d,1229600,double,153700
23463,h2d,1229600,double,153700
23464,h2d,1229600,double,153700
23465,h2d,1229600,double,153700
23466,h2d,1229600,double,153700
23467,h2d,1229600,double,153700
23468,h2d,1229600,double,153700
23469,h2d,1229600,double,153700
23470,h2d,1229600,double,153700
23471,h2d,1229600,double,153700
23472,h2d,1229600,double,153700
23473,h2d,1229600,double,153700
23474,h2d,1229600,double,153700
23475,d2h,2048,double,256
23476,d2h,2048,double,256
23477,d2h,2048,double,256
23478,d2h,2048,double,256
23479,d2h,2048,double,256
23480,h2d,1229600,double,153700
23481,h2d,1229600,double,153700
23482,h2d,1229600,double,153700
23483,h2d,1229600,double,153700
23484,h2d,1229600,double,153700
23485,h2d,1229600,double,153700
23486,h2d,1229600,double,153700
23487,h2d,1229600,double,153700
23488,d2h,2048,double,256
23489,h2d,1229600,double,153700
23490,h2d,1229600,double,153700
23491,h2d,1229600,double,153700
23492,h2d,1229600,double,153700
23493,h2d,1229600,double,153700
23494,h2d,1229600,double,153700
23495,h2d,1229600,double,153700
23496,h2d,1229600,double,153700
23497,h2d,1229600,double,153700
23498,h2d,1229600,double,153700
23499,h2d,1229600,double,153700
23500,h2d,1229600,double,153700
23501,h2d,1229600,double,153700
23502,h2d,1229600,double,153700
23503,h2d,1229600,double,153700
23504,h2d,1229600,double,153700
23505,h2d,1229600,double,153700
23506,h2d,1229600,double,153700
23507,h2d,1229600,double,153700
23508,h2d,1229600,double,153700
23509,h2d,1229600,double,153700
23510,h2d,1229600,double,153700
23511,h2d,1229600,double,153700
23512,h2d,1229600,double,153700
23513,d2h,2048,double,256
23514,h2d,1229600,double,153700
23515,h2d,1229600,double,153700
23516,h2d,1229600,double,153700
23517,h2d,1229600,double,153700
23518,h2d,1229600,double,153700
23519,h2d,1229600,double,153700
23520,h2d,1229600,double,153700
23521,h2d,1229600,double,153700
23522,h2d,1229600,double,153700
23523,h2d,1229600,double,153700
23524,h2d,1229600,double,153700
23525,h2d,1229600,double,153700
23526,h2d,1229600,double,153700
23527,h2d,1229600,double,153700
23528,h2d,1229600,double,153700
23529,h2d,1229600,double,153700
23530,h2d,1229600,double,153700
23531,h2d,1229600,double,153700
23532,h2d,1229600,double,153700
23533,h2d,1229600,double,153700
23534,h2d,1229600,double,153700
23535,h2d,1229600,double,153700
23536,h2d,1229600,double,153700
23537,h2d,1229600,double,153700
23538,d2h,2048,double,256
23539,h2d,1229600,double,153700
23540,h2d,1229600,double,153700
23541,h2d,1229600,double,153700
23542,h2d,1229600,double,153700
23543,h2d,1229600,double,153700
23544,h2d,1229600,double,153700
23545,h2d,1229600,double,153700
23546,h2d,1229600,double,153700
23547,h2d,1229600,double,153700
23548,h2d,1229600,double,153700
23549,h2d,1229600,double,153700
23550,h2d,1229600,double,153700
23551,h2d,1229600,double,153700
23552,h2d,1229600,double,153700
23553,h2d,1229600,double,153700
23554,h2d,1229600,double,153700
23555,h2d,1229600,double,153700
23556,h2d,1229600,double,153700
23557,h2d,1229600,double,153700
23558,h2d,1229600,double,153700
23559,h2d,1229600,double,153700
23560,h2d,1229600,double,153700
23561,h2d,1229600,double,153700
23562,h2d,1229600,double,153700
23563,d2h,2048,double,256
23564,h2d,1229600,double,153700
23565,h2d,1229600,double,153700
23566,h2d,1229600,double,153700
23567,h2d,1229600,double,153700
23568,h2d,1229600,double,153700
23569,h2d,1229600,double,153700
23570,h2d,1229600,double,153700
23571,h2d,1229600,double,153700
23572,h2d,1229600,double,153700
23573,h2d,1229600,double,153700
23574,h2d,1229600,double,153700
23575,h2d,1229600,double,153700
23576,h2d,1229600,double,153700
23577,h2d,1229600,double,153700
23578,h2d,1229600,double,153700
23579,h2d,1229600,double,153700
23580,h2d,1229600,double,153700
23581,h2d,1229600,double,153700
23582,h2d,1229600,double,153700
23583,h2d,1229600,double,153700
23584,h2d,1229600,double,153700
23585,h2d,1229600,double,153700
23586,h2d,1229600,double,153700
23587,h2d,1229600,double,153700
23588,d2h,2048,double,256
23589,h2d,1229600,double,153700
23590,h2d,1229600,double,153700
23591,h2d,1229600,double,153700
23592,h2d,1229600,double,153700
23593,h2d,1229600,double,153700
23594,h2d,1229600,double,153700
23595,h2d,1229600,double,153700
23596,h2d,1229600,double,153700
23597,h2d,1229600,double,153700
23598,h2d,1229600,double,153700
23599,h2d,1229600,double,153700
23600,h2d,1229600,double,153700
23601,h2d,1229600,double,153700
23602,h2d,1229600,double,153700
23603,h2d,1229600,double,153700
23604,h2d,1229600,double,153700
23605,h2d,1229600,double,153700
23606,h2d,1229600,double,153700
23607,h2d,1229600,double,153700
23608,h2d,1229600,double,153700
23609,h2d,1229600,double,153700
23610,h2d,1229600,double,153700
23611,h2d,1229600,double,153700
23612,h2d,1229600,double,153700
23613,d2h,2048,double,256
23614,h2d,1229600,double,153700
23615,h2d,1229600,double,153700
23616,h2d,1229600,double,153700
23617,h2d,1229600,double,153700
23618,h2d,1229600,double,153700
23619,h2d,1229600,double,153700
23620,h2d,1229600,double,153700
23621,h2d,1229600,double,153700
23622,h2d,1229600,double,153700
23623,h2d,1229600,double,153700
23624,h2d,1229600,double,153700
23625,h2d,1229600,double,153700
23626,h2d,1229600,double,153700
23627,h2d,1229600,double,153700
23628,h2d,1229600,double,153700
23629,h2d,1229600,double,153700
23630,h2d,1229600,double,153700
23631,h2d,1229600,double,153700
23632,h2d,1229600,double,153700
23633,h2d,1229600,double,153700
23634,h2d,1229600,double,153700
23635,h2d,1229600,double,153700
23636,h2d,1229600,double,153700
23637,h2d,1229600,double,153700
23638,d2h,2048,double,256
23639,h2d,1229600,double,153700
23640,h2d,1229600,double,153700
23641,h2d,1229600,double,153700
23642,h2d,1229600,double,153700
23643,h2d,1229600,double,153700
23644,h2d,1229600,double,153700
23645,h2d,1229600,double,153700
23646,h2d,1229600,double,153700
23647,h2d,1229600,double,153700
23648,h2d,1229600,double,153700
23649,h2d,1229600,double,153700
23650,h2d,1229600,double,153700
23651,h2d,1229600,double,153700
23652,h2d,1229600,double,153700
23653,h2d,1229600,double,153700
23654,h2d,1229600,double,153700
23655,h2d,1229600,double,153700
23656,h2d,1229600,double,153700
23657,h2d,1229600,double,153700
23658,h2d,1229600,double,153700
23659,h2d,1229600,double,153700
23660,h2d,1229600,double,153700
23661,h2d,1229600,double,153700
23662,h2d,1229600,double,153700
23663,d2h,2048,double,256
23664,h2d,1229600,double,153700
23665,h2d,1229600,double,153700
23666,h2d,1229600,double,153700
23667,h2d,1229600,double,153700
23668,h2d,1229600,double,153700
23669,h2d,1229600,double,153700
23670,h2d,1229600,double,153700
23671,h2d,1229600,double,153700
23672,h2d,1229600,double,153700
23673,h2d,1229600,double,153700
23674,h2d,1229600,double,153700
23675,h2d,1229600,double,153700
23676,h2d,1229600,double,153700
23677,h2d,1229600,double,153700
23678,h2d,1229600,double,153700
23679,h2d,1229600,double,153700
23680,h2d,1229600,double,153700
23681,h2d,1229600,double,153700
23682,h2d,1229600,double,153700
23683,h2d,1229600,double,153700
23684,h2d,1229600,double,153700
23685,h2d,1229600,double,153700
23686,h2d,1229600,double,153700
23687,h2d,1229600,double,153700
23688,d2h,2048,double,256
23689,h2d,1229600,double,153700
23690,h2d,1229600,double,153700
23691,h2d,1229600,double,153700
23692,h2d,1229600,double,153700
23693,h2d,1229600,double,153700
23694,h2d,1229600,double,153700
23695,h2d,1229600,double,153700
23696,h2d,1229600,double,153700
23697,h2d,1229600,double,153700
23698,h2d,1229600,double,153700
23699,h2d,1229600,double,153700
23700,h2d,1229600,double,153700
23701,h2d,1229600,double,153700
23702,h2d,1229600,double,153700
23703,h2d,1229600,double,153700
23704,h2d,1229600,double,153700
23705,h2d,1229600,double,153700
23706,h2d,1229600,double,153700
23707,h2d,1229600,double,153700
23708,h2d,1229600,double,153700
23709,h2d,1229600,double,153700
23710,h2d,1229600,double,153700
23711,h2d,1229600,double,153700
23712,h2d,1229600,double,153700
23713,d2h,2048,double,256
23714,h2d,1229600,double,153700
23715,h2d,1229600,double,153700
23716,h2d,1229600,double,153700
23717,h2d,1229600,double,153700
23718,h2d,1229600,double,153700
23719,h2d,1229600,double,153700
23720,h2d,1229600,double,153700
23721,h2d,1229600,double,153700
23722,h2d,1229600,double,153700
23723,h2d,1229600,double,153700
23724,h2d,1229600,double,153700
23725,h2d,1229600,double,153700
23726,h2d,1229600,double,153700
23727,h2d,1229600,double,153700
23728,h2d,1229600,double,153700
23729,h2d,1229600,double,153700
23730,d2h,2048,double,256
23731,d2h,2048,double,256
23732,d2h,2048,double,256
23733,d2h,2048,double,256
23734,d2h,2048,double,256
23735,h2d,1229600,double,153700
23736,h2d,1229600,double,153700
23737,h2d,1229600,double,153700
23738,h2d,1229600,double,153700
23739,h2d,1229600,double,153700
23740,h2d,1229600,double,153700
23741,h2d,1229600,double,153700
23742,h2d,1229600,double,153700
23743,d2h,2048,double,256
23744,h2d,1229600,double,153700
23745,h2d,1229600,double,153700
23746,h2d,1229600,double,153700
23747,h2d,1229600,double,153700
23748,h2d,1229600,double,153700
23749,h2d,1229600,double,153700
23750,h2d,1229600,double,153700
23751,h2d,1229600,double,153700
23752,h2d,1229600,double,153700
23753,h2d,1229600,double,153700
23754,h2d,1229600,double,153700
23755,h2d,1229600,double,153700
23756,h2d,1229600,double,153700
23757,h2d,1229600,double,153700
23758,h2d,1229600,double,153700
23759,h2d,1229600,double,153700
23760,h2d,1229600,double,153700
23761,h2d,1229600,double,153700
23762,h2d,1229600,double,153700
23763,h2d,1229600,double,153700
23764,h2d,1229600,double,153700
23765,h2d,1229600,double,153700
23766,h2d,1229600,double,153700
23767,h2d,1229600,double,153700
23768,d2h,2048,double,256
23769,h2d,1229600,double,153700
23770,h2d,1229600,double,153700
23771,h2d,1229600,double,153700
23772,h2d,1229600,double,153700
23773,h2d,1229600,double,153700
23774,h2d,1229600,double,153700
23775,h2d,1229600,double,153700
23776,h2d,1229600,double,153700
23777,h2d,1229600,double,153700
23778,h2d,1229600,double,153700
23779,h2d,1229600,double,153700
23780,h2d,1229600,double,153700
23781,h2d,1229600,double,153700
23782,h2d,1229600,double,153700
23783,h2d,1229600,double,153700
23784,h2d,1229600,double,153700
23785,h2d,1229600,double,153700
23786,h2d,1229600,double,153700
23787,h2d,1229600,double,153700
23788,h2d,1229600,double,153700
23789,h2d,1229600,double,153700
23790,h2d,1229600,double,153700
23791,h2d,1229600,double,153700
23792,h2d,1229600,double,153700
23793,d2h,2048,double,256
23794,h2d,1229600,double,153700
23795,h2d,1229600,double,153700
23796,h2d,1229600,double,153700
23797,h2d,1229600,double,153700
23798,h2d,1229600,double,153700
23799,h2d,1229600,double,153700
23800,h2d,1229600,double,153700
23801,h2d,1229600,double,153700
23802,h2d,1229600,double,153700
23803,h2d,1229600,double,153700
23804,h2d,1229600,double,153700
23805,h2d,1229600,double,153700
23806,h2d,1229600,double,153700
23807,h2d,1229600,double,153700
23808,h2d,1229600,double,153700
23809,h2d,1229600,double,153700
23810,h2d,1229600,double,153700
23811,h2d,1229600,double,153700
23812,h2d,1229600,double,153700
23813,h2d,1229600,double,153700
23814,h2d,1229600,double,153700
23815,h2d,1229600,double,153700
23816,h2d,1229600,double,153700
23817,h2d,1229600,double,153700
23818,d2h,2048,double,256
23819,h2d,1229600,double,153700
23820,h2d,1229600,double,153700
23821,h2d,1229600,double,153700
23822,h2d,1229600,double,153700
23823,h2d,1229600,double,153700
23824,h2d,1229600,double,153700
23825,h2d,1229600,double,153700
23826,h2d,1229600,double,153700
23827,h2d,1229600,double,153700
23828,h2d,1229600,double,153700
23829,h2d,1229600,double,153700
23830,h2d,1229600,double,153700
23831,h2d,1229600,double,153700
23832,h2d,1229600,double,153700
23833,h2d,1229600,double,153700
23834,h2d,1229600,double,153700
23835,h2d,1229600,double,153700
23836,h2d,1229600,double,153700
23837,h2d,1229600,double,153700
23838,h2d,1229600,double,153700
23839,h2d,1229600,double,153700
23840,h2d,1229600,double,153700
23841,h2d,1229600,double,153700
23842,h2d,1229600,double,153700
23843,d2h,2048,double,256
23844,h2d,1229600,double,153700
23845,h2d,1229600,double,153700
23846,h2d,1229600,double,153700
23847,h2d,1229600,double,153700
23848,h2d,1229600,double,153700
23849,h2d,1229600,double,153700
23850,h2d,1229600,double,153700
23851,h2d,1229600,double,153700
23852,h2d,1229600,double,153700
23853,h2d,1229600,double,153700
23854,h2d,1229600,double,153700
23855,h2d,1229600,double,153700
23856,h2d,1229600,double,153700
23857,h2d,1229600,double,153700
23858,h2d,1229600,double,153700
23859,h2d,1229600,double,153700
23860,h2d,1229600,double,153700
23861,h2d,1229600,double,153700
23862,h2d,1229600,double,153700
23863,h2d,1229600,double,153700
23864,h2d,1229600,double,153700
23865,h2d,1229600,double,153700
23866,h2d,1229600,double,153700
23867,h2d,1229600,double,153700
23868,d2h,2048,double,256
23869,h2d,1229600,double,153700
23870,h2d,1229600,double,153700
23871,h2d,1229600,double,153700
23872,h2d,1229600,double,153700
23873,h2d,1229600,double,153700
23874,h2d,1229600,double,153700
23875,h2d,1229600,double,153700
23876,h2d,1229600,double,153700
23877,h2d,1229600,double,153700
23878,h2d,1229600,double,153700
23879,h2d,1229600,double,153700
23880,h2d,1229600,double,153700
23881,h2d,1229600,double,153700
23882,h2d,1229600,double,153700
23883,h2d,1229600,double,153700
23884,h2d,1229600,double,153700
23885,h2d,1229600,double,153700
23886,h2d,1229600,double,153700
23887,h2d,1229600,double,153700
23888,h2d,1229600,double,153700
23889,h2d,1229600,double,153700
23890,h2d,1229600,double,153700
23891,h2d,1229600,double,153700
23892,h2d,1229600,double,153700
23893,d2h,2048,double,256
23894,h2d,1229600,double,153700
23895,h2d,1229600,double,153700
23896,h2d,1229600,double,153700
23897,h2d,1229600,double,153700
23898,h2d,1229600,double,153700
23899,h2d,1229600,double,153700
23900,h2d,1229600,double,153700
23901,h2d,1229600,double,153700
23902,h2d,1229600,double,153700
23903,h2d,1229600,double,153700
23904,h2d,1229600,double,153700
23905,h2d,1229600,double,153700
23906,h2d,1229600,double,153700
23907,h2d,1229600,double,153700
23908,h2d,1229600,double,153700
23909,h2d,1229600,double,153700
23910,h2d,1229600,double,153700
23911,h2d,1229600,double,153700
23912,h2d,1229600,double,153700
23913,h2d,1229600,double,153700
23914,h2d,1229600,double,153700
23915,h2d,1229600,double,153700
23916,h2d,1229600,double,153700
23917,h2d,1229600,double,153700
23918,d2h,2048,double,256
23919,h2d,1229600,double,153700
23920,h2d,1229600,double,153700
23921,h2d,1229600,double,153700
23922,h2d,1229600,double,153700
23923,h2d,1229600,double,153700
23924,h2d,1229600,double,153700
23925,h2d,1229600,double,153700
23926,h2d,1229600,double,153700
23927,h2d,1229600,double,153700
23928,h2d,1229600,double,153700
23929,h2d,1229600,double,153700
23930,h2d,1229600,double,153700
23931,h2d,1229600,double,153700
23932,h2d,1229600,double,153700
23933,h2d,1229600,double,153700
23934,h2d,1229600,double,153700
23935,h2d,1229600,double,153700
23936,h2d,1229600,double,153700
23937,h2d,1229600,double,153700
23938,h2d,1229600,double,153700
23939,h2d,1229600,double,153700
23940,h2d,1229600,double,153700
23941,h2d,1229600,double,153700
23942,h2d,1229600,double,153700
23943,d2h,2048,double,256
23944,h2d,1229600,double,153700
23945,h2d,1229600,double,153700
23946,h2d,1229600,double,153700
23947,h2d,1229600,double,153700
23948,h2d,1229600,double,153700
23949,h2d,1229600,double,153700
23950,h2d,1229600,double,153700
23951,h2d,1229600,double,153700
23952,h2d,1229600,double,153700
23953,h2d,1229600,double,153700
23954,h2d,1229600,double,153700
23955,h2d,1229600,double,153700
23956,h2d,1229600,double,153700
23957,h2d,1229600,double,153700
23958,h2d,1229600,double,153700
23959,h2d,1229600,double,153700
23960,h2d,1229600,double,153700
23961,h2d,1229600,double,153700
23962,h2d,1229600,double,153700
23963,h2d,1229600,double,153700
23964,h2d,1229600,double,153700
23965,h2d,1229600,double,153700
23966,h2d,1229600,double,153700
23967,h2d,1229600,double,153700
23968,d2h,2048,double,256
23969,h2d,1229600,double,153700
23970,h2d,1229600,double,153700
23971,h2d,1229600,double,153700
23972,h2d,1229600,double,153700
23973,h2d,1229600,double,153700
23974,h2d,1229600,double,153700
23975,h2d,1229600,double,153700
23976,h2d,1229600,double,153700
23977,h2d,1229600,double,153700
23978,h2d,1229600,double,153700
23979,h2d,1229600,double,153700
23980,h2d,1229600,double,153700
23981,h2d,1229600,double,153700
23982,h2d,1229600,double,153700
23983,h2d,1229600,double,153700
23984,h2d,1229600,double,153700
23985,d2h,2048,double,256
23986,d2h,2048,double,256
23987,d2h,2048,double,256
23988,d2h,2048,double,256
23989,d2h,2048,double,256
23990,h2d,1229600,double,153700
23991,h2d,1229600,double,153700
23992,h2d,1229600,double,153700
23993,h2d,1229600,double,153700
23994,h2d,1229600,double,153700
23995,h2d,1229600,double,153700
23996,h2d,1229600,double,153700
23997,h2d,1229600,double,153700
23998,d2h,2048,double,256
23999,h2d,1229600,double,153700
24000,h2d,1229600,double,153700
24001,h2d,1229600,double,153700
24002,h2d,1229600,double,153700
24003,h2d,1229600,double,153700
24004,h2d,1229600,double,153700
24005,h2d,1229600,double,153700
24006,h2d,1229600,double,153700
24007,h2d,1229600,double,153700
24008,h2d,1229600,double,153700
24009,h2d,1229600,double,153700
24010,h2d,1229600,double,153700
24011,h2d,1229600,double,153700
24012,h2d,1229600,double,153700
24013,h2d,1229600,double,153700
24014,h2d,1229600,double,153700
24015,h2d,1229600,double,153700
24016,h2d,1229600,double,153700
24017,h2d,1229600,double,153700
24018,h2d,1229600,double,153700
24019,h2d,1229600,double,153700
24020,h2d,1229600,double,153700
24021,h2d,1229600,double,153700
24022,h2d,1229600,double,153700
24023,d2h,2048,double,256
24024,h2d,1229600,double,153700
24025,h2d,1229600,double,153700
24026,h2d,1229600,double,153700
24027,h2d,1229600,double,153700
24028,h2d,1229600,double,153700
24029,h2d,1229600,double,153700
24030,h2d,1229600,double,153700
24031,h2d,1229600,double,153700
24032,h2d,1229600,double,153700
24033,h2d,1229600,double,153700
24034,h2d,1229600,double,153700
24035,h2d,1229600,double,153700
24036,h2d,1229600,double,153700
24037,h2d,1229600,double,153700
24038,h2d,1229600,double,153700
24039,h2d,1229600,double,153700
24040,h2d,1229600,double,153700
24041,h2d,1229600,double,153700
24042,h2d,1229600,double,153700
24043,h2d,1229600,double,153700
24044,h2d,1229600,double,153700
24045,h2d,1229600,double,153700
24046,h2d,1229600,double,153700
24047,h2d,1229600,double,153700
24048,d2h,2048,double,256
24049,h2d,1229600,double,153700
24050,h2d,1229600,double,153700
24051,h2d,1229600,double,153700
24052,h2d,1229600,double,153700
24053,h2d,1229600,double,153700
24054,h2d,1229600,double,153700
24055,h2d,1229600,double,153700
24056,h2d,1229600,double,153700
24057,h2d,1229600,double,153700
24058,h2d,1229600,double,153700
24059,h2d,1229600,double,153700
24060,h2d,1229600,double,153700
24061,h2d,1229600,double,153700
24062,h2d,1229600,double,153700
24063,h2d,1229600,double,153700
24064,h2d,1229600,double,153700
24065,h2d,1229600,double,153700
24066,h2d,1229600,double,153700
24067,h2d,1229600,double,153700
24068,h2d,1229600,double,153700
24069,h2d,1229600,double,153700
24070,h2d,1229600,double,153700
24071,h2d,1229600,double,153700
24072,h2d,1229600,double,153700
24073,d2h,2048,double,256
24074,h2d,1229600,double,153700
24075,h2d,1229600,double,153700
24076,h2d,1229600,double,153700
24077,h2d,1229600,double,153700
24078,h2d,1229600,double,153700
24079,h2d,1229600,double,153700
24080,h2d,1229600,double,153700
24081,h2d,1229600,double,153700
24082,h2d,1229600,double,153700
24083,h2d,1229600,double,153700
24084,h2d,1229600,double,153700
24085,h2d,1229600,double,153700
24086,h2d,1229600,double,153700
24087,h2d,1229600,double,153700
24088,h2d,1229600,double,153700
24089,h2d,1229600,double,153700
24090,h2d,1229600,double,153700
24091,h2d,1229600,double,153700
24092,h2d,1229600,double,153700
24093,h2d,1229600,double,153700
24094,h2d,1229600,double,153700
24095,h2d,1229600,double,153700
24096,h2d,1229600,double,153700
24097,h2d,1229600,double,153700
24098,d2h,2048,double,256
24099,h2d,1229600,double,153700
24100,h2d,1229600,double,153700
24101,h2d,1229600,double,153700
24102,h2d,1229600,double,153700
24103,h2d,1229600,double,153700
24104,h2d,1229600,double,153700
24105,h2d,1229600,double,153700
24106,h2d,1229600,double,153700
24107,h2d,1229600,double,153700
24108,h2d,1229600,double,153700
24109,h2d,1229600,double,153700
24110,h2d,1229600,double,153700
24111,h2d,1229600,double,153700
24112,h2d,1229600,double,153700
24113,h2d,1229600,double,153700
24114,h2d,1229600,double,153700
24115,h2d,1229600,double,153700
24116,h2d,1229600,double,153700
24117,h2d,1229600,double,153700
24118,h2d,1229600,double,153700
24119,h2d,1229600,double,153700
24120,h2d,1229600,double,153700
24121,h2d,1229600,double,153700
24122,h2d,1229600,double,153700
24123,d2h,2048,double,256
24124,h2d,1229600,double,153700
24125,h2d,1229600,double,153700
24126,h2d,1229600,double,153700
24127,h2d,1229600,double,153700
24128,h2d,1229600,double,153700
24129,h2d,1229600,double,153700
24130,h2d,1229600,double,153700
24131,h2d,1229600,double,153700
24132,h2d,1229600,double,153700
24133,h2d,1229600,double,153700
24134,h2d,1229600,double,153700
24135,h2d,1229600,double,153700
24136,h2d,1229600,double,153700
24137,h2d,1229600,double,153700
24138,h2d,1229600,double,153700
24139,h2d,1229600,double,153700
24140,h2d,1229600,double,153700
24141,h2d,1229600,double,153700
24142,h2d,1229600,double,153700
24143,h2d,1229600,double,153700
24144,h2d,1229600,double,153700
24145,h2d,1229600,double,153700
24146,h2d,1229600,double,153700
24147,h2d,1229600,double,153700
24148,d2h,2048,double,256
24149,h2d,1229600,double,153700
24150,h2d,1229600,double,153700
24151,h2d,1229600,double,153700
24152,h2d,1229600,double,153700
24153,h2d,1229600,double,153700
24154,h2d,1229600,double,153700
24155,h2d,1229600,double,153700
24156,h2d,1229600,double,153700
24157,h2d,1229600,double,153700
24158,h2d,1229600,double,153700
24159,h2d,1229600,double,153700
24160,h2d,1229600,double,153700
24161,h2d,1229600,double,153700
24162,h2d,1229600,double,153700
24163,h2d,1229600,double,153700
24164,h2d,1229600,double,153700
24165,h2d,1229600,double,153700
24166,h2d,1229600,double,153700
24167,h2d,1229600,double,153700
24168,h2d,1229600,double,153700
24169,h2d,1229600,double,153700
24170,h2d,1229600,double,153700
24171,h2d,1229600,double,153700
24172,h2d,1229600,double,153700
24173,d2h,2048,double,256
24174,h2d,1229600,double,153700
24175,h2d,1229600,double,153700
24176,h2d,1229600,double,153700
24177,h2d,1229600,double,153700
24178,h2d,1229600,double,153700
24179,h2d,1229600,double,153700
24180,h2d,1229600,double,153700
24181,h2d,1229600,double,153700
24182,h2d,1229600,double,153700
24183,h2d,1229600,double,153700
24184,h2d,1229600,double,153700
24185,h2d,1229600,double,153700
24186,h2d,1229600,double,153700
24187,h2d,1229600,double,153700
24188,h2d,1229600,double,153700
24189,h2d,1229600,double,153700
24190,h2d,1229600,double,153700
24191,h2d,1229600,double,153700
24192,h2d,1229600,double,153700
24193,h2d,1229600,double,153700
24194,h2d,1229600,double,153700
24195,h2d,1229600,double,153700
24196,h2d,1229600,double,153700
24197,h2d,1229600,double,153700
24198,d2h,2048,double,256
24199,h2d,1229600,double,153700
24200,h2d,1229600,double,153700
24201,h2d,1229600,double,153700
24202,h2d,1229600,double,153700
24203,h2d,1229600,double,153700
24204,h2d,1229600,double,153700
24205,h2d,1229600,double,153700
24206,h2d,1229600,double,153700
24207,h2d,1229600,double,153700
24208,h2d,1229600,double,153700
24209,h2d,1229600,double,153700
24210,h2d,1229600,double,153700
24211,h2d,1229600,double,153700
24212,h2d,1229600,double,153700
24213,h2d,1229600,double,153700
24214,h2d,1229600,double,153700
24215,h2d,1229600,double,153700
24216,h2d,1229600,double,153700
24217,h2d,1229600,double,153700
24218,h2d,1229600,double,153700
24219,h2d,1229600,double,153700
24220,h2d,1229600,double,153700
24221,h2d,1229600,double,153700
24222,h2d,1229600,double,153700
24223,d2h,2048,double,256
24224,h2d,1229600,double,153700
24225,h2d,1229600,double,153700
24226,h2d,1229600,double,153700
24227,h2d,1229600,double,153700
24228,h2d,1229600,double,153700
24229,h2d,1229600,double,153700
24230,h2d,1229600,double,153700
24231,h2d,1229600,double,153700
24232,h2d,1229600,double,153700
24233,h2d,1229600,double,153700
24234,h2d,1229600,double,153700
24235,h2d,1229600,double,153700
24236,h2d,1229600,double,153700
24237,h2d,1229600,double,153700
24238,h2d,1229600,double,153700
24239,h2d,1229600,double,153700
24240,d2h,2048,double,256
24241,d2h,2048,double,256
24242,d2h,2048,double,256
24243,d2h,2048,double,256
24244,d2h,2048,double,256
24245,h2d,1229600,double,153700
24246,h2d,1229600,double,153700
24247,h2d,1229600,double,153700
24248,h2d,1229600,double,153700
24249,h2d,1229600,double,153700
24250,h2d,1229600,double,153700
24251,h2d,1229600,double,153700
24252,h2d,1229600,double,153700
24253,d2h,2048,double,256
24254,h2d,1229600,double,153700
24255,h2d,1229600,double,153700
24256,h2d,1229600,double,153700
24257,h2d,1229600,double,153700
24258,h2d,1229600,double,153700
24259,h2d,1229600,double,153700
24260,h2d,1229600,double,153700
24261,h2d,1229600,double,153700
24262,h2d,1229600,double,153700
24263,h2d,1229600,double,153700
24264,h2d,1229600,double,153700
24265,h2d,1229600,double,153700
24266,h2d,1229600,double,153700
24267,h2d,1229600,double,153700
24268,h2d,1229600,double,153700
24269,h2d,1229600,double,153700
24270,h2d,1229600,double,153700
24271,h2d,1229600,double,153700
24272,h2d,1229600,double,153700
24273,h2d,1229600,double,153700
24274,h2d,1229600,double,153700
24275,h2d,1229600,double,153700
24276,h2d,1229600,double,153700
24277,h2d,1229600,double,153700
24278,d2h,2048,double,256
24279,h2d,1229600,double,153700
24280,h2d,1229600,double,153700
24281,h2d,1229600,double,153700
24282,h2d,1229600,double,153700
24283,h2d,1229600,double,153700
24284,h2d,1229600,double,153700
24285,h2d,1229600,double,153700
24286,h2d,1229600,double,153700
24287,h2d,1229600,double,153700
24288,h2d,1229600,double,153700
24289,h2d,1229600,double,153700
24290,h2d,1229600,double,153700
24291,h2d,1229600,double,153700
24292,h2d,1229600,double,153700
24293,h2d,1229600,double,153700
24294,h2d,1229600,double,153700
24295,h2d,1229600,double,153700
24296,h2d,1229600,double,153700
24297,h2d,1229600,double,153700
24298,h2d,1229600,double,153700
24299,h2d,1229600,double,153700
24300,h2d,1229600,double,153700
24301,h2d,1229600,double,153700
24302,h2d,1229600,double,153700
24303,d2h,2048,double,256
24304,h2d,1229600,double,153700
24305,h2d,1229600,double,153700
24306,h2d,1229600,double,153700
24307,h2d,1229600,double,153700
24308,h2d,1229600,double,153700
24309,h2d,1229600,double,153700
24310,h2d,1229600,double,153700
24311,h2d,1229600,double,153700
24312,h2d,1229600,double,153700
24313,h2d,1229600,double,153700
24314,h2d,1229600,double,153700
24315,h2d,1229600,double,153700
24316,h2d,1229600,double,153700
24317,h2d,1229600,double,153700
24318,h2d,1229600,double,153700
24319,h2d,1229600,double,153700
24320,h2d,1229600,double,153700
24321,h2d,1229600,double,153700
24322,h2d,1229600,double,153700
24323,h2d,1229600,double,153700
24324,h2d,1229600,double,153700
24325,h2d,1229600,double,153700
24326,h2d,1229600,double,153700
24327,h2d,1229600,double,153700
24328,d2h,2048,double,256
24329,h2d,1229600,double,153700
24330,h2d,1229600,double,153700
24331,h2d,1229600,double,153700
24332,h2d,1229600,double,153700
24333,h2d,1229600,double,153700
24334,h2d,1229600,double,153700
24335,h2d,1229600,double,153700
24336,h2d,1229600,double,153700
24337,h2d,1229600,double,153700
24338,h2d,1229600,double,153700
24339,h2d,1229600,double,153700
24340,h2d,1229600,double,153700
24341,h2d,1229600,double,153700
24342,h2d,1229600,double,153700
24343,h2d,1229600,double,153700
24344,h2d,1229600,double,153700
24345,h2d,1229600,double,153700
24346,h2d,1229600,double,153700
24347,h2d,1229600,double,153700
24348,h2d,1229600,double,153700
24349,h2d,1229600,double,153700
24350,h2d,1229600,double,153700
24351,h2d,1229600,double,153700
24352,h2d,1229600,double,153700
24353,d2h,2048,double,256
24354,h2d,1229600,double,153700
24355,h2d,1229600,double,153700
24356,h2d,1229600,double,153700
24357,h2d,1229600,double,153700
24358,h2d,1229600,double,153700
24359,h2d,1229600,double,153700
24360,h2d,1229600,double,153700
24361,h2d,1229600,double,153700
24362,h2d,1229600,double,153700
24363,h2d,1229600,double,153700
24364,h2d,1229600,double,153700
24365,h2d,1229600,double,153700
24366,h2d,1229600,double,153700
24367,h2d,1229600,double,153700
24368,h2d,1229600,double,153700
24369,h2d,1229600,double,153700
24370,h2d,1229600,double,153700
24371,h2d,1229600,double,153700
24372,h2d,1229600,double,153700
24373,h2d,1229600,double,153700
24374,h2d,1229600,double,153700
24375,h2d,1229600,double,153700
24376,h2d,1229600,double,153700
24377,h2d,1229600,double,153700
24378,d2h,2048,double,256
24379,h2d,1229600,double,153700
24380,h2d,1229600,double,153700
24381,h2d,1229600,double,153700
24382,h2d,1229600,double,153700
24383,h2d,1229600,double,153700
24384,h2d,1229600,double,153700
24385,h2d,1229600,double,153700
24386,h2d,1229600,double,153700
24387,h2d,1229600,double,153700
24388,h2d,1229600,double,153700
24389,h2d,1229600,double,153700
24390,h2d,1229600,double,153700
24391,h2d,1229600,double,153700
24392,h2d,1229600,double,153700
24393,h2d,1229600,double,153700
24394,h2d,1229600,double,153700
24395,h2d,1229600,double,153700
24396,h2d,1229600,double,153700
24397,h2d,1229600,double,153700
24398,h2d,1229600,double,153700
24399,h2d,1229600,double,153700
24400,h2d,1229600,double,153700
24401,h2d,1229600,double,153700
24402,h2d,1229600,double,153700
24403,d2h,2048,double,256
24404,h2d,1229600,double,153700
24405,h2d,1229600,double,153700
24406,h2d,1229600,double,153700
24407,h2d,1229600,double,153700
24408,h2d,1229600,double,153700
24409,h2d,1229600,double,153700
24410,h2d,1229600,double,153700
24411,h2d,1229600,double,153700
24412,h2d,1229600,double,153700
24413,h2d,1229600,double,153700
24414,h2d,1229600,double,153700
24415,h2d,1229600,double,153700
24416,h2d,1229600,double,153700
24417,h2d,1229600,double,153700
24418,h2d,1229600,double,153700
24419,h2d,1229600,double,153700
24420,h2d,1229600,double,153700
24421,h2d,1229600,double,153700
24422,h2d,1229600,double,153700
24423,h2d,1229600,double,153700
24424,h2d,1229600,double,153700
24425,h2d,1229600,double,153700
24426,h2d,1229600,double,153700
24427,h2d,1229600,double,153700
24428,d2h,2048,double,256
24429,h2d,1229600,double,153700
24430,h2d,1229600,double,153700
24431,h2d,1229600,double,153700
24432,h2d,1229600,double,153700
24433,h2d,1229600,double,153700
24434,h2d,1229600,double,153700
24435,h2d,1229600,double,153700
24436,h2d,1229600,double,153700
24437,h2d,1229600,double,153700
24438,h2d,1229600,double,153700
24439,h2d,1229600,double,153700
24440,h2d,1229600,double,153700
24441,h2d,1229600,double,153700
24442,h2d,1229600,double,153700
24443,h2d,1229600,double,153700
24444,h2d,1229600,double,153700
24445,h2d,1229600,double,153700
24446,h2d,1229600,double,153700
24447,h2d,1229600,double,153700
24448,h2d,1229600,double,153700
24449,h2d,1229600,double,153700
24450,h2d,1229600,double,153700
24451,h2d,1229600,double,153700
24452,h2d,1229600,double,153700
24453,d2h,2048,double,256
24454,h2d,1229600,double,153700
24455,h2d,1229600,double,153700
24456,h2d,1229600,double,153700
24457,h2d,1229600,double,153700
24458,h2d,1229600,double,153700
24459,h2d,1229600,double,153700
24460,h2d,1229600,double,153700
24461,h2d,1229600,double,153700
24462,h2d,1229600,double,153700
24463,h2d,1229600,double,153700
24464,h2d,1229600,double,153700
24465,h2d,1229600,double,153700
24466,h2d,1229600,double,153700
24467,h2d,1229600,double,153700
24468,h2d,1229600,double,153700
24469,h2d,1229600,double,153700
24470,h2d,1229600,double,153700
24471,h2d,1229600,double,153700
24472,h2d,1229600,double,153700
24473,h2d,1229600,double,153700
24474,h2d,1229600,double,153700
24475,h2d,1229600,double,153700
24476,h2d,1229600,double,153700
24477,h2d,1229600,double,153700
24478,d2h,2048,double,256
24479,h2d,1229600,double,153700
24480,h2d,1229600,double,153700
24481,h2d,1229600,double,153700
24482,h2d,1229600,double,153700
24483,h2d,1229600,double,153700
24484,h2d,1229600,double,153700
24485,h2d,1229600,double,153700
24486,h2d,1229600,double,153700
24487,h2d,1229600,double,153700
24488,h2d,1229600,double,153700
24489,h2d,1229600,double,153700
24490,h2d,1229600,double,153700
24491,h2d,1229600,double,153700
24492,h2d,1229600,double,153700
24493,h2d,1229600,double,153700
24494,h2d,1229600,double,153700
24495,d2h,2048,double,256
24496,d2h,2048,double,256
24497,d2h,2048,double,256
24498,d2h,2048,double,256
24499,d2h,2048,double,256
24500,h2d,1229600,double,153700
24501,h2d,1229600,double,153700
24502,h2d,1229600,double,153700
24503,h2d,1229600,double,153700
24504,h2d,1229600,double,153700
24505,h2d,1229600,double,153700
24506,h2d,1229600,double,153700
24507,h2d,1229600,double,153700
24508,d2h,2048,double,256
24509,h2d,1229600,double,153700
24510,h2d,1229600,double,153700
24511,h2d,1229600,double,153700
24512,h2d,1229600,double,153700
24513,h2d,1229600,double,153700
24514,h2d,1229600,double,153700
24515,h2d,1229600,double,153700
24516,h2d,1229600,double,153700
24517,h2d,1229600,double,153700
24518,h2d,1229600,double,153700
24519,h2d,1229600,double,153700
24520,h2d,1229600,double,153700
24521,h2d,1229600,double,153700
24522,h2d,1229600,double,153700
24523,h2d,1229600,double,153700
24524,h2d,1229600,double,153700
24525,h2d,1229600,double,153700
24526,h2d,1229600,double,153700
24527,h2d,1229600,double,153700
24528,h2d,1229600,double,153700
24529,h2d,1229600,double,153700
24530,h2d,1229600,double,153700
24531,h2d,1229600,double,153700
24532,h2d,1229600,double,153700
24533,d2h,2048,double,256
24534,h2d,1229600,double,153700
24535,h2d,1229600,double,153700
24536,h2d,1229600,double,153700
24537,h2d,1229600,double,153700
24538,h2d,1229600,double,153700
24539,h2d,1229600,double,153700
24540,h2d,1229600,double,153700
24541,h2d,1229600,double,153700
24542,h2d,1229600,double,153700
24543,h2d,1229600,double,153700
24544,h2d,1229600,double,153700
24545,h2d,1229600,double,153700
24546,h2d,1229600,double,153700
24547,h2d,1229600,double,153700
24548,h2d,1229600,double,153700
24549,h2d,1229600,double,153700
24550,h2d,1229600,double,153700
24551,h2d,1229600,double,153700
24552,h2d,1229600,double,153700
24553,h2d,1229600,double,153700
24554,h2d,1229600,double,153700
24555,h2d,1229600,double,153700
24556,h2d,1229600,double,153700
24557,h2d,1229600,double,153700
24558,d2h,2048,double,256
24559,h2d,1229600,double,153700
24560,h2d,1229600,double,153700
24561,h2d,1229600,double,153700
24562,h2d,1229600,double,153700
24563,h2d,1229600,double,153700
24564,h2d,1229600,double,153700
24565,h2d,1229600,double,153700
24566,h2d,1229600,double,153700
24567,h2d,1229600,double,153700
24568,h2d,1229600,double,153700
24569,h2d,1229600,double,153700
24570,h2d,1229600,double,153700
24571,h2d,1229600,double,153700
24572,h2d,1229600,double,153700
24573,h2d,1229600,double,153700
24574,h2d,1229600,double,153700
24575,h2d,1229600,double,153700
24576,h2d,1229600,double,153700
24577,h2d,1229600,double,153700
24578,h2d,1229600,double,153700
24579,h2d,1229600,double,153700
24580,h2d,1229600,double,153700
24581,h2d,1229600,double,153700
24582,h2d,1229600,double,153700
24583,d2h,2048,double,256
24584,h2d,1229600,double,153700
24585,h2d,1229600,double,153700
24586,h2d,1229600,double,153700
24587,h2d,1229600,double,153700
24588,h2d,1229600,double,153700
24589,h2d,1229600,double,153700
24590,h2d,1229600,double,153700
24591,h2d,1229600,double,153700
24592,h2d,1229600,double,153700
24593,h2d,1229600,double,153700
24594,h2d,1229600,double,153700
24595,h2d,1229600,double,153700
24596,h2d,1229600,double,153700
24597,h2d,1229600,double,153700
24598,h2d,1229600,double,153700
24599,h2d,1229600,double,153700
24600,h2d,1229600,double,153700
24601,h2d,1229600,double,153700
24602,h2d,1229600,double,153700
24603,h2d,1229600,double,153700
24604,h2d,1229600,double,153700
24605,h2d,1229600,double,153700
24606,h2d,1229600,double,153700
24607,h2d,1229600,double,153700
24608,d2h,2048,double,256
24609,h2d,1229600,double,153700
24610,h2d,1229600,double,153700
24611,h2d,1229600,double,153700
24612,h2d,1229600,double,153700
24613,h2d,1229600,double,153700
24614,h2d,1229600,double,153700
24615,h2d,1229600,double,153700
24616,h2d,1229600,double,153700
24617,h2d,1229600,double,153700
24618,h2d,1229600,double,153700
24619,h2d,1229600,double,153700
24620,h2d,1229600,double,153700
24621,h2d,1229600,double,153700
24622,h2d,1229600,double,153700
24623,h2d,1229600,double,153700
24624,h2d,1229600,double,153700
24625,h2d,1229600,double,153700
24626,h2d,1229600,double,153700
24627,h2d,1229600,double,153700
24628,h2d,1229600,double,153700
24629,h2d,1229600,double,153700
24630,h2d,1229600,double,153700
24631,h2d,1229600,double,153700
24632,h2d,1229600,double,153700
24633,d2h,2048,double,256
24634,h2d,1229600,double,153700
24635,h2d,1229600,double,153700
24636,h2d,1229600,double,153700
24637,h2d,1229600,double,153700
24638,h2d,1229600,double,153700
24639,h2d,1229600,double,153700
24640,h2d,1229600,double,153700
24641,h2d,1229600,double,153700
24642,h2d,1229600,double,153700
24643,h2d,1229600,double,153700
24644,h2d,1229600,double,153700
24645,h2d,1229600,double,153700
24646,h2d,1229600,double,153700
24647,h2d,1229600,double,153700
24648,h2d,1229600,double,153700
24649,h2d,1229600,double,153700
24650,h2d,1229600,double,153700
24651,h2d,1229600,double,153700
24652,h2d,1229600,double,153700
24653,h2d,1229600,double,153700
24654,h2d,1229600,double,153700
24655,h2d,1229600,double,153700
24656,h2d,1229600,double,153700
24657,h2d,1229600,double,153700
24658,d2h,2048,double,256
24659,h2d,1229600,double,153700
24660,h2d,1229600,double,153700
24661,h2d,1229600,double,153700
24662,h2d,1229600,double,153700
24663,h2d,1229600,double,153700
24664,h2d,1229600,double,153700
24665,h2d,1229600,double,153700
24666,h2d,1229600,double,153700
24667,h2d,1229600,double,153700
24668,h2d,1229600,double,153700
24669,h2d,1229600,double,153700
24670,h2d,1229600,double,153700
24671,h2d,1229600,double,153700
24672,h2d,1229600,double,153700
24673,h2d,1229600,double,153700
24674,h2d,1229600,double,153700
24675,h2d,1229600,double,153700
24676,h2d,1229600,double,153700
24677,h2d,1229600,double,153700
24678,h2d,1229600,double,153700
24679,h2d,1229600,double,153700
24680,h2d,1229600,double,153700
24681,h2d,1229600,double,153700
24682,h2d,1229600,double,153700
24683,d2h,2048,double,256
24684,h2d,1229600,double,153700
24685,h2d,1229600,double,153700
24686,h2d,1229600,double,153700
24687,h2d,1229600,double,153700
24688,h2d,1229600,double,153700
24689,h2d,1229600,double,153700
24690,h2d,1229600,double,153700
24691,h2d,1229600,double,153700
24692,h2d,1229600,double,153700
24693,h2d,1229600,double,153700
24694,h2d,1229600,double,153700
24695,h2d,1229600,double,153700
24696,h2d,1229600,double,153700
24697,h2d,1229600,double,153700
24698,h2d,1229600,double,153700
24699,h2d,1229600,double,153700
24700,h2d,1229600,double,153700
24701,h2d,1229600,double,153700
24702,h2d,1229600,double,153700
24703,h2d,1229600,double,153700
24704,h2d,1229600,double,153700
24705,h2d,1229600,double,153700
24706,h2d,1229600,double,153700
24707,h2d,1229600,double,153700
24708,d2h,2048,double,256
24709,h2d,1229600,double,153700
24710,h2d,1229600,double,153700
24711,h2d,1229600,double,153700
24712,h2d,1229600,double,153700
24713,h2d,1229600,double,153700
24714,h2d,1229600,double,153700
24715,h2d,1229600,double,153700
24716,h2d,1229600,double,153700
24717,h2d,1229600,double,153700
24718,h2d,1229600,double,153700
24719,h2d,1229600,double,153700
24720,h2d,1229600,double,153700
24721,h2d,1229600,double,153700
24722,h2d,1229600,double,153700
24723,h2d,1229600,double,153700
24724,h2d,1229600,double,153700
24725,h2d,1229600,double,153700
24726,h2d,1229600,double,153700
24727,h2d,1229600,double,153700
24728,h2d,1229600,double,153700
24729,h2d,1229600,double,153700
24730,h2d,1229600,double,153700
24731,h2d,1229600,double,153700
24732,h2d,1229600,double,153700
24733,d2h,2048,double,256
24734,h2d,1229600,double,153700
24735,h2d,1229600,double,153700
24736,h2d,1229600,double,153700
24737,h2d,1229600,double,153700
24738,h2d,1229600,double,153700
24739,h2d,1229600,double,153700
24740,h2d,1229600,double,153700
24741,h2d,1229600,double,153700
24742,h2d,1229600,double,153700
24743,h2d,1229600,double,153700
24744,h2d,1229600,double,153700
24745,h2d,1229600,double,153700
24746,h2d,1229600,double,153700
24747,h2d,1229600,double,153700
24748,h2d,1229600,double,153700
24749,h2d,1229600,double,153700
24750,d2h,2048,double,256
24751,d2h,2048,double,256
24752,d2h,2048,double,256
24753,d2h,2048,double,256
24754,d2h,2048,double,256
24755,h2d,1229600,double,153700
24756,h2d,1229600,double,153700
24757,h2d,1229600,double,153700
24758,h2d,1229600,double,153700
24759,h2d,1229600,double,153700
24760,h2d,1229600,double,153700
24761,h2d,1229600,double,153700
24762,h2d,1229600,double,153700
24763,d2h,2048,double,256
24764,h2d,1229600,double,153700
24765,h2d,1229600,double,153700
24766,h2d,1229600,double,153700
24767,h2d,1229600,double,153700
24768,h2d,1229600,double,153700
24769,h2d,1229600,double,153700
24770,h2d,1229600,double,153700
24771,h2d,1229600,double,153700
24772,h2d,1229600,double,153700
24773,h2d,1229600,double,153700
24774,h2d,1229600,double,153700
24775,h2d,1229600,double,153700
24776,h2d,1229600,double,153700
24777,h2d,1229600,double,153700
24778,h2d,1229600,double,153700
24779,h2d,1229600,double,153700
24780,h2d,1229600,double,153700
24781,h2d,1229600,double,153700
24782,h2d,1229600,double,153700
24783,h2d,1229600,double,153700
24784,h2d,1229600,double,153700
24785,h2d,1229600,double,153700
24786,h2d,1229600,double,153700
24787,h2d,1229600,double,153700
24788,d2h,2048,double,256
24789,h2d,1229600,double,153700
24790,h2d,1229600,double,153700
24791,h2d,1229600,double,153700
24792,h2d,1229600,double,153700
24793,h2d,1229600,double,153700
24794,h2d,1229600,double,153700
24795,h2d,1229600,double,153700
24796,h2d,1229600,double,153700
24797,h2d,1229600,double,153700
24798,h2d,1229600,double,153700
24799,h2d,1229600,double,153700
24800,h2d,1229600,double,153700
24801,h2d,1229600,double,153700
24802,h2d,1229600,double,153700
24803,h2d,1229600,double,153700
24804,h2d,1229600,double,153700
24805,h2d,1229600,double,153700
24806,h2d,1229600,double,153700
24807,h2d,1229600,double,153700
24808,h2d,1229600,double,153700
24809,h2d,1229600,double,153700
24810,h2d,1229600,double,153700
24811,h2d,1229600,double,153700
24812,h2d,1229600,double,153700
24813,d2h,2048,double,256
24814,h2d,1229600,double,153700
24815,h2d,1229600,double,153700
24816,h2d,1229600,double,153700
24817,h2d,1229600,double,153700
24818,h2d,1229600,double,153700
24819,h2d,1229600,double,153700
24820,h2d,1229600,double,153700
24821,h2d,1229600,double,153700
24822,h2d,1229600,double,153700
24823,h2d,1229600,double,153700
24824,h2d,1229600,double,153700
24825,h2d,1229600,double,153700
24826,h2d,1229600,double,153700
24827,h2d,1229600,double,153700
24828,h2d,1229600,double,153700
24829,h2d,1229600,double,153700
24830,h2d,1229600,double,153700
24831,h2d,1229600,double,153700
24832,h2d,1229600,double,153700
24833,h2d,1229600,double,153700
24834,h2d,1229600,double,153700
24835,h2d,1229600,double,153700
24836,h2d,1229600,double,153700
24837,h2d,1229600,double,153700
24838,d2h,2048,double,256
24839,h2d,1229600,double,153700
24840,h2d,1229600,double,153700
24841,h2d,1229600,double,153700
24842,h2d,1229600,double,153700
24843,h2d,1229600,double,153700
24844,h2d,1229600,double,153700
24845,h2d,1229600,double,153700
24846,h2d,1229600,double,153700
24847,h2d,1229600,double,153700
24848,h2d,1229600,double,153700
24849,h2d,1229600,double,153700
24850,h2d,1229600,double,153700
24851,h2d,1229600,double,153700
24852,h2d,1229600,double,153700
24853,h2d,1229600,double,153700
24854,h2d,1229600,double,153700
24855,h2d,1229600,double,153700
24856,h2d,1229600,double,153700
24857,h2d,1229600,double,153700
24858,h2d,1229600,double,153700
24859,h2d,1229600,double,153700
24860,h2d,1229600,double,153700
24861,h2d,1229600,double,153700
24862,h2d,1229600,double,153700
24863,d2h,2048,double,256
24864,h2d,1229600,double,153700
24865,h2d,1229600,double,153700
24866,h2d,1229600,double,153700
24867,h2d,1229600,double,153700
24868,h2d,1229600,double,153700
24869,h2d,1229600,double,153700
24870,h2d,1229600,double,153700
24871,h2d,1229600,double,153700
24872,h2d,1229600,double,153700
24873,h2d,1229600,double,153700
24874,h2d,1229600,double,153700
24875,h2d,1229600,double,153700
24876,h2d,1229600,double,153700
24877,h2d,1229600,double,153700
24878,h2d,1229600,double,153700
24879,h2d,1229600,double,153700
24880,h2d,1229600,double,153700
24881,h2d,1229600,double,153700
24882,h2d,1229600,double,153700
24883,h2d,1229600,double,153700
24884,h2d,1229600,double,153700
24885,h2d,1229600,double,153700
24886,h2d,1229600,double,153700
24887,h2d,1229600,double,153700
24888,d2h,2048,double,256
24889,h2d,1229600,double,153700
24890,h2d,1229600,double,153700
24891,h2d,1229600,double,153700
24892,h2d,1229600,double,153700
24893,h2d,1229600,double,153700
24894,h2d,1229600,double,153700
24895,h2d,1229600,double,153700
24896,h2d,1229600,double,153700
24897,h2d,1229600,double,153700
24898,h2d,1229600,double,153700
24899,h2d,1229600,double,153700
24900,h2d,1229600,double,153700
24901,h2d,1229600,double,153700
24902,h2d,1229600,double,153700
24903,h2d,1229600,double,153700
24904,h2d,1229600,double,153700
24905,h2d,1229600,double,153700
24906,h2d,1229600,double,153700
24907,h2d,1229600,double,153700
24908,h2d,1229600,double,153700
24909,h2d,1229600,double,153700
24910,h2d,1229600,double,153700
24911,h2d,1229600,double,153700
24912,h2d,1229600,double,153700
24913,d2h,2048,double,256
24914,h2d,1229600,double,153700
24915,h2d,1229600,double,153700
24916,h2d,1229600,double,153700
24917,h2d,1229600,double,153700
24918,h2d,1229600,double,153700
24919,h2d,1229600,double,153700
24920,h2d,1229600,double,153700
24921,h2d,1229600,double,153700
24922,h2d,1229600,double,153700
24923,h2d,1229600,double,153700
24924,h2d,1229600,double,153700
24925,h2d,1229600,double,153700
24926,h2d,1229600,double,153700
24927,h2d,1229600,double,153700
24928,h2d,1229600,double,153700
24929,h2d,1229600,double,153700
24930,h2d,1229600,double,153700
24931,h2d,1229600,double,153700
24932,h2d,1229600,double,153700
24933,h2d,1229600,double,153700
24934,h2d,1229600,double,153700
24935,h2d,1229600,double,153700
24936,h2d,1229600,double,153700
24937,h2d,1229600,double,153700
24938,d2h,2048,double,256
24939,h2d,1229600,double,153700
24940,h2d,1229600,double,153700
24941,h2d,1229600,double,153700
24942,h2d,1229600,double,153700
24943,h2d,1229600,double,153700
24944,h2d,1229600,double,153700
24945,h2d,1229600,double,153700
24946,h2d,1229600,double,153700
24947,h2d,1229600,double,153700
24948,h2d,1229600,double,153700
24949,h2d,1229600,double,153700
24950,h2d,1229600,double,153700
24951,h2d,1229600,double,153700
24952,h2d,1229600,double,153700
24953,h2d,1229600,double,153700
24954,h2d,1229600,double,153700
24955,h2d,1229600,double,153700
24956,h2d,1229600,double,153700
24957,h2d,1229600,double,153700
24958,h2d,1229600,double,153700
24959,h2d,1229600,double,153700
24960,h2d,1229600,double,153700
24961,h2d,1229600,double,153700
24962,h2d,1229600,double,153700
24963,d2h,2048,double,256
24964,h2d,1229600,double,153700
24965,h2d,1229600,double,153700
24966,h2d,1229600,double,153700
24967,h2d,1229600,double,153700
24968,h2d,1229600,double,153700
24969,h2d,1229600,double,153700
24970,h2d,1229600,double,153700
24971,h2d,1229600,double,153700
24972,h2d,1229600,double,153700
24973,h2d,1229600,double,153700
24974,h2d,1229600,double,153700
24975,h2d,1229600,double,153700
24976,h2d,1229600,double,153700
24977,h2d,1229600,double,153700
24978,h2d,1229600,double,153700
24979,h2d,1229600,double,153700
24980,h2d,1229600,double,153700
24981,h2d,1229600,double,153700
24982,h2d,1229600,double,153700
24983,h2d,1229600,double,153700
24984,h2d,1229600,double,153700
24985,h2d,1229600,double,153700
24986,h2d,1229600,double,153700
24987,h2d,1229600,double,153700
24988,d2h,2048,double,256
24989,h2d,1229600,double,153700
24990,h2d,1229600,double,153700
24991,h2d,1229600,double,153700
24992,h2d,1229600,double,153700
24993,h2d,1229600,double,153700
24994,h2d,1229600,double,153700
24995,h2d,1229600,double,153700
24996,h2d,1229600,double,153700
24997,h2d,1229600,double,153700
24998,h2d,1229600,double,153700
24999,h2d,1229600,double,153700
25000,h2d,1229600,double,153700
25001,h2d,1229600,double,153700
25002,h2d,1229600,double,153700
25003,h2d,1229600,double,153700
25004,h2d,1229600,double,153700
25005,d2h,2048,double,256
25006,d2h,2048,double,256
25007,d2h,2048,double,256
25008,d2h,2048,double,256
25009,d2h,2048,double,256
25010,h2d,1229600,double,153700
25011,h2d,1229600,double,153700
25012,h2d,1229600,double,153700
25013,h2d,1229600,double,153700
25014,h2d,1229600,double,153700
25015,h2d,1229600,double,153700
25016,h2d,1229600,double,153700
25017,h2d,1229600,double,153700
25018,d2h,2048,double,256
25019,h2d,1229600,double,153700
25020,h2d,1229600,double,153700
25021,h2d,1229600,double,153700
25022,h2d,1229600,double,153700
25023,h2d,1229600,double,153700
25024,h2d,1229600,double,153700
25025,h2d,1229600,double,153700
25026,h2d,1229600,double,153700
25027,h2d,1229600,double,153700
25028,h2d,1229600,double,153700
25029,h2d,1229600,double,153700
25030,h2d,1229600,double,153700
25031,h2d,1229600,double,153700
25032,h2d,1229600,double,153700
25033,h2d,1229600,double,153700
25034,h2d,1229600,double,153700
25035,h2d,1229600,double,153700
25036,h2d,1229600,double,153700
25037,h2d,1229600,double,153700
25038,h2d,1229600,double,153700
25039,h2d,1229600,double,153700
25040,h2d,1229600,double,153700
25041,h2d,1229600,double,153700
25042,h2d,1229600,double,153700
25043,d2h,2048,double,256
25044,h2d,1229600,double,153700
25045,h2d,1229600,double,153700
25046,h2d,1229600,double,153700
25047,h2d,1229600,double,153700
25048,h2d,1229600,double,153700
25049,h2d,1229600,double,153700
25050,h2d,1229600,double,153700
25051,h2d,1229600,double,153700
25052,h2d,1229600,double,153700
25053,h2d,1229600,double,153700
25054,h2d,1229600,double,153700
25055,h2d,1229600,double,153700
25056,h2d,1229600,double,153700
25057,h2d,1229600,double,153700
25058,h2d,1229600,double,153700
25059,h2d,1229600,double,153700
25060,h2d,1229600,double,153700
25061,h2d,1229600,double,153700
25062,h2d,1229600,double,153700
25063,h2d,1229600,double,153700
25064,h2d,1229600,double,153700
25065,h2d,1229600,double,153700
25066,h2d,1229600,double,153700
25067,h2d,1229600,double,153700
25068,d2h,2048,double,256
25069,h2d,1229600,double,153700
25070,h2d,1229600,double,153700
25071,h2d,1229600,double,153700
25072,h2d,1229600,double,153700
25073,h2d,1229600,double,153700
25074,h2d,1229600,double,153700
25075,h2d,1229600,double,153700
25076,h2d,1229600,double,153700
25077,h2d,1229600,double,153700
25078,h2d,1229600,double,153700
25079,h2d,1229600,double,153700
25080,h2d,1229600,double,153700
25081,h2d,1229600,double,153700
25082,h2d,1229600,double,153700
25083,h2d,1229600,double,153700
25084,h2d,1229600,double,153700
25085,h2d,1229600,double,153700
25086,h2d,1229600,double,153700
25087,h2d,1229600,double,153700
25088,h2d,1229600,double,153700
25089,h2d,1229600,double,153700
25090,h2d,1229600,double,153700
25091,h2d,1229600,double,153700
25092,h2d,1229600,double,153700
25093,d2h,2048,double,256
25094,h2d,1229600,double,153700
25095,h2d,1229600,double,153700
25096,h2d,1229600,double,153700
25097,h2d,1229600,double,153700
25098,h2d,1229600,double,153700
25099,h2d,1229600,double,153700
25100,h2d,1229600,double,153700
25101,h2d,1229600,double,153700
25102,h2d,1229600,double,153700
25103,h2d,1229600,double,153700
25104,h2d,1229600,double,153700
25105,h2d,1229600,double,153700
25106,h2d,1229600,double,153700
25107,h2d,1229600,double,153700
25108,h2d,1229600,double,153700
25109,h2d,1229600,double,153700
25110,h2d,1229600,double,153700
25111,h2d,1229600,double,153700
25112,h2d,1229600,double,153700
25113,h2d,1229600,double,153700
25114,h2d,1229600,double,153700
25115,h2d,1229600,double,153700
25116,h2d,1229600,double,153700
25117,h2d,1229600,double,153700
25118,d2h,2048,double,256
25119,h2d,1229600,double,153700
25120,h2d,1229600,double,153700
25121,h2d,1229600,double,153700
25122,h2d,1229600,double,153700
25123,h2d,1229600,double,153700
25124,h2d,1229600,double,153700
25125,h2d,1229600,double,153700
25126,h2d,1229600,double,153700
25127,h2d,1229600,double,153700
25128,h2d,1229600,double,153700
25129,h2d,1229600,double,153700
25130,h2d,1229600,double,153700
25131,h2d,1229600,double,153700
25132,h2d,1229600,double,153700
25133,h2d,1229600,double,153700
25134,h2d,1229600,double,153700
25135,h2d,1229600,double,153700
25136,h2d,1229600,double,153700
25137,h2d,1229600,double,153700
25138,h2d,1229600,double,153700
25139,h2d,1229600,double,153700
25140,h2d,1229600,double,153700
25141,h2d,1229600,double,153700
25142,h2d,1229600,double,153700
25143,d2h,2048,double,256
25144,h2d,1229600,double,153700
25145,h2d,1229600,double,153700
25146,h2d,1229600,double,153700
25147,h2d,1229600,double,153700
25148,h2d,1229600,double,153700
25149,h2d,1229600,double,153700
25150,h2d,1229600,double,153700
25151,h2d,1229600,double,153700
25152,h2d,1229600,double,153700
25153,h2d,1229600,double,153700
25154,h2d,1229600,double,153700
25155,h2d,1229600,double,153700
25156,h2d,1229600,double,153700
25157,h2d,1229600,double,153700
25158,h2d,1229600,double,153700
25159,h2d,1229600,double,153700
25160,h2d,1229600,double,153700
25161,h2d,1229600,double,153700
25162,h2d,1229600,double,153700
25163,h2d,1229600,double,153700
25164,h2d,1229600,double,153700
25165,h2d,1229600,double,153700
25166,h2d,1229600,double,153700
25167,h2d,1229600,double,153700
25168,d2h,2048,double,256
25169,h2d,1229600,double,153700
25170,h2d,1229600,double,153700
25171,h2d,1229600,double,153700
25172,h2d,1229600,double,153700
25173,h2d,1229600,double,153700
25174,h2d,1229600,double,153700
25175,h2d,1229600,double,153700
25176,h2d,1229600,double,153700
25177,h2d,1229600,double,153700
25178,h2d,1229600,double,153700
25179,h2d,1229600,double,153700
25180,h2d,1229600,double,153700
25181,h2d,1229600,double,153700
25182,h2d,1229600,double,153700
25183,h2d,1229600,double,153700
25184,h2d,1229600,double,153700
25185,h2d,1229600,double,153700
25186,h2d,1229600,double,153700
25187,h2d,1229600,double,153700
25188,h2d,1229600,double,153700
25189,h2d,1229600,double,153700
25190,h2d,1229600,double,153700
25191,h2d,1229600,double,153700
25192,h2d,1229600,double,153700
25193,d2h,2048,double,256
25194,h2d,1229600,double,153700
25195,h2d,1229600,double,153700
25196,h2d,1229600,double,153700
25197,h2d,1229600,double,153700
25198,h2d,1229600,double,153700
25199,h2d,1229600,double,153700
25200,h2d,1229600,double,153700
25201,h2d,1229600,double,153700
25202,h2d,1229600,double,153700
25203,h2d,1229600,double,153700
25204,h2d,1229600,double,153700
25205,h2d,1229600,double,153700
25206,h2d,1229600,double,153700
25207,h2d,1229600,double,153700
25208,h2d,1229600,double,153700
25209,h2d,1229600,double,153700
25210,h2d,1229600,double,153700
25211,h2d,1229600,double,153700
25212,h2d,1229600,double,153700
25213,h2d,1229600,double,153700
25214,h2d,1229600,double,153700
25215,h2d,1229600,double,153700
25216,h2d,1229600,double,153700
25217,h2d,1229600,double,153700
25218,d2h,2048,double,256
25219,h2d,1229600,double,153700
25220,h2d,1229600,double,153700
25221,h2d,1229600,double,153700
25222,h2d,1229600,double,153700
25223,h2d,1229600,double,153700
25224,h2d,1229600,double,153700
25225,h2d,1229600,double,153700
25226,h2d,1229600,double,153700
25227,h2d,1229600,double,153700
25228,h2d,1229600,double,153700
25229,h2d,1229600,double,153700
25230,h2d,1229600,double,153700
25231,h2d,1229600,double,153700
25232,h2d,1229600,double,153700
25233,h2d,1229600,double,153700
25234,h2d,1229600,double,153700
25235,h2d,1229600,double,153700
25236,h2d,1229600,double,153700
25237,h2d,1229600,double,153700
25238,h2d,1229600,double,153700
25239,h2d,1229600,double,153700
25240,h2d,1229600,double,153700
25241,h2d,1229600,double,153700
25242,h2d,1229600,double,153700
25243,d2h,2048,double,256
25244,h2d,1229600,double,153700
25245,h2d,1229600,double,153700
25246,h2d,1229600,double,153700
25247,h2d,1229600,double,153700
25248,h2d,1229600,double,153700
25249,h2d,1229600,double,153700
25250,h2d,1229600,double,153700
25251,h2d,1229600,double,153700
25252,h2d,1229600,double,153700
25253,h2d,1229600,double,153700
25254,h2d,1229600,double,153700
25255,h2d,1229600,double,153700
25256,h2d,1229600,double,153700
25257,h2d,1229600,double,153700
25258,h2d,1229600,double,153700
25259,h2d,1229600,double,153700
25260,d2h,2048,double,256
25261,d2h,2048,double,256
25262,d2h,2048,double,256
25263,d2h,2048,double,256
25264,d2h,2048,double,256
25265,h2d,1229600,double,153700
25266,h2d,1229600,double,153700
25267,h2d,1229600,double,153700
25268,h2d,1229600,double,153700
25269,h2d,1229600,double,153700
25270,h2d,1229600,double,153700
25271,h2d,1229600,double,153700
25272,h2d,1229600,double,153700
25273,d2h,2048,double,256
25274,h2d,1229600,double,153700
25275,h2d,1229600,double,153700
25276,h2d,1229600,double,153700
25277,h2d,1229600,double,153700
25278,h2d,1229600,double,153700
25279,h2d,1229600,double,153700
25280,h2d,1229600,double,153700
25281,h2d,1229600,double,153700
25282,h2d,1229600,double,153700
25283,h2d,1229600,double,153700
25284,h2d,1229600,double,153700
25285,h2d,1229600,double,153700
25286,h2d,1229600,double,153700
25287,h2d,1229600,double,153700
25288,h2d,1229600,double,153700
25289,h2d,1229600,double,153700
25290,h2d,1229600,double,153700
25291,h2d,1229600,double,153700
25292,h2d,1229600,double,153700
25293,h2d,1229600,double,153700
25294,h2d,1229600,double,153700
25295,h2d,1229600,double,153700
25296,h2d,1229600,double,153700
25297,h2d,1229600,double,153700
25298,d2h,2048,double,256
25299,h2d,1229600,double,153700
25300,h2d,1229600,double,153700
25301,h2d,1229600,double,153700
25302,h2d,1229600,double,153700
25303,h2d,1229600,double,153700
25304,h2d,1229600,double,153700
25305,h2d,1229600,double,153700
25306,h2d,1229600,double,153700
25307,h2d,1229600,double,153700
25308,h2d,1229600,double,153700
25309,h2d,1229600,double,153700
25310,h2d,1229600,double,153700
25311,h2d,1229600,double,153700
25312,h2d,1229600,double,153700
25313,h2d,1229600,double,153700
25314,h2d,1229600,double,153700
25315,h2d,1229600,double,153700
25316,h2d,1229600,double,153700
25317,h2d,1229600,double,153700
25318,h2d,1229600,double,153700
25319,h2d,1229600,double,153700
25320,h2d,1229600,double,153700
25321,h2d,1229600,double,153700
25322,h2d,1229600,double,153700
25323,d2h,2048,double,256
25324,h2d,1229600,double,153700
25325,h2d,1229600,double,153700
25326,h2d,1229600,double,153700
25327,h2d,1229600,double,153700
25328,h2d,1229600,double,153700
25329,h2d,1229600,double,153700
25330,h2d,1229600,double,153700
25331,h2d,1229600,double,153700
25332,h2d,1229600,double,153700
25333,h2d,1229600,double,153700
25334,h2d,1229600,double,153700
25335,h2d,1229600,double,153700
25336,h2d,1229600,double,153700
25337,h2d,1229600,double,153700
25338,h2d,1229600,double,153700
25339,h2d,1229600,double,153700
25340,h2d,1229600,double,153700
25341,h2d,1229600,double,153700
25342,h2d,1229600,double,153700
25343,h2d,1229600,double,153700
25344,h2d,1229600,double,153700
25345,h2d,1229600,double,153700
25346,h2d,1229600,double,153700
25347,h2d,1229600,double,153700
25348,d2h,2048,double,256
25349,h2d,1229600,double,153700
25350,h2d,1229600,double,153700
25351,h2d,1229600,double,153700
25352,h2d,1229600,double,153700
25353,h2d,1229600,double,153700
25354,h2d,1229600,double,153700
25355,h2d,1229600,double,153700
25356,h2d,1229600,double,153700
25357,h2d,1229600,double,153700
25358,h2d,1229600,double,153700
25359,h2d,1229600,double,153700
25360,h2d,1229600,double,153700
25361,h2d,1229600,double,153700
25362,h2d,1229600,double,153700
25363,h2d,1229600,double,153700
25364,h2d,1229600,double,153700
25365,h2d,1229600,double,153700
25366,h2d,1229600,double,153700
25367,h2d,1229600,double,153700
25368,h2d,1229600,double,153700
25369,h2d,1229600,double,153700
25370,h2d,1229600,double,153700
25371,h2d,1229600,double,153700
25372,h2d,1229600,double,153700
25373,d2h,2048,double,256
25374,h2d,1229600,double,153700
25375,h2d,1229600,double,153700
25376,h2d,1229600,double,153700
25377,h2d,1229600,double,153700
25378,h2d,1229600,double,153700
25379,h2d,1229600,double,153700
25380,h2d,1229600,double,153700
25381,h2d,1229600,double,153700
25382,h2d,1229600,double,153700
25383,h2d,1229600,double,153700
25384,h2d,1229600,double,153700
25385,h2d,1229600,double,153700
25386,h2d,1229600,double,153700
25387,h2d,1229600,double,153700
25388,h2d,1229600,double,153700
25389,h2d,1229600,double,153700
25390,h2d,1229600,double,153700
25391,h2d,1229600,double,153700
25392,h2d,1229600,double,153700
25393,h2d,1229600,double,153700
25394,h2d,1229600,double,153700
25395,h2d,1229600,double,153700
25396,h2d,1229600,double,153700
25397,h2d,1229600,double,153700
25398,d2h,2048,double,256
25399,h2d,1229600,double,153700
25400,h2d,1229600,double,153700
25401,h2d,1229600,double,153700
25402,h2d,1229600,double,153700
25403,h2d,1229600,double,153700
25404,h2d,1229600,double,153700
25405,h2d,1229600,double,153700
25406,h2d,1229600,double,153700
25407,h2d,1229600,double,153700
25408,h2d,1229600,double,153700
25409,h2d,1229600,double,153700
25410,h2d,1229600,double,153700
25411,h2d,1229600,double,153700
25412,h2d,1229600,double,153700
25413,h2d,1229600,double,153700
25414,h2d,1229600,double,153700
25415,h2d,1229600,double,153700
25416,h2d,1229600,double,153700
25417,h2d,1229600,double,153700
25418,h2d,1229600,double,153700
25419,h2d,1229600,double,153700
25420,h2d,1229600,double,153700
25421,h2d,1229600,double,153700
25422,h2d,1229600,double,153700
25423,d2h,2048,double,256
25424,h2d,1229600,double,153700
25425,h2d,1229600,double,153700
25426,h2d,1229600,double,153700
25427,h2d,1229600,double,153700
25428,h2d,1229600,double,153700
25429,h2d,1229600,double,153700
25430,h2d,1229600,double,153700
25431,h2d,1229600,double,153700
25432,h2d,1229600,double,153700
25433,h2d,1229600,double,153700
25434,h2d,1229600,double,153700
25435,h2d,1229600,double,153700
25436,h2d,1229600,double,153700
25437,h2d,1229600,double,153700
25438,h2d,1229600,double,153700
25439,h2d,1229600,double,153700
25440,h2d,1229600,double,153700
25441,h2d,1229600,double,153700
25442,h2d,1229600,double,153700
25443,h2d,1229600,double,153700
25444,h2d,1229600,double,153700
25445,h2d,1229600,double,153700
25446,h2d,1229600,double,153700
25447,h2d,1229600,double,153700
25448,d2h,2048,double,256
25449,h2d,1229600,double,153700
25450,h2d,1229600,double,153700
25451,h2d,1229600,double,153700
25452,h2d,1229600,double,153700
25453,h2d,1229600,double,153700
25454,h2d,1229600,double,153700
25455,h2d,1229600,double,153700
25456,h2d,1229600,double,153700
25457,h2d,1229600,double,153700
25458,h2d,1229600,double,153700
25459,h2d,1229600,double,153700
25460,h2d,1229600,double,153700
25461,h2d,1229600,double,153700
25462,h2d,1229600,double,153700
25463,h2d,1229600,double,153700
25464,h2d,1229600,double,153700
25465,h2d,1229600,double,153700
25466,h2d,1229600,double,153700
25467,h2d,1229600,double,153700
25468,h2d,1229600,double,153700
25469,h2d,1229600,double,153700
25470,h2d,1229600,double,153700
25471,h2d,1229600,double,153700
25472,h2d,1229600,double,153700
25473,d2h,2048,double,256
25474,h2d,1229600,double,153700
25475,h2d,1229600,double,153700
25476,h2d,1229600,double,153700
25477,h2d,1229600,double,153700
25478,h2d,1229600,double,153700
25479,h2d,1229600,double,153700
25480,h2d,1229600,double,153700
25481,h2d,1229600,double,153700
25482,h2d,1229600,double,153700
25483,h2d,1229600,double,153700
25484,h2d,1229600,double,153700
25485,h2d,1229600,double,153700
25486,h2d,1229600,double,153700
25487,h2d,1229600,double,153700
25488,h2d,1229600,double,153700
25489,h2d,1229600,double,153700
25490,h2d,1229600,double,153700
25491,h2d,1229600,double,153700
25492,h2d,1229600,double,153700
25493,h2d,1229600,double,153700
25494,h2d,1229600,double,153700
25495,h2d,1229600,double,153700
25496,h2d,1229600,double,153700
25497,h2d,1229600,double,153700
25498,d2h,2048,double,256
25499,h2d,1229600,double,153700
25500,h2d,1229600,double,153700
25501,h2d,1229600,double,153700
25502,h2d,1229600,double,153700
25503,h2d,1229600,double,153700
25504,h2d,1229600,double,153700
25505,h2d,1229600,double,153700
25506,h2d,1229600,double,153700
25507,h2d,1229600,double,153700
25508,h2d,1229600,double,153700
25509,h2d,1229600,double,153700
25510,h2d,1229600,double,153700
25511,h2d,1229600,double,153700
25512,h2d,1229600,double,153700
25513,h2d,1229600,double,153700
25514,h2d,1229600,double,153700
25515,d2h,2048,double,256
25516,d2h,2048,double,256
25517,d2h,2048,double,256
25518,d2h,2048,double,256
25519,d2h,2048,double,256
25520,h2d,1229600,double,153700
25521,h2d,1229600,double,153700
25522,h2d,1229600,double,153700
25523,h2d,1229600,double,153700
25524,h2d,1229600,double,153700
25525,h2d,1229600,double,153700
25526,h2d,1229600,double,153700
25527,h2d,1229600,double,153700
25528,d2h,2048,double,256
25529,h2d,1229600,double,153700
25530,h2d,1229600,double,153700
25531,h2d,1229600,double,153700
25532,h2d,1229600,double,153700
25533,h2d,1229600,double,153700
25534,h2d,1229600,double,153700
25535,h2d,1229600,double,153700
25536,h2d,1229600,double,153700
25537,h2d,1229600,double,153700
25538,h2d,1229600,double,153700
25539,h2d,1229600,double,153700
25540,h2d,1229600,double,153700
25541,h2d,1229600,double,153700
25542,h2d,1229600,double,153700
25543,h2d,1229600,double,153700
25544,h2d,1229600,double,153700
25545,h2d,1229600,double,153700
25546,h2d,1229600,double,153700
25547,h2d,1229600,double,153700
25548,h2d,1229600,double,153700
25549,h2d,1229600,double,153700
25550,h2d,1229600,double,153700
25551,h2d,1229600,double,153700
25552,h2d,1229600,double,153700
25553,d2h,2048,double,256
25554,h2d,1229600,double,153700
25555,h2d,1229600,double,153700
25556,h2d,1229600,double,153700
25557,h2d,1229600,double,153700
25558,h2d,1229600,double,153700
25559,h2d,1229600,double,153700
25560,h2d,1229600,double,153700
25561,h2d,1229600,double,153700
25562,h2d,1229600,double,153700
25563,h2d,1229600,double,153700
25564,h2d,1229600,double,153700
25565,h2d,1229600,double,153700
25566,h2d,1229600,double,153700
25567,h2d,1229600,double,153700
25568,h2d,1229600,double,153700
25569,h2d,1229600,double,153700
25570,h2d,1229600,double,153700
25571,h2d,1229600,double,153700
25572,h2d,1229600,double,153700
25573,h2d,1229600,double,153700
25574,h2d,1229600,double,153700
25575,h2d,1229600,double,153700
25576,h2d,1229600,double,153700
25577,h2d,1229600,double,153700
25578,d2h,2048,double,256
25579,h2d,1229600,double,153700
25580,h2d,1229600,double,153700
25581,h2d,1229600,double,153700
25582,h2d,1229600,double,153700
25583,h2d,1229600,double,153700
25584,h2d,1229600,double,153700
25585,h2d,1229600,double,153700
25586,h2d,1229600,double,153700
25587,h2d,1229600,double,153700
25588,h2d,1229600,double,153700
25589,h2d,1229600,double,153700
25590,h2d,1229600,double,153700
25591,h2d,1229600,double,153700
25592,h2d,1229600,double,153700
25593,h2d,1229600,double,153700
25594,h2d,1229600,double,153700
25595,h2d,1229600,double,153700
25596,h2d,1229600,double,153700
25597,h2d,1229600,double,153700
25598,h2d,1229600,double,153700
25599,h2d,1229600,double,153700
25600,h2d,1229600,double,153700
25601,h2d,1229600,double,153700
25602,h2d,1229600,double,153700
25603,d2h,2048,double,256
25604,h2d,1229600,double,153700
25605,h2d,1229600,double,153700
25606,h2d,1229600,double,153700
25607,h2d,1229600,double,153700
25608,h2d,1229600,double,153700
25609,h2d,1229600,double,153700
25610,h2d,1229600,double,153700
25611,h2d,1229600,double,153700
25612,h2d,1229600,double,153700
25613,h2d,1229600,double,153700
25614,h2d,1229600,double,153700
25615,h2d,1229600,double,153700
25616,h2d,1229600,double,153700
25617,h2d,1229600,double,153700
25618,h2d,1229600,double,153700
25619,h2d,1229600,double,153700
25620,h2d,1229600,double,153700
25621,h2d,1229600,double,153700
25622,h2d,1229600,double,153700
25623,h2d,1229600,double,153700
25624,h2d,1229600,double,153700
25625,h2d,1229600,double,153700
25626,h2d,1229600,double,153700
25627,h2d,1229600,double,153700
25628,d2h,2048,double,256
25629,h2d,1229600,double,153700
25630,h2d,1229600,double,153700
25631,h2d,1229600,double,153700
25632,h2d,1229600,double,153700
25633,h2d,1229600,double,153700
25634,h2d,1229600,double,153700
25635,h2d,1229600,double,153700
25636,h2d,1229600,double,153700
25637,h2d,1229600,double,153700
25638,h2d,1229600,double,153700
25639,h2d,1229600,double,153700
25640,h2d,1229600,double,153700
25641,h2d,1229600,double,153700
25642,h2d,1229600,double,153700
25643,h2d,1229600,double,153700
25644,h2d,1229600,double,153700
25645,h2d,1229600,double,153700
25646,h2d,1229600,double,153700
25647,h2d,1229600,double,153700
25648,h2d,1229600,double,153700
25649,h2d,1229600,double,153700
25650,h2d,1229600,double,153700
25651,h2d,1229600,double,153700
25652,h2d,1229600,double,153700
25653,d2h,2048,double,256
25654,h2d,1229600,double,153700
25655,h2d,1229600,double,153700
25656,h2d,1229600,double,153700
25657,h2d,1229600,double,153700
25658,h2d,1229600,double,153700
25659,h2d,1229600,double,153700
25660,h2d,1229600,double,153700
25661,h2d,1229600,double,153700
25662,h2d,1229600,double,153700
25663,h2d,1229600,double,153700
25664,h2d,1229600,double,153700
25665,h2d,1229600,double,153700
25666,h2d,1229600,double,153700
25667,h2d,1229600,double,153700
25668,h2d,1229600,double,153700
25669,h2d,1229600,double,153700
25670,h2d,1229600,double,153700
25671,h2d,1229600,double,153700
25672,h2d,1229600,double,153700
25673,h2d,1229600,double,153700
25674,h2d,1229600,double,153700
25675,h2d,1229600,double,153700
25676,h2d,1229600,double,153700
25677,h2d,1229600,double,153700
25678,d2h,2048,double,256
25679,h2d,1229600,double,153700
25680,h2d,1229600,double,153700
25681,h2d,1229600,double,153700
25682,h2d,1229600,double,153700
25683,h2d,1229600,double,153700
25684,h2d,1229600,double,153700
25685,h2d,1229600,double,153700
25686,h2d,1229600,double,153700
25687,h2d,1229600,double,153700
25688,h2d,1229600,double,153700
25689,h2d,1229600,double,153700
25690,h2d,1229600,double,153700
25691,h2d,1229600,double,153700
25692,h2d,1229600,double,153700
25693,h2d,1229600,double,153700
25694,h2d,1229600,double,153700
25695,h2d,1229600,double,153700
25696,h2d,1229600,double,153700
25697,h2d,1229600,double,153700
25698,h2d,1229600,double,153700
25699,h2d,1229600,double,153700
25700,h2d,1229600,double,153700
25701,h2d,1229600,double,153700
25702,h2d,1229600,double,153700
25703,d2h,2048,double,256
25704,h2d,1229600,double,153700
25705,h2d,1229600,double,153700
25706,h2d,1229600,double,153700
25707,h2d,1229600,double,153700
25708,h2d,1229600,double,153700
25709,h2d,1229600,double,153700
25710,h2d,1229600,double,153700
25711,h2d,1229600,double,153700
25712,h2d,1229600,double,153700
25713,h2d,1229600,double,153700
25714,h2d,1229600,double,153700
25715,h2d,1229600,double,153700
25716,h2d,1229600,double,153700
25717,h2d,1229600,double,153700
25718,h2d,1229600,double,153700
25719,h2d,1229600,double,153700
25720,h2d,1229600,double,153700
25721,h2d,1229600,double,153700
25722,h2d,1229600,double,153700
25723,h2d,1229600,double,153700
25724,h2d,1229600,double,153700
25725,h2d,1229600,double,153700
25726,h2d,1229600,double,153700
25727,h2d,1229600,double,153700
25728,d2h,2048,double,256
25729,h2d,1229600,double,153700
25730,h2d,1229600,double,153700
25731,h2d,1229600,double,153700
25732,h2d,1229600,double,153700
25733,h2d,1229600,double,153700
25734,h2d,1229600,double,153700
25735,h2d,1229600,double,153700
25736,h2d,1229600,double,153700
25737,h2d,1229600,double,153700
25738,h2d,1229600,double,153700
25739,h2d,1229600,double,153700
25740,h2d,1229600,double,153700
25741,h2d,1229600,double,153700
25742,h2d,1229600,double,153700
25743,h2d,1229600,double,153700
25744,h2d,1229600,double,153700
25745,h2d,1229600,double,153700
25746,h2d,1229600,double,153700
25747,h2d,1229600,double,153700
25748,h2d,1229600,double,153700
25749,h2d,1229600,double,153700
25750,h2d,1229600,double,153700
25751,h2d,1229600,double,153700
25752,h2d,1229600,double,153700
25753,d2h,2048,double,256
25754,h2d,1229600,double,153700
25755,h2d,1229600,double,153700
25756,h2d,1229600,double,153700
25757,h2d,1229600,double,153700
25758,h2d,1229600,double,153700
25759,h2d,1229600,double,153700
25760,h2d,1229600,double,153700
25761,h2d,1229600,double,153700
25762,h2d,1229600,double,153700
25763,h2d,1229600,double,153700
25764,h2d,1229600,double,153700
25765,h2d,1229600,double,153700
25766,h2d,1229600,double,153700
25767,h2d,1229600,double,153700
25768,h2d,1229600,double,153700
25769,h2d,1229600,double,153700
25770,d2h,2048,double,256
25771,d2h,2048,double,256
25772,d2h,2048,double,256
25773,d2h,2048,double,256
25774,d2h,2048,double,256
25775,h2d,1229600,double,153700
25776,h2d,1229600,double,153700
25777,h2d,1229600,double,153700
25778,h2d,1229600,double,153700
25779,h2d,1229600,double,153700
25780,h2d,1229600,double,153700
25781,h2d,1229600,double,153700
25782,h2d,1229600,double,153700
25783,d2h,2048,double,256
25784,h2d,1229600,double,153700
25785,h2d,1229600,double,153700
25786,h2d,1229600,double,153700
25787,h2d,1229600,double,153700
25788,h2d,1229600,double,153700
25789,h2d,1229600,double,153700
25790,h2d,1229600,double,153700
25791,h2d,1229600,double,153700
25792,h2d,1229600,double,153700
25793,h2d,1229600,double,153700
25794,h2d,1229600,double,153700
25795,h2d,1229600,double,153700
25796,h2d,1229600,double,153700
25797,h2d,1229600,double,153700
25798,h2d,1229600,double,153700
25799,h2d,1229600,double,153700
25800,h2d,1229600,double,153700
25801,h2d,1229600,double,153700
25802,h2d,1229600,double,153700
25803,h2d,1229600,double,153700
25804,h2d,1229600,double,153700
25805,h2d,1229600,double,153700
25806,h2d,1229600,double,153700
25807,h2d,1229600,double,153700
25808,d2h,2048,double,256
25809,h2d,1229600,double,153700
25810,h2d,1229600,double,153700
25811,h2d,1229600,double,153700
25812,h2d,1229600,double,153700
25813,h2d,1229600,double,153700
25814,h2d,1229600,double,153700
25815,h2d,1229600,double,153700
25816,h2d,1229600,double,153700
25817,h2d,1229600,double,153700
25818,h2d,1229600,double,153700
25819,h2d,1229600,double,153700
25820,h2d,1229600,double,153700
25821,h2d,1229600,double,153700
25822,h2d,1229600,double,153700
25823,h2d,1229600,double,153700
25824,h2d,1229600,double,153700
25825,h2d,1229600,double,153700
25826,h2d,1229600,double,153700
25827,h2d,1229600,double,153700
25828,h2d,1229600,double,153700
25829,h2d,1229600,double,153700
25830,h2d,1229600,double,153700
25831,h2d,1229600,double,153700
25832,h2d,1229600,double,153700
25833,d2h,2048,double,256
25834,h2d,1229600,double,153700
25835,h2d,1229600,double,153700
25836,h2d,1229600,double,153700
25837,h2d,1229600,double,153700
25838,h2d,1229600,double,153700
25839,h2d,1229600,double,153700
25840,h2d,1229600,double,153700
25841,h2d,1229600,double,153700
25842,h2d,1229600,double,153700
25843,h2d,1229600,double,153700
25844,h2d,1229600,double,153700
25845,h2d,1229600,double,153700
25846,h2d,1229600,double,153700
25847,h2d,1229600,double,153700
25848,h2d,1229600,double,153700
25849,h2d,1229600,double,153700
25850,h2d,1229600,double,153700
25851,h2d,1229600,double,153700
25852,h2d,1229600,double,153700
25853,h2d,1229600,double,153700
25854,h2d,1229600,double,153700
25855,h2d,1229600,double,153700
25856,h2d,1229600,double,153700
25857,h2d,1229600,double,153700
25858,d2h,2048,double,256
25859,h2d,1229600,double,153700
25860,h2d,1229600,double,153700
25861,h2d,1229600,double,153700
25862,h2d,1229600,double,153700
25863,h2d,1229600,double,153700
25864,h2d,1229600,double,153700
25865,h2d,1229600,double,153700
25866,h2d,1229600,double,153700
25867,h2d,1229600,double,153700
25868,h2d,1229600,double,153700
25869,h2d,1229600,double,153700
25870,h2d,1229600,double,153700
25871,h2d,1229600,double,153700
25872,h2d,1229600,double,153700
25873,h2d,1229600,double,153700
25874,h2d,1229600,double,153700
25875,h2d,1229600,double,153700
25876,h2d,1229600,double,153700
25877,h2d,1229600,double,153700
25878,h2d,1229600,double,153700
25879,h2d,1229600,double,153700
25880,h2d,1229600,double,153700
25881,h2d,1229600,double,153700
25882,h2d,1229600,double,153700
25883,d2h,2048,double,256
25884,h2d,1229600,double,153700
25885,h2d,1229600,double,153700
25886,h2d,1229600,double,153700
25887,h2d,1229600,double,153700
25888,h2d,1229600,double,153700
25889,h2d,1229600,double,153700
25890,h2d,1229600,double,153700
25891,h2d,1229600,double,153700
25892,h2d,1229600,double,153700
25893,h2d,1229600,double,153700
25894,h2d,1229600,double,153700
25895,h2d,1229600,double,153700
25896,h2d,1229600,double,153700
25897,h2d,1229600,double,153700
25898,h2d,1229600,double,153700
25899,h2d,1229600,double,153700
25900,h2d,1229600,double,153700
25901,h2d,1229600,double,153700
25902,h2d,1229600,double,153700
25903,h2d,1229600,double,153700
25904,h2d,1229600,double,153700
25905,h2d,1229600,double,153700
25906,h2d,1229600,double,153700
25907,h2d,1229600,double,153700
25908,d2h,2048,double,256
25909,h2d,1229600,double,153700
25910,h2d,1229600,double,153700
25911,h2d,1229600,double,153700
25912,h2d,1229600,double,153700
25913,h2d,1229600,double,153700
25914,h2d,1229600,double,153700
25915,h2d,1229600,double,153700
25916,h2d,1229600,double,153700
25917,h2d,1229600,double,153700
25918,h2d,1229600,double,153700
25919,h2d,1229600,double,153700
25920,h2d,1229600,double,153700
25921,h2d,1229600,double,153700
25922,h2d,1229600,double,153700
25923,h2d,1229600,double,153700
25924,h2d,1229600,double,153700
25925,h2d,1229600,double,153700
25926,h2d,1229600,double,153700
25927,h2d,1229600,double,153700
25928,h2d,1229600,double,153700
25929,h2d,1229600,double,153700
25930,h2d,1229600,double,153700
25931,h2d,1229600,double,153700
25932,h2d,1229600,double,153700
25933,d2h,2048,double,256
25934,h2d,1229600,double,153700
25935,h2d,1229600,double,153700
25936,h2d,1229600,double,153700
25937,h2d,1229600,double,153700
25938,h2d,1229600,double,153700
25939,h2d,1229600,double,153700
25940,h2d,1229600,double,153700
25941,h2d,1229600,double,153700
25942,h2d,1229600,double,153700
25943,h2d,1229600,double,153700
25944,h2d,1229600,double,153700
25945,h2d,1229600,double,153700
25946,h2d,1229600,double,153700
25947,h2d,1229600,double,153700
25948,h2d,1229600,double,153700
25949,h2d,1229600,double,153700
25950,h2d,1229600,double,153700
25951,h2d,1229600,double,153700
25952,h2d,1229600,double,153700
25953,h2d,1229600,double,153700
25954,h2d,1229600,double,153700
25955,h2d,1229600,double,153700
25956,h2d,1229600,double,153700
25957,h2d,1229600,double,153700
25958,d2h,2048,double,256
25959,h2d,1229600,double,153700
25960,h2d,1229600,double,153700
25961,h2d,1229600,double,153700
25962,h2d,1229600,double,153700
25963,h2d,1229600,double,153700
25964,h2d,1229600,double,153700
25965,h2d,1229600,double,153700
25966,h2d,1229600,double,153700
25967,h2d,1229600,double,153700
25968,h2d,1229600,double,153700
25969,h2d,1229600,double,153700
25970,h2d,1229600,double,153700
25971,h2d,1229600,double,153700
25972,h2d,1229600,double,153700
25973,h2d,1229600,double,153700
25974,h2d,1229600,double,153700
25975,h2d,1229600,double,153700
25976,h2d,1229600,double,153700
25977,h2d,1229600,double,153700
25978,h2d,1229600,double,153700
25979,h2d,1229600,double,153700
25980,h2d,1229600,double,153700
25981,h2d,1229600,double,153700
25982,h2d,1229600,double,153700
25983,d2h,2048,double,256
25984,h2d,1229600,double,153700
25985,h2d,1229600,double,153700
25986,h2d,1229600,double,153700
25987,h2d,1229600,double,153700
25988,h2d,1229600,double,153700
25989,h2d,1229600,double,153700
25990,h2d,1229600,double,153700
25991,h2d,1229600,double,153700
25992,h2d,1229600,double,153700
25993,h2d,1229600,double,153700
25994,h2d,1229600,double,153700
25995,h2d,1229600,double,153700
25996,h2d,1229600,double,153700
25997,h2d,1229600,double,153700
25998,h2d,1229600,double,153700
25999,h2d,1229600,double,153700
26000,h2d,1229600,double,153700
26001,h2d,1229600,double,153700
26002,h2d,1229600,double,153700
26003,h2d,1229600,double,153700
26004,h2d,1229600,double,153700
26005,h2d,1229600,double,153700
26006,h2d,1229600,double,153700
26007,h2d,1229600,double,153700
26008,d2h,2048,double,256
26009,h2d,1229600,double,153700
26010,h2d,1229600,double,153700
26011,h2d,1229600,double,153700
26012,h2d,1229600,double,153700
26013,h2d,1229600,double,153700
26014,h2d,1229600,double,153700
26015,h2d,1229600,double,153700
26016,h2d,1229600,double,153700
26017,h2d,1229600,double,153700
26018,h2d,1229600,double,153700
26019,h2d,1229600,double,153700
26020,h2d,1229600,double,153700
26021,h2d,1229600,double,153700
26022,h2d,1229600,double,153700
26023,h2d,1229600,double,153700
26024,h2d,1229600,double,153700
26025,d2h,2048,double,256
26026,d2h,2048,double,256
26027,d2h,2048,double,256
26028,d2h,2048,double,256
26029,d2h,2048,double,256
26030,h2d,1229600,double,153700
26031,h2d,1229600,double,153700
26032,h2d,1229600,double,153700
26033,h2d,1229600,double,153700
26034,h2d,1229600,double,153700
26035,h2d,1229600,double,153700
26036,h2d,1229600,double,153700
26037,h2d,1229600,double,153700
26038,d2h,2048,double,256
26039,h2d,1229600,double,153700
26040,h2d,1229600,double,153700
26041,h2d,1229600,double,153700
26042,h2d,1229600,double,153700
26043,h2d,1229600,double,153700
26044,h2d,1229600,double,153700
26045,h2d,1229600,double,153700
26046,h2d,1229600,double,153700
26047,h2d,1229600,double,153700
26048,h2d,1229600,double,153700
26049,h2d,1229600,double,153700
26050,h2d,1229600,double,153700
26051,h2d,1229600,double,153700
26052,h2d,1229600,double,153700
26053,h2d,1229600,double,153700
26054,h2d,1229600,double,153700
26055,h2d,1229600,double,153700
26056,h2d,1229600,double,153700
26057,h2d,1229600,double,153700
26058,h2d,1229600,double,153700
26059,h2d,1229600,double,153700
26060,h2d,1229600,double,153700
26061,h2d,1229600,double,153700
26062,h2d,1229600,double,153700
26063,d2h,2048,double,256
26064,h2d,1229600,double,153700
26065,h2d,1229600,double,153700
26066,h2d,1229600,double,153700
26067,h2d,1229600,double,153700
26068,h2d,1229600,double,153700
26069,h2d,1229600,double,153700
26070,h2d,1229600,double,153700
26071,h2d,1229600,double,153700
26072,h2d,1229600,double,153700
26073,h2d,1229600,double,153700
26074,h2d,1229600,double,153700
26075,h2d,1229600,double,153700
26076,h2d,1229600,double,153700
26077,h2d,1229600,double,153700
26078,h2d,1229600,double,153700
26079,h2d,1229600,double,153700
26080,h2d,1229600,double,153700
26081,h2d,1229600,double,153700
26082,h2d,1229600,double,153700
26083,h2d,1229600,double,153700
26084,h2d,1229600,double,153700
26085,h2d,1229600,double,153700
26086,h2d,1229600,double,153700
26087,h2d,1229600,double,153700
26088,d2h,2048,double,256
26089,h2d,1229600,double,153700
26090,h2d,1229600,double,153700
26091,h2d,1229600,double,153700
26092,h2d,1229600,double,153700
26093,h2d,1229600,double,153700
26094,h2d,1229600,double,153700
26095,h2d,1229600,double,153700
26096,h2d,1229600,double,153700
26097,h2d,1229600,double,153700
26098,h2d,1229600,double,153700
26099,h2d,1229600,double,153700
26100,h2d,1229600,double,153700
26101,h2d,1229600,double,153700
26102,h2d,1229600,double,153700
26103,h2d,1229600,double,153700
26104,h2d,1229600,double,153700
26105,h2d,1229600,double,153700
26106,h2d,1229600,double,153700
26107,h2d,1229600,double,153700
26108,h2d,1229600,double,153700
26109,h2d,1229600,double,153700
26110,h2d,1229600,double,153700
26111,h2d,1229600,double,153700
26112,h2d,1229600,double,153700
26113,d2h,2048,double,256
26114,h2d,1229600,double,153700
26115,h2d,1229600,double,153700
26116,h2d,1229600,double,153700
26117,h2d,1229600,double,153700
26118,h2d,1229600,double,153700
26119,h2d,1229600,double,153700
26120,h2d,1229600,double,153700
26121,h2d,1229600,double,153700
26122,h2d,1229600,double,153700
26123,h2d,1229600,double,153700
26124,h2d,1229600,double,153700
26125,h2d,1229600,double,153700
26126,h2d,1229600,double,153700
26127,h2d,1229600,double,153700
26128,h2d,1229600,double,153700
26129,h2d,1229600,double,153700
26130,h2d,1229600,double,153700
26131,h2d,1229600,double,153700
26132,h2d,1229600,double,153700
26133,h2d,1229600,double,153700
26134,h2d,1229600,double,153700
26135,h2d,1229600,double,153700
26136,h2d,1229600,double,153700
26137,h2d,1229600,double,153700
26138,d2h,2048,double,256
26139,h2d,1229600,double,153700
26140,h2d,1229600,double,153700
26141,h2d,1229600,double,153700
26142,h2d,1229600,double,153700
26143,h2d,1229600,double,153700
26144,h2d,1229600,double,153700
26145,h2d,1229600,double,153700
26146,h2d,1229600,double,153700
26147,h2d,1229600,double,153700
26148,h2d,1229600,double,153700
26149,h2d,1229600,double,153700
26150,h2d,1229600,double,153700
26151,h2d,1229600,double,153700
26152,h2d,1229600,double,153700
26153,h2d,1229600,double,153700
26154,h2d,1229600,double,153700
26155,h2d,1229600,double,153700
26156,h2d,1229600,double,153700
26157,h2d,1229600,double,153700
26158,h2d,1229600,double,153700
26159,h2d,1229600,double,153700
26160,h2d,1229600,double,153700
26161,h2d,1229600,double,153700
26162,h2d,1229600,double,153700
26163,d2h,2048,double,256
26164,h2d,1229600,double,153700
26165,h2d,1229600,double,153700
26166,h2d,1229600,double,153700
26167,h2d,1229600,double,153700
26168,h2d,1229600,double,153700
26169,h2d,1229600,double,153700
26170,h2d,1229600,double,153700
26171,h2d,1229600,double,153700
26172,h2d,1229600,double,153700
26173,h2d,1229600,double,153700
26174,h2d,1229600,double,153700
26175,h2d,1229600,double,153700
26176,h2d,1229600,double,153700
26177,h2d,1229600,double,153700
26178,h2d,1229600,double,153700
26179,h2d,1229600,double,153700
26180,h2d,1229600,double,153700
26181,h2d,1229600,double,153700
26182,h2d,1229600,double,153700
26183,h2d,1229600,double,153700
26184,h2d,1229600,double,153700
26185,h2d,1229600,double,153700
26186,h2d,1229600,double,153700
26187,h2d,1229600,double,153700
26188,d2h,2048,double,256
26189,h2d,1229600,double,153700
26190,h2d,1229600,double,153700
26191,h2d,1229600,double,153700
26192,h2d,1229600,double,153700
26193,h2d,1229600,double,153700
26194,h2d,1229600,double,153700
26195,h2d,1229600,double,153700
26196,h2d,1229600,double,153700
26197,h2d,1229600,double,153700
26198,h2d,1229600,double,153700
26199,h2d,1229600,double,153700
26200,h2d,1229600,double,153700
26201,h2d,1229600,double,153700
26202,h2d,1229600,double,153700
26203,h2d,1229600,double,153700
26204,h2d,1229600,double,153700
26205,h2d,1229600,double,153700
26206,h2d,1229600,double,153700
26207,h2d,1229600,double,153700
26208,h2d,1229600,double,153700
26209,h2d,1229600,double,153700
26210,h2d,1229600,double,153700
26211,h2d,1229600,double,153700
26212,h2d,1229600,double,153700
26213,d2h,2048,double,256
26214,h2d,1229600,double,153700
26215,h2d,1229600,double,153700
26216,h2d,1229600,double,153700
26217,h2d,1229600,double,153700
26218,h2d,1229600,double,153700
26219,h2d,1229600,double,153700
26220,h2d,1229600,double,153700
26221,h2d,1229600,double,153700
26222,h2d,1229600,double,153700
26223,h2d,1229600,double,153700
26224,h2d,1229600,double,153700
26225,h2d,1229600,double,153700
26226,h2d,1229600,double,153700
26227,h2d,1229600,double,153700
26228,h2d,1229600,double,153700
26229,h2d,1229600,double,153700
26230,h2d,1229600,double,153700
26231,h2d,1229600,double,153700
26232,h2d,1229600,double,153700
26233,h2d,1229600,double,153700
26234,h2d,1229600,double,153700
26235,h2d,1229600,double,153700
26236,h2d,1229600,double,153700
26237,h2d,1229600,double,153700
26238,d2h,2048,double,256
26239,h2d,1229600,double,153700
26240,h2d,1229600,double,153700
26241,h2d,1229600,double,153700
26242,h2d,1229600,double,153700
26243,h2d,1229600,double,153700
26244,h2d,1229600,double,153700
26245,h2d,1229600,double,153700
26246,h2d,1229600,double,153700
26247,h2d,1229600,double,153700
26248,h2d,1229600,double,153700
26249,h2d,1229600,double,153700
26250,h2d,1229600,double,153700
26251,h2d,1229600,double,153700
26252,h2d,1229600,double,153700
26253,h2d,1229600,double,153700
26254,h2d,1229600,double,153700
26255,h2d,1229600,double,153700
26256,h2d,1229600,double,153700
26257,h2d,1229600,double,153700
26258,h2d,1229600,double,153700
26259,h2d,1229600,double,153700
26260,h2d,1229600,double,153700
26261,h2d,1229600,double,153700
26262,h2d,1229600,double,153700
26263,d2h,2048,double,256
26264,h2d,1229600,double,153700
26265,h2d,1229600,double,153700
26266,h2d,1229600,double,153700
26267,h2d,1229600,double,153700
26268,h2d,1229600,double,153700
26269,h2d,1229600,double,153700
26270,h2d,1229600,double,153700
26271,h2d,1229600,double,153700
26272,h2d,1229600,double,153700
26273,h2d,1229600,double,153700
26274,h2d,1229600,double,153700
26275,h2d,1229600,double,153700
26276,h2d,1229600,double,153700
26277,h2d,1229600,double,153700
26278,h2d,1229600,double,153700
26279,h2d,1229600,double,153700
26280,d2h,2048,double,256
26281,d2h,2048,double,256
26282,d2h,2048,double,256
26283,d2h,2048,double,256
26284,d2h,2048,double,256
26285,h2d,1229600,double,153700
26286,h2d,1229600,double,153700
26287,h2d,1229600,double,153700
26288,h2d,1229600,double,153700
26289,h2d,1229600,double,153700
26290,h2d,1229600,double,153700
26291,h2d,1229600,double,153700
26292,h2d,1229600,double,153700
26293,d2h,2048,double,256
26294,h2d,1229600,double,153700
26295,h2d,1229600,double,153700
26296,h2d,1229600,double,153700
26297,h2d,1229600,double,153700
26298,h2d,1229600,double,153700
26299,h2d,1229600,double,153700
26300,h2d,1229600,double,153700
26301,h2d,1229600,double,153700
26302,h2d,1229600,double,153700
26303,h2d,1229600,double,153700
26304,h2d,1229600,double,153700
26305,h2d,1229600,double,153700
26306,h2d,1229600,double,153700
26307,h2d,1229600,double,153700
26308,h2d,1229600,double,153700
26309,h2d,1229600,double,153700
26310,h2d,1229600,double,153700
26311,h2d,1229600,double,153700
26312,h2d,1229600,double,153700
26313,h2d,1229600,double,153700
26314,h2d,1229600,double,153700
26315,h2d,1229600,double,153700
26316,h2d,1229600,double,153700
26317,h2d,1229600,double,153700
26318,d2h,2048,double,256
26319,h2d,1229600,double,153700
26320,h2d,1229600,double,153700
26321,h2d,1229600,double,153700
26322,h2d,1229600,double,153700
26323,h2d,1229600,double,153700
26324,h2d,1229600,double,153700
26325,h2d,1229600,double,153700
26326,h2d,1229600,double,153700
26327,h2d,1229600,double,153700
26328,h2d,1229600,double,153700
26329,h2d,1229600,double,153700
26330,h2d,1229600,double,153700
26331,h2d,1229600,double,153700
26332,h2d,1229600,double,153700
26333,h2d,1229600,double,153700
26334,h2d,1229600,double,153700
26335,h2d,1229600,double,153700
26336,h2d,1229600,double,153700
26337,h2d,1229600,double,153700
26338,h2d,1229600,double,153700
26339,h2d,1229600,double,153700
26340,h2d,1229600,double,153700
26341,h2d,1229600,double,153700
26342,h2d,1229600,double,153700
26343,d2h,2048,double,256
26344,h2d,1229600,double,153700
26345,h2d,1229600,double,153700
26346,h2d,1229600,double,153700
26347,h2d,1229600,double,153700
26348,h2d,1229600,double,153700
26349,h2d,1229600,double,153700
26350,h2d,1229600,double,153700
26351,h2d,1229600,double,153700
26352,h2d,1229600,double,153700
26353,h2d,1229600,double,153700
26354,h2d,1229600,double,153700
26355,h2d,1229600,double,153700
26356,h2d,1229600,double,153700
26357,h2d,1229600,double,153700
26358,h2d,1229600,double,153700
26359,h2d,1229600,double,153700
26360,h2d,1229600,double,153700
26361,h2d,1229600,double,153700
26362,h2d,1229600,double,153700
26363,h2d,1229600,double,153700
26364,h2d,1229600,double,153700
26365,h2d,1229600,double,153700
26366,h2d,1229600,double,153700
26367,h2d,1229600,double,153700
26368,d2h,2048,double,256
26369,h2d,1229600,double,153700
26370,h2d,1229600,double,153700
26371,h2d,1229600,double,153700
26372,h2d,1229600,double,153700
26373,h2d,1229600,double,153700
26374,h2d,1229600,double,153700
26375,h2d,1229600,double,153700
26376,h2d,1229600,double,153700
26377,h2d,1229600,double,153700
26378,h2d,1229600,double,153700
26379,h2d,1229600,double,153700
26380,h2d,1229600,double,153700
26381,h2d,1229600,double,153700
26382,h2d,1229600,double,153700
26383,h2d,1229600,double,153700
26384,h2d,1229600,double,153700
26385,h2d,1229600,double,153700
26386,h2d,1229600,double,153700
26387,h2d,1229600,double,153700
26388,h2d,1229600,double,153700
26389,h2d,1229600,double,153700
26390,h2d,1229600,double,153700
26391,h2d,1229600,double,153700
26392,h2d,1229600,double,153700
26393,d2h,2048,double,256
26394,h2d,1229600,double,153700
26395,h2d,1229600,double,153700
26396,h2d,1229600,double,153700
26397,h2d,1229600,double,153700
26398,h2d,1229600,double,153700
26399,h2d,1229600,double,153700
26400,h2d,1229600,double,153700
26401,h2d,1229600,double,153700
26402,h2d,1229600,double,153700
26403,h2d,1229600,double,153700
26404,h2d,1229600,double,153700
26405,h2d,1229600,double,153700
26406,h2d,1229600,double,153700
26407,h2d,1229600,double,153700
26408,h2d,1229600,double,153700
26409,h2d,1229600,double,153700
26410,h2d,1229600,double,153700
26411,h2d,1229600,double,153700
26412,h2d,1229600,double,153700
26413,h2d,1229600,double,153700
26414,h2d,1229600,double,153700
26415,h2d,1229600,double,153700
26416,h2d,1229600,double,153700
26417,h2d,1229600,double,153700
26418,d2h,2048,double,256
26419,h2d,1229600,double,153700
26420,h2d,1229600,double,153700
26421,h2d,1229600,double,153700
26422,h2d,1229600,double,153700
26423,h2d,1229600,double,153700
26424,h2d,1229600,double,153700
26425,h2d,1229600,double,153700
26426,h2d,1229600,double,153700
26427,h2d,1229600,double,153700
26428,h2d,1229600,double,153700
26429,h2d,1229600,double,153700
26430,h2d,1229600,double,153700
26431,h2d,1229600,double,153700
26432,h2d,1229600,double,153700
26433,h2d,1229600,double,153700
26434,h2d,1229600,double,153700
26435,h2d,1229600,double,153700
26436,h2d,1229600,double,153700
26437,h2d,1229600,double,153700
26438,h2d,1229600,double,153700
26439,h2d,1229600,double,153700
26440,h2d,1229600,double,153700
26441,h2d,1229600,double,153700
26442,h2d,1229600,double,153700
26443,d2h,2048,double,256
26444,h2d,1229600,double,153700
26445,h2d,1229600,double,153700
26446,h2d,1229600,double,153700
26447,h2d,1229600,double,153700
26448,h2d,1229600,double,153700
26449,h2d,1229600,double,153700
26450,h2d,1229600,double,153700
26451,h2d,1229600,double,153700
26452,h2d,1229600,double,153700
26453,h2d,1229600,double,153700
26454,h2d,1229600,double,153700
26455,h2d,1229600,double,153700
26456,h2d,1229600,double,153700
26457,h2d,1229600,double,153700
26458,h2d,1229600,double,153700
26459,h2d,1229600,double,153700
26460,h2d,1229600,double,153700
26461,h2d,1229600,double,153700
26462,h2d,1229600,double,153700
26463,h2d,1229600,double,153700
26464,h2d,1229600,double,153700
26465,h2d,1229600,double,153700
26466,h2d,1229600,double,153700
26467,h2d,1229600,double,153700
26468,d2h,2048,double,256
26469,h2d,1229600,double,153700
26470,h2d,1229600,double,153700
26471,h2d,1229600,double,153700
26472,h2d,1229600,double,153700
26473,h2d,1229600,double,153700
26474,h2d,1229600,double,153700
26475,h2d,1229600,double,153700
26476,h2d,1229600,double,153700
26477,h2d,1229600,double,153700
26478,h2d,1229600,double,153700
26479,h2d,1229600,double,153700
26480,h2d,1229600,double,153700
26481,h2d,1229600,double,153700
26482,h2d,1229600,double,153700
26483,h2d,1229600,double,153700
26484,h2d,1229600,double,153700
26485,h2d,1229600,double,153700
26486,h2d,1229600,double,153700
26487,h2d,1229600,double,153700
26488,h2d,1229600,double,153700
26489,h2d,1229600,double,153700
26490,h2d,1229600,double,153700
26491,h2d,1229600,double,153700
26492,h2d,1229600,double,153700
26493,d2h,2048,double,256
26494,h2d,1229600,double,153700
26495,h2d,1229600,double,153700
26496,h2d,1229600,double,153700
26497,h2d,1229600,double,153700
26498,h2d,1229600,double,153700
26499,h2d,1229600,double,153700
26500,h2d,1229600,double,153700
26501,h2d,1229600,double,153700
26502,h2d,1229600,double,153700
26503,h2d,1229600,double,153700
26504,h2d,1229600,double,153700
26505,h2d,1229600,double,153700
26506,h2d,1229600,double,153700
26507,h2d,1229600,double,153700
26508,h2d,1229600,double,153700
26509,h2d,1229600,double,153700
26510,h2d,1229600,double,153700
26511,h2d,1229600,double,153700
26512,h2d,1229600,double,153700
26513,h2d,1229600,double,153700
26514,h2d,1229600,double,153700
26515,h2d,1229600,double,153700
26516,h2d,1229600,double,153700
26517,h2d,1229600,double,153700
26518,d2h,2048,double,256
26519,h2d,1229600,double,153700
26520,h2d,1229600,double,153700
26521,h2d,1229600,double,153700
26522,h2d,1229600,double,153700
26523,h2d,1229600,double,153700
26524,h2d,1229600,double,153700
26525,h2d,1229600,double,153700
26526,h2d,1229600,double,153700
26527,h2d,1229600,double,153700
26528,h2d,1229600,double,153700
26529,h2d,1229600,double,153700
26530,h2d,1229600,double,153700
26531,h2d,1229600,double,153700
26532,h2d,1229600,double,153700
26533,h2d,1229600,double,153700
26534,h2d,1229600,double,153700
26535,d2h,2048,double,256
26536,d2h,2048,double,256
26537,d2h,2048,double,256
26538,d2h,2048,double,256
26539,d2h,2048,double,256
26540,h2d,1229600,double,153700
26541,h2d,1229600,double,153700
26542,h2d,1229600,double,153700
26543,h2d,1229600,double,153700
26544,h2d,1229600,double,153700
26545,h2d,1229600,double,153700
26546,h2d,1229600,double,153700
26547,h2d,1229600,double,153700
26548,d2h,2048,double,256
26549,h2d,1229600,double,153700
26550,h2d,1229600,double,153700
26551,h2d,1229600,double,153700
26552,h2d,1229600,double,153700
26553,h2d,1229600,double,153700
26554,h2d,1229600,double,153700
26555,h2d,1229600,double,153700
26556,h2d,1229600,double,153700
26557,h2d,1229600,double,153700
26558,h2d,1229600,double,153700
26559,h2d,1229600,double,153700
26560,h2d,1229600,double,153700
26561,h2d,1229600,double,153700
26562,h2d,1229600,double,153700
26563,h2d,1229600,double,153700
26564,h2d,1229600,double,153700
26565,h2d,1229600,double,153700
26566,h2d,1229600,double,153700
26567,h2d,1229600,double,153700
26568,h2d,1229600,double,153700
26569,h2d,1229600,double,153700
26570,h2d,1229600,double,153700
26571,h2d,1229600,double,153700
26572,h2d,1229600,double,153700
26573,d2h,2048,double,256
26574,h2d,1229600,double,153700
26575,h2d,1229600,double,153700
26576,h2d,1229600,double,153700
26577,h2d,1229600,double,153700
26578,h2d,1229600,double,153700
26579,h2d,1229600,double,153700
26580,h2d,1229600,double,153700
26581,h2d,1229600,double,153700
26582,h2d,1229600,double,153700
26583,h2d,1229600,double,153700
26584,h2d,1229600,double,153700
26585,h2d,1229600,double,153700
26586,h2d,1229600,double,153700
26587,h2d,1229600,double,153700
26588,h2d,1229600,double,153700
26589,h2d,1229600,double,153700
26590,h2d,1229600,double,153700
26591,h2d,1229600,double,153700
26592,h2d,1229600,double,153700
26593,h2d,1229600,double,153700
26594,h2d,1229600,double,153700
26595,h2d,1229600,double,153700
26596,h2d,1229600,double,153700
26597,h2d,1229600,double,153700
26598,d2h,2048,double,256
26599,h2d,1229600,double,153700
26600,h2d,1229600,double,153700
26601,h2d,1229600,double,153700
26602,h2d,1229600,double,153700
26603,h2d,1229600,double,153700
26604,h2d,1229600,double,153700
26605,h2d,1229600,double,153700
26606,h2d,1229600,double,153700
26607,h2d,1229600,double,153700
26608,h2d,1229600,double,153700
26609,h2d,1229600,double,153700
26610,h2d,1229600,double,153700
26611,h2d,1229600,double,153700
26612,h2d,1229600,double,153700
26613,h2d,1229600,double,153700
26614,h2d,1229600,double,153700
26615,h2d,1229600,double,153700
26616,h2d,1229600,double,153700
26617,h2d,1229600,double,153700
26618,h2d,1229600,double,153700
26619,h2d,1229600,double,153700
26620,h2d,1229600,double,153700
26621,h2d,1229600,double,153700
26622,h2d,1229600,double,153700
26623,d2h,2048,double,256
26624,h2d,1229600,double,153700
26625,h2d,1229600,double,153700
26626,h2d,1229600,double,153700
26627,h2d,1229600,double,153700
26628,h2d,1229600,double,153700
26629,h2d,1229600,double,153700
26630,h2d,1229600,double,153700
26631,h2d,1229600,double,153700
26632,h2d,1229600,double,153700
26633,h2d,1229600,double,153700
26634,h2d,1229600,double,153700
26635,h2d,1229600,double,153700
26636,h2d,1229600,double,153700
26637,h2d,1229600,double,153700
26638,h2d,1229600,double,153700
26639,h2d,1229600,double,153700
26640,d2h,2048,double,256
26641,d2h,2048,double,256
26642,d2h,2048,double,256
26643,d2h,2048,double,256
26644,d2h,2048,double,256
